feature,tfidf_value,coefficient,contribution
000,0.005676848339302737,-0.009198306827326766,-5.221739283710698e-05
000 000,0.004722796660365082,0.11878588596192098,0.0005610015855194679
10,0.010725923726256671,-0.0050235872413057405,-5.388261358244154e-05
10 10,0.017868272969114054,0.0574852818200548,0.0010271627072671887
10 11,0.009120322888674414,0.08927288439621321,0.0008141975308967683
10 and,0.010396232615272878,0.0686866536249086,0.0007140824286492258
10 business,0.01563937554451509,-0.01764465840563536,-0.00027595143916041623
10 confidential,0.013399719539933146,0.025098201429483345,0.000336308860111826
10 days,0.00809353289146777,0.08852196064521435,0.0007164554000992578
10 of,0.005094409561542902,0.025823737417113843,0.00013155669481251797
10 or,0.006759018437786806,0.038138321980228845,0.0002577776214506166
10 shall,0.00656203038512981,0.06952644263869441,0.00045623462916509754
10 the,0.006140182457047066,0.03476119161832702,0.00021344005896090307
10 to,0.01795694095720849,0.02309698072327771,0.0004147511191376805
101,0.006609503751760677,0.04430034413553417,0.0002928032907681022
11,0.011073980304926396,0.0666018260982338,0.0007375473104839739
11 11,0.01171743623961945,0.03771212893732544,0.00044188946628341845
11 and,0.007035825129555003,0.0262391089848185,0.00018461378237251847
11 any,0.008106380888247012,0.027051648178547032,0.00021929096379015575
11 shall,0.012014664210652193,0.004963071479039942,5.962963727412984e-05
11 the,0.0060654507656467405,0.05814091565807577,0.0003526508613936782
12,0.010102668475655795,0.05799279720227475,0.0005858820041105207
12 and,0.006340100829744757,0.04442195363082735,0.00028163966507369157
12 if,0.008007945512605858,-0.010625765821417155,-8.50905537276182e-05
12 ii,0.00995502034097201,-0.0011484937745643853,-1.1433278887268177e-05
12 in,0.012014664210652193,0.008106069480480184,9.739170287618528e-05
12 month,0.006257741435522016,0.1495628918370714,0.0009359259054653391
12 months,0.00790193313812764,0.11111929620047384,0.000878057248931945
12 no,0.007914090218371736,0.006561338900918788,5.192702801518334e-05
12 or,0.013102491568900407,0.04806909070040739,0.0006298248556267967
120,0.010332380910338494,0.03404870995166205,0.0003518042407262053
120 days,0.011273179077245387,0.0450396316953804,0.0005077398336752005
13,0.012256314378730851,0.07418386536991572,0.0009092207758031318
13 and,0.011444013011291419,0.04673550813813188,0.0005348417632220973
13 in,0.017458247261075057,0.027687109841933486,0.00048336840956501956
13 or,0.030273130011056578,0.09749985273808542,0.0029516257179989305
13 section,0.00897549618816888,0.014770112087180855,0.00013256908473731886
13 shall,0.013900512133821133,0.0069501227183756615,9.66102651783268e-05
13d,0.014487546898181363,-0.04812114559010149,-0.0006971573535308087
14,0.01196328260074223,0.09142424950355334,0.0010937341333717761
14 and,0.014765469077804027,0.049682371410810486,0.000733583518778297
14 no,0.008318948361898223,0.07555155639432075,0.0006285094963053958
14 of,0.006759018437786806,0.024137120206972583,0.00016314324051400417
14 shall,0.008106380888247012,-0.005554084637758667,-4.502352555923319e-05
15,0.010547650418849832,0.1069467055610651,0.001128036463705778
15 business,0.02263106560593293,0.018108646872629943,0.00040981797540916043
15 days,0.00498413484815129,0.11410692316971827,0.0005687242921855147
16,0.012551295068133673,0.09887073202776168,0.0012409557312828112
16 10,0.008556578580126829,0.023902712880812364,0.0002045254410428807
16 and,0.008007945512605858,0.03149808213244918,0.00025223492546823714
16 the,0.012575917971474929,0.003174005219617857,3.9916029282947434e-05
17,0.014542839555095407,0.10194899749860666,0.0014826279134250596
17 the,0.013247873796826097,0.01285481443227874,0.00017029895928044746
18,0.013789269085095828,0.07761735943944041,0.0010702866549850464
18 18,0.019174987641289953,-0.007465772173718198,-0.00014315608916373287
180,0.01026970086267994,0.07621187923973946,0.0007826732019748117
180 days,0.01111048324533123,0.07757934428954986,0.0008619440049128268
19,0.005534165413575339,0.059495543646649204,0.000329258179911148
1934,0.03202951024716202,-0.07295082531021763,-0.0023365792068125416
1934 as,0.03391215819572168,-0.0431863047289661,-0.0014645407978573417
1999,0.006140182457047066,0.030818043880028054,0.00018922841239265496
20,0.005166502642962986,0.04656330920840982,0.00024056946009035207
2001,0.00715813681928165,0.016535105022657093,0.00011836054407337068
2003,0.01171743623961945,-0.06441098143664165,-0.0007547315681151605
2009,0.006658121164349814,-0.06947275617056436,-0.0004625580282049487
2015,0.006425965915541734,-0.016998610499992215,-0.00010923249168451981
2016,0.01111048324533123,0.00100064362543481,1.1117634234940954e-05
2017,0.00656203038512981,-0.05434299927119134,-0.0003566004124366447
2018,0.005728414974598702,0.025630425267156094,0.00014682171190570992
21,0.011129969476153372,0.019726425359659485,0.00021955451212662787
210,0.0074275397412975714,-0.006892011712597477,-5.1190690892806096e-05
211,0.008318948361898223,-0.002835432372821497,-2.3587815493156584e-05
22,0.00858219610122255,0.0692695465612374,0.0005944848324313056
23,0.006394866026154621,0.11293629417188031,0.0007222124707195615
24,0.005859741819122645,0.11870992634036724,0.0006956095197216186
24b,0.04767861319573917,-0.03570118307763246,-0.001702182898588707
24b of,0.05333522084656529,0.0147083139174698,0.0007844711710688617
25,0.006144570623169195,0.06852039714127568,0.00042102841936216906
26,0.010115362455963886,0.18979911135282032,0.0019198868051536276
27,0.007331281938766863,0.16786454535728398,0.001230662309537167
28,0.00688830680558938,0.08281863871128696,0.0005704801926646061
29,0.007465258590974039,0.08570655336916055,0.0006398215838419008
30,0.008452438124516033,0.06819578461653246,0.000576420649824063
30 days,0.007888728831000573,0.09367343961082042,0.0007389643637568702
31,0.010577261703930824,0.02210248688770811,0.00023378378811898817
31 of,0.0076561831963671955,0.015341208321389934,0.0001174551013621942
312,0.008007945512605858,0.018877154138777698,0.00015116722177639397
32,0.008905411352693087,0.15522998243880207,0.0013823868478888563
33,0.008864005188099064,0.09453479554989756,0.0008379569182101762
34,0.00975201144907676,0.11298083581147705,0.0011017904043597857
35,0.008823094917641671,0.08220470765151493,0.0007252999382863008
36,0.00925607453014168,0.1051811573008269,0.0009735646311430095
365,0.01222823167156043,0.040301322811513815,0.000492813912009534
365 of,0.008318948361898223,0.03168593141367059,0.0002635936272289744
37,0.014135958978965024,0.13498181226270833,0.001908097361052003
38,0.01002988544904967,0.1474508464808999,0.0014789150995688346
39,0.009646896486099892,0.10930179907907363,0.0010544231414603116
40,0.008402725732015623,0.04186642299294332,0.00035179206979025536
41,0.010396232615272878,0.09502065872528871,0.0009878568713645598
42,0.01002988544904967,0.10739916217807527,0.0010772012939700027
43,0.01052763215173791,0.07182516455213211,0.0007561489116428921
44,0.01080664159023023,0.09021313156729419,0.000974900979580033
45,0.01109328766626697,0.10798342029400429,0.0011978911445088003
45 days,0.009699049663319165,0.0825379059093032,0.0008005392485206961
46,0.010880106072273795,0.05555700509188933,0.0006044661084576113
47,0.010955185286918544,0.08031746944875479,0.000879892759587528
48,0.011893409127370474,0.04497493508121555,0.0005349053033978236
49,0.011190862642193971,0.07806483716063597,0.0008736128698499168
50,0.010075659893673256,0.10099312242320634,0.0010175723531363333
50 of,0.008438873865677928,0.13523950081089467,0.001141269089000388
50 or,0.007222190611637434,0.06354799241705822,0.0004589557142228847
500,0.005187185676830007,-0.04230330405143639,-0.00021943509285819566
500 000,0.00656203038512981,-0.023942813378788102,-0.00015711346889710006
51,0.013972814894945744,0.04620735380251858,0.0006456468014678595
52,0.01171743623961945,0.08480339750169805,0.0009936784031292503
53,0.01708142152797647,0.062282841271235165,0.0010638794657140177
54,0.012014664210652193,0.10037885752395859,0.001206018266999261
55,0.011273179077245387,0.02838218547735013,0.00031995745948976134
56,0.023236411189781255,0.04829182119267383,0.0011221286143363617
57,0.011912687481018865,0.0826240288998692,0.0009842742347068126
58,0.011912687481018865,0.053477869171816086,0.0006370651425946582
59,0.011912687481018865,0.05532354023215972,0.0006590520451292926
60,0.01285583114581209,0.08765538049237676,0.0011268827706319067
60 day,0.007500912372361329,0.05205781886491814,0.00039048113760200946
60 days,0.013419115271800302,0.07543503256818616,0.0010122713975645001
61,0.012340240616199498,0.06317940406199501,0.0007796490481131105
62,0.012456047189639032,0.029343772657838704,0.00036550741694807844
63,0.007356742126528927,0.018592903941479336,0.00013678319968078677
64,0.0074275397412975714,0.04668217347331818,0.00034673369868321805
65,0.006920506601053043,0.03472540431730348,0.00024031738980213456
66,0.0074275397412975714,0.04713136542941584,0.0003500700897886046
67,0.007500912372361329,0.031528221054192965,0.00023649042338393895
68,0.007577054427323699,0.0331620750460498,0.0002512708475469124
69,0.0077385425905899365,0.035660489532224206,0.00027596021704640364
70,0.006470308909173226,0.07560700298093116,0.0004892006649834055
71,0.0074275397412975714,0.03194216340184855,0.00023725168809025094
72,0.0068652284858365525,0.03275251270167755,0.0002248534831822802
73,0.007577054427323699,0.028983519147066816,0.00021960970207270382
74,0.007914090218371736,0.03356011684809099,0.0002655977924748894
75,0.006425965915541734,0.01876040281256554,0.00012055370903537945
76,0.0077385425905899365,0.030160459552523493,0.00023339800079896815
77,0.007824407676386914,0.019593546198896722,0.00015330789328628914
78,0.008007945512605858,0.016272413737281992,0.00013030860256673323
79,0.013399719539933146,0.03117455060653883,0.00041773023491107307
80,0.006759018437786806,0.03733862597844,0.0002523724614299014
81,0.007577054427323699,-0.00416725118248919,-3.1575489022049636e-05
82,0.008318948361898223,0.0115562244877615,9.613563477219167e-05
83,0.014487546898181363,0.018512113479567462,0.000268195112219689
84,0.008209866391664815,0.024397293132376464,0.00020029851693509232
88,0.008434266890400183,0.009646714876023104,8.136296787997258e-05
90,0.012626617864468134,0.16939059794010172,0.0021388303500234273
90 day,0.013247873796826097,0.03688779369359097,0.0004886848354960508
90 days,0.011463328598306113,0.14075996215175837,0.0016135776996307378
94,0.0077385425905899365,0.01979634339343829,0.00015319484648806592
98,0.0068652284858365525,-0.006132215276254257,-4.209905899582279e-05
ab,0.008434266890400183,-0.0374915450844891,-0.0003162136973760521
abandon,0.008007945512605858,0.05807583940314259,0.00046506815753921416
ability,0.006730445269754921,0.0455051293561713,0.00030626978262482895
ability to,0.007357660191497972,0.033576049468835766,0.00024704116256461957
able,0.008261841156818937,0.03708835694011033,0.0003064181138065948
able to,0.008512338347721495,0.04220081373507133,0.00035922760506209965
about,0.004377077104146139,0.1495777347477769,0.0006547132780545386
about the,0.005466786724991373,0.057081663487222406,0.0003120532801923722
above,0.011100866081132341,-0.023940079629370583,-0.00026575561793728723
above and,0.011893409127370474,0.03053704062485024,0.0003631895176904768
above if,0.008007945512605858,-0.04003008521718025,-0.0003205587412841487
above or,0.011623842254693982,0.08039254289994004,0.0009344702371226216
above the,0.01210296797640444,0.0416118696784202,0.0005036271261562345
absence,0.01222179090438941,0.018223031039217734,0.0002227180750055172
absence of,0.012652739111361474,0.02047469782230458,0.00025906100992958075
accept,0.010723904993523105,0.024418229538837044,0.00026185877368452797
accept or,0.018516712933409965,-0.028371111132170532,-0.0005253397204362736
acceptable,0.01238469649312008,0.09746319943083433,0.001207052144199317
acceptable to,0.010717948957170032,0.13793521465967093,0.0014783825901186446
acceptance,0.006708477562186816,0.03407712722496905,0.00022860564337249034
acceptance of,0.004941659068899578,0.04145650371784691,0.00020486390756216727
acceptance or,0.007824407676386914,-0.017665705057553233,-0.00013822367826110666
accepted,0.010887989054657071,0.015019088878030861,0.00016352767531492178
accepted by,0.011893409127370474,-0.03323630736215103,-0.00039529300134109755
access,0.0131561323467972,0.05866271883819336,0.0007717744928582251
access and,0.017773989669348202,0.04226626075067012,0.0007512400819443881
access to,0.011265249693051977,0.08373437698533075,0.0009432886646318957
accompanied,0.006257741435522016,0.15316454230337848,0.0009584641028246161
accompanied by,0.006425965915541734,0.16009153461514614,0.0010287427448036988
accompanying,0.01222823167156043,0.0805205829369558,0.0009846243424821912
accomplish,0.011190862642193971,0.04658862710365885,0.0005213669266054414
accordance,0.011484927058935484,-0.03788133553925564,-0.0004350643755634115
accordance with,0.011410014946965131,-0.03477254614888481,-0.00039675527130281045
according,0.004224161138876652,-0.016629100575521808,-7.02440004255906e-05
according to,0.004224161138876652,-0.016640297101340656,-7.0291296354845e-05
accordingly,0.004253831158791154,-0.001239417570185806,-5.272273078809604e-06
accordingly the,0.007288344898710119,0.028407047606020145,0.00020704036050675243
account,0.011255675704883884,-0.008185691516492469,-9.21354891298584e-05
account designated,0.013247873796826097,-0.020569505052864045,-0.00027250220700351956
account of,0.011453411263467167,-0.028957907871599017,-0.0003316668281830167
account the,0.01625406418771803,0.01943654033153233,0.0003159227741358968
accountants,0.005728414974598702,-0.0225682183835169,-0.00012928012013815193
accounting,0.00886487647536082,0.03674216243375176,0.00032571473141285206
accounting firm,0.007288344898710119,0.041628296693527474,0.0003034013838482623
accounting principles,0.005697612467989664,0.04335071572609164,0.00024699557841725535
accounts,0.004377077104146139,-0.018483836089451585,-8.090517574392863e-05
accounts and,0.006977342049417754,0.015349145161535025,0.00010709623595819538
accrued,0.007964613185786194,0.09030342843792834,0.0007192318768584241
accruing,0.0068652284858365525,0.056677666123085245,0.0003891051279789382
accurate,0.00710261889140611,0.10954390383273403,0.000778048600800751
accurate and,0.006140182457047066,0.028757578645773486,0.00017657677990792967
accurate books,0.0070960542288348435,0.07748659092061072,0.0005498490511801953
accurately,0.00656203038512981,0.004052969260190747,2.6595707435368764e-05
achieve,0.005697612467989664,0.01763472381860702,0.00010047582229844966
achieve the,0.00715813681928165,0.012920756935913503,9.248854595595121e-05
achieved,0.013673819921606649,0.07542063598816381,0.0010312881948751978
achievement,0.0241855287255935,0.019225838497164156,0.00046498706924678505
achievement of,0.02170777924711878,0.024949039436446913,0.0005415882405140503
acknowledge,0.003411039950779638,0.0829203455492266,0.0002828446114008645
acknowledge and,0.0047417406962018864,0.10754842795783302,0.0005099667576601936
acknowledged,0.006708477562186816,-0.026752725082627042,-0.00017947005594415595
acknowledged the,0.005334875374044817,-0.0236758801330636,-0.00012630786988071792
acknowledges,0.006251000734912547,0.04333852108827353,0.0002709091271728208
acknowledges and,0.0073051058202264225,0.04678855426015908,0.00034179534004586786
acknowledges that,0.0035016173807779537,0.08853006642288136,0.0003099984193077881
acquire,0.009461267231957008,0.10887547066850932,0.0010300999229998636
acquired,0.00790193313812764,0.12800147155495886,0.0010114590698092319
acquirer,0.021423136618428713,0.03475620306821152,0.0007445868866681466
acquires,0.006140182457047066,0.06980883610765655,0.0004286389908151065
acquiring,0.01257779905335983,0.0012224844787841072,1.5376164119997828e-05
acquisition,0.009390698886004805,0.0577182778964554,0.0005420149679443595
acquisition of,0.005856554858055854,0.013268319206324913,7.770663930603796e-05
acquisition or,0.007577054427323699,0.015817973319442187,0.00011985364477136757
across,0.007824407676386914,0.04811032337083819,0.00037643478349624307
act,0.014604044688668874,-0.038264246325035826,-0.0005588127633090569
act as,0.004594946880437563,0.007822134294995065,3.594229157715125e-05
act in,0.005791467762223785,0.029081451997911085,0.00016842429172456052
act of,0.02012087585989579,0.010766121978107309,0.00021662380381399287
act or,0.009873728522560866,0.04223927647842819,0.00041705914893739075
acting,0.009086934995986893,0.005277912192546361,4.796004500819544e-05
acting on,0.006920506601053043,0.023834681505858414,0.00016494807069529003
action,0.011737617926322106,0.01857946937540627,0.00021807871280232123
action against,0.007035825129555003,0.018756834037654515,0.00013196980427302227
action and,0.006298500902468313,0.03351969121404116,0.00021112380536209742
action by,0.005697612467989664,0.0452879541040583,0.00025803321195302627
action in,0.01618552697258144,-0.001437713481633441,-2.327015033582203e-05
action including,0.007914090218371736,0.006220087882737127,4.922633667018246e-05
action or,0.0106104915614046,0.0336006968358094,0.00035651991023366987
action shall,0.011357528220928155,-0.004406825385573115,-5.0050643681349246e-05
action that,0.01052763215173791,0.0049568810653284195,5.218422047569234e-05
action with,0.017899384897420264,0.015389429013196987,0.0002754613132587394
actions,0.011967859503282701,0.015076859511007205,0.00018043773637846575
actions in,0.007500912372361329,0.0044844060894175634,3.363713711880468e-05
actions of,0.007500912372361329,0.006218408845743016,4.664373984743492e-05
actions or,0.00610247061151615,0.08922727737783041,0.0005445068379438099
actions suits,0.007577054427323699,0.024952629265220853,0.00018906743004740856
actions to,0.00715813681928165,-0.019407921684437904,-0.0001389245587951097
active,0.02207252306614725,0.0441027720738163,0.0009734594538803451
actively,0.01440745286489095,0.051108585756700055,0.000736344540280893
activities,0.01599816977161007,0.057238683215687626,0.0009157141715879785
activities and,0.01382014686360225,0.079661975014816,0.0011009401941493703
activities as,0.012575917971474929,0.006364306614756915,8.003699793249825e-05
activities conducted,0.01959115787597745,0.026328233618748614,0.0005158005814205213
activities for,0.017899384897420264,0.04451712832513017,0.0007968292144193548
activities hereunder,0.008007945512605858,0.03831321663559167,0.00030681015123048237
activities in,0.011357528220928155,0.05125152797507591,0.0005820906753426134
activities including,0.007914090218371736,0.027405741513240427,0.00021689151083716029
activities or,0.012119779173629061,0.01902949787023913,0.0002306333119723428
activities performed,0.013247873796826097,0.03900375338711523,0.0005167168024750309
activities related,0.014085203964171752,0.04736636698508124,0.0006671649400266802
activities relating,0.008318948361898223,0.031822343791209635,0.00026472843475364545
activities that,0.011532744409268832,-0.0020482017096934762,-2.36213868165223e-05
activities to,0.01489186660568811,0.03838819476994323,0.0005716718757471685
activities under,0.013305413512697229,0.08012561206063112,0.0010661044014246574
activities with,0.013247873796826097,0.05274854804535489,0.0006988061074706795
activity,0.009871932752267425,0.0029407844374107176,2.9031226205033197e-05
acts,0.007241881682859211,0.08126670147832203,0.0005885238368622479
acts of,0.007662117724497369,0.05296613288081355,0.0004058327455441644
actual,0.01032486886112504,0.0784731354547598,0.0008102248326916969
actual or,0.011472665800594585,0.08858576290358089,0.001016314852483493
actually,0.014300104988805906,0.13850559956046765,0.0019806446152521966
actually paid,0.0070960542288348435,0.07090024083900455,0.0005031119538310271
ad,0.01052763215173791,0.020622013271291283,0.000217100969948412
added,0.004361253297591291,0.10187196832570604,0.000444289457792601
added tax,0.007577054427323699,0.015673668878805835,0.00011876024217056143
addition,0.009969307345962226,0.12279568145371791,0.0012241878891689874
addition to,0.007301276456849142,0.11168234069398279,0.0008154236447547814
additional,0.00966649030376551,0.07134622611343874,0.0006896676029358173
additional or,0.014085203964171752,0.07617797833858908,0.0010729823624772848
additionally,0.01573255684797234,0.08640237918046188,0.0013593303422566783
additions,0.01257779905335983,0.12266398173939669,0.0015428429134031311
additions to,0.007824407676386914,0.027766102308371253,0.00021725330404496443
address,0.00762910039244615,-0.02199043990312188,-0.0001677672736949706
address and,0.006920506601053043,0.010072563065447139,6.970723918395e-05
address for,0.010664289044768495,-0.038165700036148754,-0.0004070100567814217
address or,0.011190862642193971,-0.010742920051255754,-0.00012022254266967457
addressed,0.004001311389636037,-0.0012133942668333074,-4.855168299999182e-06
addresses,0.003975109398067259,0.019472196884184376,7.740411283533731e-05
adequately,0.006920506601053043,0.03654569977616052,0.0002529147565410216
adjusted,0.005889903137864939,0.006358182718523638,3.7449080344951e-05
adjustment,0.014409485348957753,0.03261449130556087,0.0004699580346311894
adjustment to,0.008106380888247012,0.021802363953458054,0.00017673826647091794
adjustments,0.009544919756466565,-0.03887373831876124,-0.0003710467128864555
administer,0.0076561831963671955,-0.009992583159435993,-7.650504727357567e-05
administration,0.009755925420379685,0.019820391999564074,0.00019336626615043727
administrative,0.009740908829784236,0.0091402456797869,8.903429984863343e-05
administrative or,0.01171743623961945,0.02320122978231019,0.0002718589306549795
adopt,0.007222190611637434,0.03290520842087769,0.0002376476873312359
adopted,0.005958300365683749,0.0011160359553276614,6.649677440745017e-06
advance,0.011564389363126126,0.1513033318672731,0.0017497306416514352
advance and,0.007824407676386914,0.051439471013683034,0.00040248339186874365
advance notice,0.005791467762223785,0.11516810414012281,0.0006669923623639528
advance of,0.005791467762223785,0.03489528257193557,0.0002020949040690543
advance written,0.006658121164349814,0.0933754865171444,0.0006217053030112598
advanced,0.012119779173629061,0.0008050742236302933,9.757321808780014e-06
advantage,0.006759018437786806,0.031332085660115805,0.00021177414467103833
adverse,0.009755925420379685,-0.04140724150620722,-0.00040396595999820777
adversely,0.014902109365884972,0.05537175652616521,0.0008251559715340688
adversely affect,0.017359992531980045,0.05532745966496365,0.0009604842865971961
advertising,0.00761603690832558,0.19975750620001373,0.0015213605399343804
advertising and,0.005259679403504634,0.18405946255669195,0.000968093764229565
advice,0.005637383368709824,-0.027662277140598046,-0.00015594286109304938
advisable,0.017392136333688878,0.002267165857691816,3.943085768806074e-05
advised,0.0043299732137535235,-0.009548446629506435,-4.134451813871798e-05
advised of,0.0050495738276492615,0.013395018717026535,6.763913593436918e-05
advisors,0.008703224135805775,0.04294204735069383,0.000373734262943473
affairs,0.008823094917641671,-0.03871844625031665,-0.00034161652633015106
affect,0.01060527367761265,0.05000564554367122,0.0005303235564163247
affect the,0.011842056538188957,0.05403255272391693,0.0006398565442593
affected,0.0062386803424889685,0.045341574853369246,0.00028287159173520686
affected party,0.006382576608996469,0.036153653964224396,0.0002307534661218111
affecting,0.004760864299035681,-0.02842964099630675,-0.000135349662853718
affecting the,0.005923811919134318,-0.0458672415388783,-0.00027170891212582
affiliate,0.016241082854827466,0.02783605847730073,0.0004520877320816636
affiliate agrees,0.01022442326298793,0.02063278201147872,0.00021095829637832192
affiliate and,0.018206940871771334,0.00902801226113262,0.00016437248542806822
affiliate in,0.01867133991726528,0.01685313482931299,0.0003146706090696054
affiliate may,0.009312531979216915,-0.002949710692515257,-2.74692751534864e-05
affiliate of,0.004819347379172931,0.003522363949597847,1.6975495468987598e-05
affiliate or,0.015547814867885139,0.06794943087558454,0.001056465171631747
affiliate shall,0.013972814894945744,0.041289935151120415,0.0005769366208909192
affiliate to,0.007577054427323699,0.0487409845090536,0.0003693130924664404
affiliated,0.005309497366556654,0.09828634421822977,0.0005218510857951717
affiliated with,0.00715813681928165,0.04575779463635316,0.000327540554555608
affiliates,0.016960660154335935,0.09431227150509679,0.0015995983853814076
affiliates and,0.01961040843008986,0.14690458328513006,0.002880858878473552
affiliates as,0.01638245602355141,0.06791854268741045,0.0011126725387602008
affiliates for,0.012119779173629061,0.05510682133440812,0.0006678825055336572
affiliates have,0.008106380888247012,0.04527045250351701,0.0003669795309768044
affiliates in,0.006609503751760677,0.03344839294517406,0.0002210772786614933
affiliates may,0.0076561831963671955,0.040761649228591705,0.0003120786538801577
affiliates or,0.01855475475771009,0.058294061158870356,0.0010816320086337926
affiliates shall,0.018452144685876224,0.04506947853793292,0.0008316285388989314
affiliates to,0.015196711043751835,0.06795945607704867,0.0010327602166934533
affiliates will,0.015295410168484586,0.051237113044207305,0.0007836926598601626
afforded,0.007035825129555003,0.04507537893606682,0.0003171424838425932
aforesaid,0.011912687481018865,-0.00984755598611883,-0.00011731085691447017
after,0.011148813460859447,-0.018836430301653058,-0.00021000384770161038
after its,0.011444013011291419,0.03811726710742382,0.00043621450073222867
after such,0.010935998731146571,0.0381218627664822,0.000416900642843193
after the,0.01154322671469074,0.056696256199226684,0.0006544577391818639
after written,0.006298500902468313,0.09447709426366993,0.0005950640634823089
ag,0.008434266890400183,0.008143499521905372,6.86844483895962e-05
against,0.00986126924804308,0.04937978694573496,0.00048694737448289527
against any,0.007523364022650585,0.05632750047319258,0.00042377229054585083
against such,0.005550282432954849,0.058475217770669836,0.000324553973955758
against the,0.003848973015264668,0.059075433380314124,0.00022737974894589466
against third,0.012963044992779548,0.04673770022741891,0.0006058629109070743
agencies,0.005360576676941627,0.033541170636582865,0.00017980001703178544
agency,0.010334115506775458,0.018380097389245217,0.00018994204944624212
agency of,0.007914090218371736,0.044739969701315586,0.00035407615658342953
agency or,0.010283324329810817,0.05516793667054565,0.0005673097853896845
agent,0.00818188055908792,0.040302329225163476,0.000329748843973326
agent of,0.010787421986784708,-0.014931192816454367,-0.00016106907767714172
agents,0.0028855022703000183,0.0658218096418204,0.0001899289811567284
agents in,0.007824407676386914,-0.0019645202797618014,-1.5371207557386004e-05
aggregate,0.006579557856505238,0.0935541901540886,0.0006155452068373187
agree,0.010047187403169837,-0.005229415287250551,-5.2540915400007506e-05
agree as,0.0029549459322674647,-0.005917486103274729,-1.748585149012091e-05
agree in,0.013523782019378242,0.02780581612500308,0.00037603979614545425
agree on,0.010935998731146571,0.08886193655652848,0.0009717940254294226
agree that,0.010696303499317618,0.09888614045376588,0.0010577161701696295
agree to,0.005222733818111183,0.06490817724570004,0.0003389981323730724
agree upon,0.015574947708501614,0.08397633251398172,0.0013079269876570092
agreed,0.010364867355508588,0.015029873202444024,0.00015578264211344538
agreed by,0.01463474066540914,0.07274966463611104,0.0010646724754449714
agreed that,0.009991208322637567,0.010815563740329241,0.00010806055045639461
agreed to,0.007391963315363353,0.027081625837037583,0.00020018638470777818
agreed upon,0.009855614470601463,0.08460704250925409,0.0008338543924689977
agreeing,0.00715813681928165,0.025353647389430335,0.00018148487688136538
agreeing to,0.0077385425905899365,0.005925930275964534,4.585806382941792e-05
agreement 10,0.00516358862428463,0.06569644916119635,0.000339229437544647
agreement 14,0.012290637994374935,0.05716499343718509,0.0007025942402872609
agreement 18,0.01222823167156043,0.05768443771236346,0.0007053786681904777
agreement 20,0.007577054427323699,-0.008681138406570229,-6.577745819771275e-05
agreement all,0.0072277598724167546,0.056316272641474166,0.0004070404955621285
agreement and,0.008806907474279407,-0.05778895351530892,-0.0005089419666447593
agreement any,0.004253831158791154,0.07163273701550245,0.00030471356870603677
agreement are,0.005725765166915472,0.030254639942452085,0.00017323096352006166
agreement article,0.006425965915541734,-0.09974094977664946,-0.0006409319436485093
agreement as,0.007335251061029768,0.009148186804478913,6.710424696405247e-05
agreement at,0.004458113097210674,-0.0420930387178659,-0.00018765552720951395
agreement be,0.00656203038512981,0.05524000802500318,0.0003624866111348854
agreement between,0.008956203426101204,-0.0032200341052215243,-2.883928048534774e-05
agreement but,0.005728414974598702,0.04597060942381055,0.0002633387274147846
agreement by,0.00972775141558429,0.07569894701442263,0.0007363805389777899
agreement dated,0.0091525797643194,-0.05999537429497321,-0.0005491124487249402
agreement during,0.0060654507656467405,0.0739177169211542,0.0004483442726942738
agreement each,0.00862458489419424,0.08336648251741686,0.0007190013058018217
agreement either,0.006609503751760677,0.0034645416665926606,2.289890114347538e-05
agreement except,0.007465258590974039,0.08288786438320493,0.0006187793416742117
agreement executed,0.013399719539933146,0.004602971580585292,6.167852823012568e-05
agreement for,0.009468982386984742,0.09721630555217066,0.000920539485001231
agreement have,0.0060654507656467405,0.019625923896919254,0.00011904007512709355
agreement if,0.0038126202300703188,0.039654613344197155,0.0001511879810517025
agreement ii,0.005235224255677302,0.038031210420389074,0.00019910191526558826
agreement iii,0.006425965915541734,0.03510042983275904,0.00022555416572617382
agreement in,0.009445540948981862,0.03244760544511163,0.00030648518592820876
agreement including,0.008849783885277166,0.11035406722802772,0.0009766096458293928
agreement instrument,0.0074275397412975714,0.012979078943544038,9.640262465861184e-05
agreement is,0.0061910963975885455,-0.05179682658981408,-0.0003206791465067165
agreement it,0.005094409561542902,0.01138115781718864,5.798027920531455e-05
agreement may,0.005434831011463266,-0.04573307880081228,-0.00024855155491634786
agreement neither,0.0054397054459851225,0.061608885496540575,0.0003351341899566056
agreement no,0.004859299674676837,0.016580785528953933,8.057100572673225e-05
agreement not,0.006977342049417754,-0.0021430006077664096,-1.4952448252496372e-05
agreement notwithstanding,0.010332380910338494,0.020712712350709293,0.00021401163369380105
agreement of,0.006034958007463324,-0.013996661776185708,-8.446926606394778e-05
agreement on,0.007152126522519891,0.016977681845980204,0.00012142652862153949
agreement or,0.008890226711019893,-0.013181471687035783,-0.00011718627168263797
agreement prior,0.006759018437786806,0.032320891958416455,0.00021845750467265214
agreement provided,0.004630656219607212,0.09417266660264013,0.0004360812443205119
agreement pursuant,0.014286010251457452,-0.010179196141858351,-0.00014542010043418454
agreement relates,0.007222190611637434,0.049079244034005085,0.0003544596554886541
agreement shall,0.01011186559089964,-0.09791472331715755,-0.000990100521553224
agreement so,0.0076561831963671955,-0.030478362337581808,-0.00023334792558178462
agreement subject,0.005823748850792255,-0.017539888462424144,-0.00010214790527606694
agreement such,0.013005790433449954,0.057844075929486045,0.0007523079293554624
agreement that,0.012443999170261781,0.09871710009522026,0.0012284355116755701
agreement the,0.008305906223730807,-0.032717613489740886,-0.00027174942951005784
agreement then,0.005993388641282742,0.10013948604817034,0.0006001748582249957
agreement this,0.005619745348012312,-0.043548323745684146,-0.0002447304897835426
agreement to,0.009670003155998294,0.017525218203006267,0.00016946891533262934
agreement together,0.006609503751760677,-0.011622560476441529,-7.681935707410565e-05
agreement upon,0.0072533477580100985,0.11243891296221006,0.000815558537247539
agreement was,0.0070960542288348435,0.0173691339333662,0.000123252316299062
agreement whether,0.005856554858055854,0.042478269245612994,0.00024877631411219934
agreement which,0.004345552634747737,0.12138729272640167,0.0005274948697321096
agreement will,0.003059671336365495,0.009661366810881896,2.956060710136825e-05
agreement with,0.010179362204050097,0.0888357787684737,0.0009042915687631573
agreement within,0.01257779905335983,0.07431995514421001,0.0009347814614585896
agreement without,0.00884679062168058,0.06889052018194314,0.0006094600078683113
agreements,0.008012809333296737,-0.014742865827323905,-0.00011813177290072249
agreements and,0.007177152031914265,-0.020910901677788894,-0.00015008072046590197
agreements or,0.005071867148328047,-0.008977325866434963,-4.5531804141807106e-05
agreements to,0.0070960542288348435,-0.011863180647537882,-8.418177320139286e-05
agreements with,0.008823094917641671,0.06626547680028347,0.0005846665915716831
agrees,0.010187201062677611,-0.07860214087467035,-0.0008007358130471771
agrees in,0.018269906789191902,0.018081859468110112,0.0003303538870576388
agrees not,0.009496997424957538,0.07044208004572207,0.0006689882528028752
agrees that,0.009010960399915266,0.01614260782683239,0.0001454603998789489
agrees to,0.009212700711511177,-0.029105846717743935,-0.0002681434547656948
air,0.00610247061151615,0.07386749429506063,0.0004507742130819444
all activities,0.007500912372361329,0.09482640104242783,0.0007112845248056441
all amounts,0.0052110619909154976,0.057993198766242954,0.0003022061538223762
all applicable,0.00986255095352191,0.08468833871182171,0.0008352430557144638
all applications,0.013247873796826097,0.009467638482784289,0.00012542607977390036
all cases,0.014077363484403126,0.05620412681025877,0.0007912059224314996
all communications,0.007356742126528927,0.034731496716608114,0.00025551066501247204
all costs,0.007633290829760132,0.11241777944808273,0.0008581176049630469
all data,0.015230706571463987,0.06159617411992392,0.0009381532539453652
all in,0.007356742126528927,-0.01411606407844388,-0.00010384824326666983
all information,0.004299170707144484,0.06071248306810758,0.0002610133287644136
all inventions,0.007500912372361329,0.058517841646200004,0.00043893720240786264
all its,0.006977342049417754,0.021571235522385147,0.00015050988866823183
all know,0.02141817594208047,0.04895088692811322,0.001048438708747216
all laws,0.010664289044768495,0.04111728857264118,0.00043848665007580214
all liabilities,0.012456047189639032,-0.027992905830946824,-0.00034868095600539527
all marketing,0.01795694095720849,0.07102813192163593,0.001275447971217632
all material,0.013974746280646317,0.011607828992963597,0.00016221646504579652
all matters,0.010880106072273795,-0.016771055368710756,-0.00018247086135554993
all necessary,0.008773161638556107,0.07645960541495252,0.0006707924771255982
all of,0.009270287006964046,0.0145672955630504,0.00013504301078475113
all or,0.007732683479701771,0.10879660216014618,0.0008412896881714484
all other,0.008989208230552229,0.01507905871811447,0.00013554879873785492
all outstanding,0.013725295945480455,0.025966065338605255,0.00035639193131203927
all parties,0.0060654507656467405,-0.08654668645654989,-0.000524944665632069
all patents,0.007577054427323699,0.04422416108420794,0.00033508887553777416
all payments,0.00809353289146777,0.08342252412315444,0.000675182942880014
all prior,0.003741822615301676,-0.06392330536101715,-0.00023918966964468882
all product,0.006977342049417754,0.08664693042158604,0.0006045652710835067
all products,0.01052763215173791,0.14252181289876,0.0015004172197969608
all purposes,0.005637383368709824,0.0032240342630954653,1.817511713492501e-05
all reasonable,0.008181409191071288,0.06668405648462582,0.0005455695526212346
all regulatory,0.02147080920692566,0.05381131949810632,0.0011553725741167596
all related,0.006811424630819635,-0.04390672965612976,-0.0002990673798385012
all relevant,0.010595277268227246,0.022660710761276234,0.0002400965136108226
all reports,0.007914090218371736,0.045057729062638364,0.00035659093283667016
all rights,0.012189803103630097,0.11132609975911026,0.001357043236358636
all sales,0.00656203038512981,0.01857342610650729,0.0001218793864668641
all shares,0.008825981502142751,-0.04406826789137143,-0.0003889457172407156
all such,0.01024829853600833,0.11324863269474775,0.0011606057966505284
all third,0.007356742126528927,0.06729308961642486,0.000495057907205439
all times,0.0039492433387297585,0.1237716031532083,0.000488804179276711
all trademarks,0.007577054427323699,0.0605873638706526,0.0004590737536560002
all written,0.007577054427323699,-4.439213558182168e-05,-3.3636162744859585e-07
alleged,0.007411035757978525,0.07553033844834486,0.0005597580390529041
alleging,0.01080664159023023,0.07390211394999545,0.0007986336582179545
allocate,0.0070960542288348435,0.07773857166567026,0.00055163712021176
allocated,0.01714191251724913,0.04695473133055632,0.0008048938967393333
allocated to,0.012700148634890796,0.01275654391258925,0.00016201000375739484
allocation,0.014409485348957753,0.09736349595910068,0.0014029578685459687
allocation of,0.013218111394107182,0.07595856309530981,0.001004028748330124
allow,0.008509366825566078,0.06165805891181729,0.0005246710410330169
allow the,0.0067079391274018334,-0.008445528156160178,-5.665208877028072e-05
allowances,0.007356742126528927,0.08016376709946033,0.0005897441624418534
allows,0.006658121164349814,0.041855207605514644,0.0002786770435965323
alone,0.005923811919134318,0.02766534787193824,0.000163884317470785
alone or,0.007035825129555003,0.013415078550148524,9.438614677808928e-05
already,0.013237799489245647,0.04453741934681723,0.0005895774270816164
already in,0.012963044992779548,0.061663485068486845,0.0007993465313543848
also,0.009397621784178198,0.06718663121527568,0.0006313945491142217
also be,0.005412982869974456,0.07987153441472249,0.0004323432475854681
also provide,0.01678954983248273,0.0012893858189804513,2.1648207461068842e-05
alternate,0.006658121164349814,-0.015029935307118948,-0.00010007113036713718
alternative,0.017640319040760088,0.021258258013253373,0.00037500245360458416
amend,0.011808672458837585,-0.02357542467341756,-0.000278394468046386
amend or,0.007035825129555003,-0.013882324781747038,-9.767360955605999e-05
amended,0.01523345342091065,-0.07811899262212071,-0.0011900220353975386
amended by,0.01080664159023023,-0.043907305070038184,-0.00047449050908480127
amended from,0.008587417562366244,0.10584802110926145,0.0009089611554153847
amended in,0.012340240616199498,0.0013618118357697658,1.6805085727387265e-05
amended or,0.010597097687241605,-0.019582948076939662,-0.00020752241377550973
amended the,0.0124317844892539,-0.0636057547380581,-0.0007907330351798785
amended to,0.015587526175657836,-0.03335701660320823,-0.0005199533694443614
amendment,0.00863496680196351,-0.1532750697065129,-0.0013235251384843818
amendment or,0.0054942364680646396,-0.061024377491790474,-0.00033528236025633817
amendment to,0.008512338347721495,-0.06197035968649235,-0.0005275126691814231
amendments,0.011672093461254947,-0.041230695789266796,-0.0004812485347248928
amendments and,0.011813667018774022,-0.003460656333385071,-4.088304158902265e-05
amendments thereto,0.011273179077245387,-0.0031143812850579016,-3.510897794127934e-05
among,0.003873577283532094,0.04140892839505125,0.00016040068436647763
among the,0.0051172066966813775,-0.0413378247143021,-0.00021153419345426764
amount,0.011203033330174804,0.1220940869823469,0.0013678241258804939
amount and,0.0074275397412975714,0.027589917297202615,0.0002049252071840857
amount due,0.011273179077245387,0.10190128691664241,0.0011487514556130722
amount equal,0.011304405140055995,0.08456153025858382,0.0009559177973061354
amount of,0.010195376452795078,0.10425971237394645,0.0010629670165125213
amount paid,0.006382576608996469,0.03401410925204171,0.00021709765808793178
amount shall,0.011813667018774022,0.026323625307180198,0.0003109785441059999
amount to,0.011444013011291419,0.005597522573378043,6.405812116073574e-05
amounts,0.013523297117750483,0.10456544977381979,0.0014140696455425801
amounts as,0.008106380888247012,0.013981977082607533,0.00011334323180235742
amounts due,0.005360576676941627,0.06558438163020691,0.00035157010653852604
amounts in,0.014085203964171752,0.011313327115042212,0.00015935051992876432
amounts paid,0.0062177891400181096,0.026442756747599317,0.0001644154857373636
amounts payable,0.014932813100932477,0.05369379804118359,0.0008017994508282089
an account,0.007222190611637434,-0.028586255290527232,-0.0002064553845811167
an act,0.007222190611637434,0.04181328744853303,0.0003019835320524926
an action,0.005889903137864939,-0.007059231790236783,-4.1578191472231564e-05
an additional,0.004667009004801561,0.07835218708944193,0.0003656703626923221
an affiliate,0.008402725732015623,0.081669128905347,0.0006862432909642602
an agent,0.010147689079987877,0.07373141770464818,0.0007482035022934832
an agreement,0.012755712035534156,0.1005882732307644,0.0012830750474832596
an alternate,0.008318948361898223,-0.020944557450146884,-0.00017423669189058265
an alternative,0.02232132153739738,-0.013874527143584248,-0.0003096977815512917
an amount,0.00918578779920891,0.10038007898978474,0.0009220701048679913
an annual,0.009397445052668898,0.09015630018229688,0.0008472388771150578
an applicable,0.007288344898710119,0.04910201317203626,0.0003578724072188075
an application,0.006759018437786806,0.062344386517784275,0.0004213868579662111
an appropriate,0.006029097980452392,0.07725645561013653,0.00046578674049598396
an approved,0.01867133991726528,0.0601984709059933,0.0011239861127854054
an assignment,0.00455985860483857,0.03266030309921912,0.0001489263641236101
an authorized,0.005697612467989664,-0.0024497754798724607,-1.3957871317896694e-05
an entity,0.010332380910338494,0.14349541552932213,0.0014826492921362578
an equivalent,0.012963044992779548,0.01591492208111457,0.0002063058509940689
an exclusive,0.010396232615272878,0.1429508047777212,0.001486149819009651
an independent,0.006643409561439622,0.015807955932157027,0.00010501872558650818
an infringement,0.012456047189639032,0.048869981101795815,0.0006087267907607364
an initial,0.005889903137864939,0.0799945225453668,0.0004711599893519636
an invoice,0.01002988544904967,0.04116799437387865,0.00041291026773712414
an obligation,0.005466786724991373,0.07133724609317088,0.0003899855099395892
an opportunity,0.011031951815380848,0.055247326463402475,0.0006094858434728713
an original,0.0036072711004101823,-0.010220977820595766,-3.686983791016855e-05
analogous,0.008434266890400183,-0.00927427517390314,-7.822171203171166e-05
analysis,0.009164976684716532,0.15222302627390738,0.0013951204866773533
analytical,0.012340240616199498,0.054447311801936245,0.0006718929285411319
and 10,0.00975201144907676,0.0757424876481697,0.0007386416067265059
and 14,0.01222823167156043,0.04173744054082949,0.0005103750923112415
and 15,0.008106380888247012,0.05647276737875805,0.0004577897621855836
and access,0.015022153892912128,0.03888291650050129,0.0005841051554757827
and accurate,0.005412982869974456,0.09715948134010781,0.0005259226081496064
and activities,0.014642735767148835,0.07302015806003542,0.001069214880148542
and additional,0.007222190611637434,0.024784483607647755,0.0001789982648254355
and advertising,0.006029097980452392,0.06521076934780708,0.0003931621177786104
and after,0.009755925420379685,0.011786451053228187,0.00011498773744624978
and against,0.006144570623169195,-0.006581802218483165,-4.044234855920149e-05
and agree,0.011134005382029622,0.13482433886504297,0.001501134914551974
and agreed,0.008296521320216195,0.0079528620417394,6.598108948602902e-05
and agrees,0.008355889810549832,0.007848903147042667,6.558456983036634e-05
and all,0.00913982560849406,0.04976772779286805,0.00045486835295781693
and among,0.006382576608996469,-0.008252024273822644,-5.266917710697148e-05
and an,0.009302550985233277,0.07960357059375409,0.0007405162740550138
and and,0.006515648457526557,0.07931000040518266,0.000516756081806459
and any,0.009910851989283874,0.05605211724346269,0.0005555242376859451
and applicable,0.0055220648402078635,-0.014895519506935302,-8.22540245458778e-05
and applications,0.0068652284858365525,-0.010484335857669778,-7.197736118515216e-05
and approval,0.01663414146640259,0.0419290454601173,0.0006974536737348163
and approve,0.00715813681928165,0.02640044741401636,0.00018897801467977952
and are,0.006643409561439622,0.02934358352358729,0.00019494144334750196
and as,0.011748784168582748,0.04383866226778557,0.000515050981223605
and assigns,0.006752555164122114,0.04155669589558053,0.00028061388147355455
and assist,0.007356742126528927,0.010306961188711744,7.582565557349436e-05
and at,0.009454820208277185,0.13316034906666877,0.0012590071592967838
and authority,0.007005705533219557,0.04280630032957744,0.00029988833507557883
and authorizations,0.013399719539933146,-0.003006801936304497,-4.0290302658608186e-05
and between,0.0029707079264479344,-0.07123029873056956,-0.00021160441304215723
and binding,0.007053818536396973,0.06159752416481817,0.00043449775774995485
and by,0.011997152540746436,0.03072111536709207,0.000368565907280873
and cash,0.007577054427323699,-0.024286146261021813,-0.00018401745204970623
and cause,0.0077385425905899365,0.024548980824917174,0.00018997333366919722
and ceo,0.007577054427323699,-0.0033439661665186308,-2.533741364684065e-05
and clinical,0.015901299533088626,0.06440347261381263,0.001024098909003305
and comment,0.007577054427323699,0.061752233866348684,0.00046790003701414575
and commercial,0.011357528220928155,0.021176094235426397,0.0002405080878878893
and commercialization,0.02555719540118185,0.0790264407019333,0.00201969418687922
and commercialize,0.019174987641289953,0.028999106767667256,0.0005560575138784674
and communications,0.006515648457526557,0.0574389796792128,0.00037425219934876216
and complete,0.005187185676830007,0.07174849031555701,0.0003721727412990338
and conditions,0.008845829197026268,0.022490502614257477,0.0001989471446809944
and confidential,0.005823748850792255,0.043354642967190174,0.0002524865521566823
and consent,0.008209866391664815,0.0015292215149914086,1.2554704321338718e-05
and consistent,0.0076561831963671955,0.008889151072363037,6.805696907019532e-05
and construed,0.003836782494832123,-0.036198175931538984,-0.00013888452775898225
and consultants,0.007356742126528927,0.07737844284625192,0.0005692532501722325
and contemporaneous,0.007577054427323699,-0.040588330664646004,-0.00030753999056023427
and content,0.006382576608996469,0.05785752242495002,0.00036928006928397465
and continuing,0.015022153892912128,0.09178955081487755,0.0013788767581023684
and control,0.009349668515067149,0.08725410874563767,0.0008157969933493337
and cooperate,0.015156577968685773,0.003273470149437645,4.961460554811714e-05
and copies,0.0077385425905899365,0.002272307659511365,1.7584349602052436e-05
and copy,0.016933274192469542,0.03626336731372793,0.0006140575418655928
and correct,0.011031951815380848,-0.02993028161046817,-0.00033018942454746434
and court,0.007356742126528927,-0.023698404487086048,-0.00017434305062166808
and covenants,0.00516358862428463,0.08432923467658834,0.00043544147687066053
and customary,0.016067360140190487,0.008320620420963896,0.0001336904048934503
and delivered,0.003836782494832123,-0.007946113144876444,-3.048750781621737e-05
and development,0.0055220648402078635,0.08406498911272785,0.0004642123206718513
and direct,0.007914090218371736,-0.02867484648649351,-0.00022693532209206943
and directors,0.008209866391664815,-0.028371599075066416,-0.0002329270377241763
and discuss,0.01867133991726528,0.0693190437681398,0.0012942794289347278
and distributing,0.007914090218371736,0.05384186952665976,0.0004261094129597852
and distribution,0.00894732558105754,0.03189906926551984,0.000285411358451312
and distributors,0.01494368569602723,0.03215966787583789,0.00048058396882514514
and does,0.009349668515067149,0.041674257306544664,0.00038964049142780775
and drug,0.01916606663374838,0.02780065912501398,0.0005328292852521428
and during,0.005466786724991373,0.0111437039386312,6.092025275894312e-05
and each,0.009441330665021909,0.06644411591788028,0.0006273208691257535
and education,0.00995502034097201,0.08196508066603314,0.0008159640452797715
and effect,0.005397204080746488,-0.030287306747088516,-0.00016346677557020677
and employees,0.011249772088577359,0.03149710630302604,0.00035433526735873633
and end,0.00715813681928165,0.05387716250279722,0.0003856601006296935
and ending,0.00991600934571192,0.005279690849257248,5.235346380370458e-05
and enforceable,0.008864005188099064,-0.0005967944308014117,-5.289988930852341e-06
and enforced,0.006382576608996469,0.05897662034794679,0.0003764227975104704
and enforcement,0.018466440547210878,0.014673934658923042,0.0002709753419726595
and entered,0.0054397054459851225,-0.04346558463643167,-0.00023643997745972464
and exchange,0.025921713516929276,0.026311886174560466,0.0006820491755070086
and exclusive,0.0088958949492113,0.09270126995930734,0.0008246607592164753
and executed,0.0070960542288348435,0.007207179645181406,5.114253759916192e-05
and exercise,0.007914090218371736,0.01008509507389848,7.981435227568894e-05
and existing,0.0074275397412975714,-0.007134022609826197,-5.298823644979949e-05
and expense,0.011875673418052554,0.056071041757902805,0.0006658813801268411
and expenses,0.008801689805287689,0.050133142862148636,0.0004412563724368049
and experience,0.007824407676386914,0.03283116669227256,0.00025688443269175577
and file,0.007288344898710119,-0.033630391081833765,-0.0002451098892829094
and filed,0.03457018112807828,0.05643286239596016,0.0019508942746042604
and filing,0.01624020057699359,-0.024935783897506784,-0.0004049621320400772
and for,0.007482214981423145,0.1409085565398371,0.0010543081127530796
and from,0.0054942364680646396,0.02512708456887362,0.0001380541443744497
and fully,0.013771157604846948,-0.019658210545129222,-0.00027071631564623875
and furnish,0.008007945512605858,0.0013011650445659924,1.041965877979184e-05
and further,0.005823748850792255,0.07705862854417322,0.0004487700994277561
and good,0.011912687481018865,0.03468984623831079,0.00041324929700159435
and governmental,0.007035825129555003,-0.005061774019526756,-3.5613756846714985e-05
and guidelines,0.007356742126528927,-0.00903683207297117,-6.648164320159474e-05
and has,0.004508344529880566,0.04665062325430184,0.0002103170821640508
and have,0.01170794870285247,0.06714165044795713,0.0007860909992695336
and hereby,0.010208150246922627,0.06494239381521018,0.0006629417134604843
and hold,0.005323422232905861,0.006351034541210452,3.380923847863279e-05
and if,0.010446268718440139,0.064697522667463,0.0006758477072016905
and ii,0.012296441532036559,0.08739865900278565,0.0010746925004061544
and iii,0.011890455599103447,0.09067202507798351,0.0010781316882705573
and improvements,0.02359068795866755,0.06833606037029827,0.0016120946765203741
and in,0.010189220740054277,0.03833395548395803,0.0003905931342654625
and including,0.005360576676941627,0.02463203904669407,0.00013204193401922368
and industrial,0.014280455205571167,0.010326180783166886,0.0001474625621186445
and is,0.011297831899628808,-0.02100110123269449,-0.0002372669114340697
and its,0.010099844040280467,0.07730857310779184,0.0007808045313653181
and iv,0.0078100181735132855,0.03550274982301906,0.00027727712132747447
and joint,0.025972831835913132,0.020530887579056516,0.0005332452905328726
and know,0.017247089672219735,0.04397308801990414,0.0007584077922436981
and license,0.011359752369278369,0.2255631886941999,0.002562341967190921
and licenses,0.01412484272026769,0.13558787629085842,0.0019151574273834876
and local,0.005187185676830007,0.06280402837364922,0.00032577615642701864
and maintain,0.013258363622222132,0.11416220072141045,0.0015136039690775696
and maintained,0.007222190611637434,0.013350747639207962,9.642164425822838e-05
and maintaining,0.014135958978965024,0.04976608527288009,0.0007034913399611083
and maintenance,0.013293545451356832,0.09451470389903564,0.0012564355121033632
and manufacturing,0.00715813681928165,0.010638025474044927,7.614844183021712e-05
and market,0.007356742126528927,-0.0003475441202367086,-2.556792470172829e-06
and marketing,0.012927678349828222,0.018415333061221832,0.00023806750252043334
and may,0.010238663818767755,0.03372664979990242,0.0003453158290345117
and methods,0.008318948361898223,0.0713150205430947,0.0005932659733257158
and name,0.0147080083407518,0.026143900486880152,0.0003845247064208183
and neither,0.012916970499458608,0.046924078702857835,0.0006061169403190886
and no,0.008001211666850208,0.028488531968256802,0.00022794277435585146
and non,0.007492696222455828,0.04897819747561647,0.00036697875520824713
and not,0.008000858600213889,0.013540677774516246,0.00010833704822496336
and notices,0.007914090218371736,0.018416616843681066,0.00014575076721807647
and notwithstanding,0.0068652284858365525,0.04425017588799602,0.00030378756800954806
and obligations,0.007391963315363353,0.05772929176581356,0.0004267328069548015
and obtain,0.011190862642193971,0.056466744821745,0.0006319115851519659
and of,0.011834105373260918,0.035941813913249326,0.0004253392131555279
and on,0.0072533477580100985,0.0197699666747951,0.0001433984434565594
and one,0.011957079541391748,0.030944651291474255,0.0003700076568727885
and or,0.013852936059691607,0.05305130477081704,0.0007349163328733408
and other,0.011376269193586887,0.01053771336359081,0.00011987986390906699
and patent,0.007500912372361329,0.07505862320295241,0.0005630081554354328
and payable,0.005187185676830007,0.13121040459437036,0.0006806127313629881
and payments,0.006470308909173226,0.05404247426095912,0.0003496715026844486
and performance,0.004253831158791154,0.09878075078521431,0.0004201966355789284
and permitted,0.004920751887054668,0.012028485056163227,5.918919053852407e-05
and policies,0.006029097980452392,0.03694814021115557,0.00022276395752854984
and post,0.012700148634890796,0.013107576352277347,0.00016646816791710204
and pricing,0.013399719539933146,0.006498162161243922,8.707355048567438e-05
and prior,0.011273179077245387,0.02773135402666353,0.0003126205199970679
and procedures,0.008625585185743993,0.033968839641994326,0.00029300111999289955
and product,0.014135958978965024,0.06060985912359117,0.0008567784822919337
and promotion,0.005823748850792255,0.05219605936909987,0.00030397674076667973
and promotional,0.012021722060283258,0.140979970158675,0.0016948220173146186
and promptly,0.007035825129555003,0.0438740803846852,0.0003086903573066844
and provide,0.009873728522560866,0.06285441879978472,0.0006206074676724203
and provided,0.008402725732015623,0.05811538646442119,0.0004883276532706243
and public,0.00715813681928165,-0.030775814108743478,-0.00022029748811516439
and quality,0.010147689079987877,0.021524823528253932,0.00021842721666632856
and reasonable,0.010240339161176847,0.051715777922186915,0.0005295871059072956
and reasonably,0.010664289044768495,0.032129629655365206,0.0003426396575461801
and records,0.009755925420379685,0.08519608015057124,0.0008311666040576631
and regulations,0.0057422276891595835,0.026050418739048235,0.00014958743579756445
and regulatory,0.020353580423060562,0.04987796720278006,0.001015195216800561
and reimbursement,0.028658755596410596,0.03090692607347885,0.0008857540405761605
and release,0.013558630366746273,0.012386353908099518,0.0001679419942316245
and remedies,0.008864005188099064,-0.00021068041650373554,-1.8674723049199833e-06
and reporting,0.006470308909173226,0.023720607680759526,0.00015347965920782124
and resources,0.008007945512605858,0.00046272157030145816,3.705449122481498e-06
and review,0.0076561831963671955,0.01805454724471557,0.00013822892123300902
and right,0.007500912372361329,0.045424176603666024,0.00034072276829076446
and rights,0.01296651246879226,0.091912301826563,0.0011917820076695266
and risk,0.0070960542288348435,0.06260110875836836,0.00044422086253456975
and safety,0.011444013011291419,0.03245451288399022,0.00037140986771950905
and sale,0.005094409561542902,0.08152715063981245,0.000415332695744809
and sales,0.009032729198202664,0.08033866468596104,0.0007256774022534935
and section,0.009302550985233277,-0.029290298625504446,-0.0002724744963364633
and sections,0.015295410168484586,-0.01752671820420757,-0.0002680783438408004
and sell,0.008864005188099064,0.09216874838944428,0.0008169842639046313
and service,0.005637383368709824,0.017632515922988704,9.940125201276768e-05
and services,0.004209488165159662,0.17849081196587785,0.0007513549605601014
and set,0.007577054427323699,0.0011485867556937038,8.702904362394343e-06
and shall,0.011235702989333528,-0.013120852542000913,-0.0001474220021287641
and shipping,0.007035825129555003,0.05707898619331492,0.0004015977654284482
and signed,0.007750087395020588,0.0258189952169731,0.00020009946938316008
and similar,0.005360576676941627,0.06081486827261247,0.0003260027644734437
and storage,0.007577054427323699,0.019036275381772546,0.0001442388946612128
and subcontractors,0.01660860698590301,0.027667673379698013,0.00045952151337773513
and subject,0.01159637973220729,0.03328425702897519,0.0003859768836123859
and sublicensees,0.03257288649278473,0.018220788722847346,0.0005935036828783187
and submit,0.0074275397412975714,0.06564688897639587,0.00048759487676472977
and such,0.012538916728732509,0.11536334166796808,0.001446531334722969
and sufficiency,0.004900059141623133,-0.015098233335447332,-7.398223627771783e-05
and supersede,0.00656203038512981,-0.050369539496174176,-0.000330526448658891
and supply,0.006382576608996469,0.004363896320897036,2.7852902581843172e-05
and support,0.0055220648402078635,0.05398825590610605,0.00029812664972325275
and take,0.011957079541391748,0.014830202000645084,0.0001773259049366203
and termination,0.0038612376426594547,0.012203956344597379,4.712237562713208e-05
and that,0.008455910010131656,0.03515570895282514,0.0002972735112474692
and the,0.011314953147488014,-0.07386639116704895,-0.0008357947552291813
and their,0.005487898790895993,0.06953089621407522,0.0003815785212631382
and then,0.006515648457526557,0.03826867516176178,0.00024934523428931803
and there,0.0062177891400181096,0.01791427097013455,0.00011138715948944428
and thereafter,0.008625585185743993,0.041282012063734,0.0003560815116946488
and therefore,0.007222190611637434,-0.02138660168762877,-0.00015445811392322183
and third,0.013048728697589126,0.05603258532923037,0.0007311540041856397
and time,0.01171743623961945,-0.007958082878236473,-9.324832871534311e-05
and timing,0.008007945512605858,0.029174520314702038,0.00023362796903654662
and to,0.010061481171927197,0.0911583725083666,0.0009171882486564563
and trade,0.00925607453014168,0.09889193143995291,0.0009153510878378654
and transfer,0.006759018437786806,-0.02886944801827906,-0.00019512913144427595
and twenty,0.014280455205571167,0.03186131538546383,0.00045499408715269165
and under,0.005637383368709824,-0.0035383634168285553,-1.9947111078480565e-05
and unless,0.006257741435522016,-0.011837932847627986,-7.407872289152877e-05
and until,0.010986705956897746,0.06325680938569501,0.0006949839644921607
and upon,0.008402725732015623,0.14288161424024426,0.0012005950166084304
and use,0.007548241621159619,0.05179092794569542,0.00039093043791817703
and used,0.011532744409268832,0.027960507675782943,0.00032246138857820397
and valid,0.0077385425905899365,0.01778219607456083,0.00013760828167721018
and valuable,0.004441643413967741,-0.02716579680709877,-0.00012066078247343613
and vice,0.00656203038512981,-0.06449835758668385,-0.0004232401822747872
and viii,0.008007945512605858,-0.011185910600125963,-8.9576162594689e-05
and void,0.005791467762223785,0.038178311102550405,0.00022110845796657108
and warranties,0.006355145034946852,0.04726337372795637,0.00030036559488205944
and warrants,0.003372052747374184,0.004331587733636559,1.4606342317701475e-05
and whether,0.0057596950584364705,0.05247392747196654,0.00030223382075703943
and which,0.0075763567325803334,0.1100067888999645,0.0008334506757117895
and who,0.010332380910338494,0.012759635271378543,0.0001318374119008734
and will,0.006071497821921594,0.07604165532405771,0.00046168674467532894
and with,0.014149870305431602,0.04739103191301563,0.0006705769552097413
and without,0.0072277598724167546,0.09234791764842981,0.000667468573480568
anniversary,0.01103802783064938,0.1409413708010508,0.0015557147733918726
anniversary of,0.011530272168728926,0.16384980080016148,0.0018892327980178805
annual,0.014561001540528036,0.13188199881481513,0.0019203339879104398
another,0.011463176561801576,0.03680851281234352,0.00042194248134522927
another person,0.007577054427323699,-0.00991273545421307,-7.510933606023375e-05
answer,0.012700148634890796,0.01784720217123431,0.00022666212029162148
anti,0.00986046394700813,-0.018402196241855264,-0.00018145419258858232
anti bribery,0.008106380888247012,0.0009170444576664707,7.433911665300324e-06
anti corruption,0.008106380888247012,-0.003060152559357064,-2.4806762222292285e-05
anticipated,0.008703224135805775,0.13568702794856474,0.0011809146165577015
any act,0.010836370540550587,0.04951816814816089,0.000536597218542761
any action,0.009833442648403204,0.04364705865530567,0.000429200848058439
any actions,0.011444013011291419,0.008250140308146185,9.441471303140473e-05
any activities,0.01489186660568811,0.016934895618139243,0.0002521922065265817
any acts,0.008007945512605858,0.026363652928899847,0.0002111186961678818
any actual,0.006515648457526557,0.06117221608705217,0.00039857665539108275
any affiliate,0.017061143658661713,-0.007569816701123977,-0.00012914973020761286
any agency,0.007222190611637434,-0.026672022914245967,-0.00019263043348464575
any agreement,0.0074380395883607165,0.0900463060027529,0.0006697679888341193
any amendment,0.005993388641282742,-0.07348920957989655,-0.00044044939395299884
any amendments,0.011623842254693982,-0.039996487840156116,-0.0004649128653957607
any amount,0.009646896486099892,0.06941897406408747,0.0006696776569675048
any amounts,0.009076245286739117,0.017540378225380442,0.00015920077519573068
any and,0.0075303606298905935,0.11908308268206845,0.0008967385575150546
any applicable,0.008901500398089447,0.07028865281049396,0.0006256744709737829
any arbitration,0.007222190611637434,-0.0049088399294395825,-3.545257765242952e-05
any aspect,0.0076561831963671955,0.015079562956244482,0.00011545189651416023
any assignment,0.010332380910338494,0.046782498220362734,0.0004833745915500205
any authority,0.0068652284858365525,0.03425650184087454,0.00023517871226308418
any award,0.007914090218371736,0.005540415840231964,4.384735080689161e-05
any bankruptcy,0.0062177891400181096,0.04267617439405891,0.0002653514536848984
any breach,0.00754756097790582,0.09656757614725893,0.0007288496694600003
any calendar,0.015438949431295972,0.06237906170785307,0.0009630671792792344
any case,0.01638245602355141,-0.021744247784300084,-0.00035622418309150136
any cause,0.006920506601053043,0.07749465438532438,0.0005363022672199615
any changes,0.009120322888674414,-0.0020588103969943965,-1.877701558714885e-05
any claim,0.0034012222915360477,0.05818083346627656,0.00019788594772564633
any claims,0.004760864299035681,0.08195184407419542,0.00039016160869297583
any clinical,0.024802244571503484,0.0498108412093977,0.0012354206659878062
any combination,0.015022153892912128,0.03488161204808485,0.0005239969442191884
any confidential,0.011547564094671323,0.02714262780275599,0.0003134312342501326
any content,0.0076561831963671955,0.01689800025722835,0.00012937418562160023
any contract,0.009397445052668898,-0.04667995780116913,-0.00043867233849738976
any costs,0.00617861266647852,0.028709961558774262,0.00017738773214115406
any country,0.02180764474130458,0.08249450210425226,0.0017990107950003364
any court,0.007852634922488343,0.06352728709807579,0.000498856593197293
any damage,0.0070960542288348435,-0.008144796430964957,-5.7795917156947826e-05
any data,0.017555352252749137,0.05208345017991706,0.0009143433144469543
any day,0.006977342049417754,-0.016065665210900183,-0.00011209564142788179
any development,0.01660860698590301,0.029032274537009774,0.0004821856376920346
any disclosure,0.007288344898710119,0.09409190973231256,0.0006857742903073932
any dispute,0.008990337587727711,0.04910580109564277,0.00044147772936563783
any disputes,0.014077363484403126,0.007570180555584083,0.00010656818332351795
any documents,0.006658121164349814,0.04561111201342204,0.0003036843102260953
any entity,0.005697612467989664,0.14516062864315654,0.0008270690076184662
any event,0.012088243721000232,0.0911374328110623,0.0011016914999264044
any existing,0.01429453943357473,0.0037842032970006956,5.409344325363995e-05
any failure,0.004667009004801561,0.023208035397752253,0.00010831211018506314
any filing,0.007824407676386914,0.010278291697900897,8.042154446119966e-05
any form,0.005697612467989664,0.016555227144015385,9.432526858614297e-05
any future,0.00715813681928165,0.056547458350507576,0.0004047744436555639
any given,0.012014664210652193,0.03450742688691197,0.00041459514681987844
any government,0.005958300365683749,0.001332432306915879,7.939031901545722e-06
any governmental,0.0072533477580100985,0.06270215880591021,0.000454800562997242
any group,0.009504822649092193,0.007703971989545187,7.322488745420094e-05
any improvements,0.01722932649787109,0.0711381048474907,0.0012256616348572033
any individual,0.009595527596969057,0.04158101968939495,0.00039899182193970295
any information,0.009740908829784236,0.07468347194891305,0.0007274848913461103
any intellectual,0.0052844346219792565,0.0757081468439138,0.0004000747523478677
any joint,0.029818877593317555,0.059595392219610424,0.0017770677057223126
any jurisdiction,0.010505050524174508,0.03507568344067823,0.00036847182671427596
any kind,0.006496237463546762,0.060293105024901796,0.00039167832765632656
any law,0.004900059141623133,0.012588813966568876,6.16859329590788e-05
any liability,0.009252995603088756,0.017673455372052536,0.00016353240484898746
any litigation,0.01565893610553265,0.027449911472468037,0.0004298364098499047
any material,0.011231636630257757,0.04545178638293901,0.0005104979488492685
any matter,0.010332380910338494,0.014020121999618869,0.00014486124090947876
any modification,0.006920506601053043,0.05181147111128212,0.00035856162783589696
any necessary,0.00656203038512981,0.03144390591153982,0.00020633586601868714
any notice,0.006708477562186816,0.05146405484227477,0.0003452454571685521
any number,0.005791467762223785,-0.043260360726530736,-0.00025054098452987467
any obligations,0.005728414974598702,0.02525175662088016,0.00014465254076197185
any of,0.010874758679996429,-0.017437204009574277,-0.0001896253856579864
any one,0.004859299674676837,0.1255113639954703,0.000609897330231435
any order,0.01052763215173791,0.049988542402603524,0.0005262609862161627
any other,0.01013684317619691,-0.006934635951976035,-7.029531712919804e-05
any part,0.009054490371757335,0.004094945801322555,3.70776473309432e-05
any particular,0.009544919756466565,0.057036812428468905,0.0005444117977943706
any patent,0.011768870656703406,0.18281108664401252,0.002151480033324783
any patents,0.015587526175657836,0.06358895997569784,0.0009911945781040487
any payment,0.01088589160499866,0.09028458330465562,0.0009828281874569528
any payments,0.013744327839717048,0.09465740738917558,0.0013010024396144842
any period,0.00610247061151615,0.04821482489436785,0.00029422955195727705
any person,0.008387466142065553,0.02402937614549183,0.00020154557883527037
any portion,0.008028464890720578,0.07549897155991811,0.000606140842454314
any post,0.013725295945480455,-0.0045263923358280665,-6.212607437459476e-05
any prior,0.009349668515067149,0.031877750301959516,0.0002980463983294032
any product,0.01765352382145959,0.1447999503442187,0.00255622937274783
any products,0.016104662495872946,0.1044838101551802,0.0016826764988320394
any proposed,0.006470308909173226,0.07000900345616874,0.00045297987878478783
any provision,0.006119703307460971,-0.027257741286867834,-0.00016680928950716056
any public,0.006382576608996469,0.06364338741121038,0.0004062087958080917
any purpose,0.004361253297591291,0.0635185669257926,0.00027702055946338605
any reason,0.0035119372242166306,0.04049193268653456,0.00014220512568231483
any regulatory,0.019631542260999578,0.008778825320149376,0.00017234188027444563
any remedy,0.012829068340572373,0.018842098268914687,0.00024172656637168693
any representation,0.005259679403504634,0.006989592315677339,3.676301474166236e-05
any representations,0.009972472891647197,0.024071861944706695,0.00024005599069506128
any required,0.017247089672219735,0.02786497501281875,0.00048058972276024723
any right,0.003372052747374184,0.07227907218250576,0.00024372884393067553
any rights,0.005825751819735047,0.1279033529740536,0.0007451331913388068
any rule,0.006811424630819635,-0.018313764113832252,-0.00012474282396797773
any sales,0.011273179077245387,0.05982324535153844,0.0006743981578298804
any specific,0.007222190611637434,-0.02498705679157168,-0.00018046128697254038
any study,0.011353462101817188,0.03619751990889033,0.00041096717046535953
any subsequent,0.010597097687241605,-0.017709465017784694,-0.0001876689307822523
any successor,0.013744327839717048,0.0411737840372333,0.000565905986209443
any such,0.012142913488038514,0.10835846384458177,0.0013157874521615056
any taxes,0.0068652284858365525,0.04148899279361289,0.0002848314151753787
any term,0.004667009004801561,-0.01357575686491967,-6.335817953557671e-05
any termination,0.004704028850670971,0.04327888191300941,0.00020358510914357834
any terms,0.006425965915541734,0.007688912072245745,4.940868690384852e-05
any that,0.007824407676386914,0.0056954276666944265,4.456334795559028e-05
any the,0.007914090218371736,0.006972986232879681,5.518484213847386e-05
any third,0.01095708785839053,0.14776783289613088,0.0016191051276868763
any time,0.005961107884914936,0.05508749665587665,0.00032838251067557144
any use,0.009302550985233277,0.0576315320712714,0.0005361202654501089
any warranties,0.007288344898710119,0.03489604280052024,0.00025433439553034166
any way,0.003430819766009311,0.03421216019345617,0.00011737575542958636
anything,0.009733884048328789,0.10337135165431614,0.0010062047509221336
anything to,0.010240339161176847,0.1149736702974773,0.001177369378451492
anywhere,0.01429453943357473,0.07849017128622701,0.001121980848599007
anywhere in,0.015295410168484586,0.07129191110534876,0.0010904390220514506
appeal,0.006425965915541734,0.0272423677557345,0.00017505852665700305
applicable,0.013345689795843047,0.012664228448009185,0.0001690128643708214
applicable and,0.005958300365683749,0.024541300850312486,0.00014622444183077179
applicable governmental,0.01171743623961945,0.03767357841082029,0.00044143775294709056
applicable law,0.012494042482591549,0.06443916203895972,0.0008051056280573634
applicable laws,0.00949855520894743,0.054268397458607925,0.0005154713693616898
applicable or,0.007914090218371736,0.007297504525856943,5.77531091866079e-05
applicable party,0.007914090218371736,0.060212430145671146,0.0004765266044402475
applicable product,0.014487546898181363,0.03791425792692977,0.0005492845898261396
applicable provisions,0.007356742126528927,0.015078093498802035,0.00011092564563037888
applicable regulations,0.007577054427323699,0.033473966215930656,0.0002536340639165013
applicable regulatory,0.023236411189781255,0.03795560831370494,0.0008819521217355279
applicable requirements,0.013900512133821133,0.030330819678482314,0.00042161392696948423
applicable rules,0.007356742126528927,-0.022709537981767787,-0.0001670682147444798
applicable securities,0.007288344898710119,-0.012313447209895913,-8.974465015778122e-05
applicable the,0.013394553705005625,0.006738461904590549,9.025868987017259e-05
applicable to,0.012167029026382505,0.04753778813836463,0.0005783936481295043
application,0.01209035525434792,0.08923265134951147,0.001078854455102962
application and,0.006515648457526557,-0.0214536386709175,-0.0001397843677144957
application of,0.008475408617727173,-0.04088332954573395,-0.00034650292355329346
application or,0.013485611036918307,0.028541440633180908,0.0003848987668123731
application to,0.011532744409268832,0.017791132188125995,0.0002051805802771728
application with,0.009136984351435114,-0.005480215033967126,-5.007263900785708e-05
applications,0.012345243890046575,0.09237748381811006,0.0011404225676833995
applications and,0.011893409127370474,0.06247784165060442,0.0007430745321457058
applications for,0.011357528220928155,-0.0037147790181296554,-4.2190707532919346e-05
applications or,0.007824407676386914,-0.002520380940034384,-1.97204879746243e-05
applied,0.011990228595434577,0.06089887080208167,0.0007301913821207956
applies,0.005550282432954849,0.0488819549397974,0.000271308655790848
apply,0.012416383214992608,0.055147791322663335,0.0006847361105226321
apply and,0.013399719539933146,0.02684694529697672,0.00035974153748341526
apply in,0.012963044992779548,-0.016122892342451022,-0.00020900177884893343
apply the,0.0076561831963671955,0.03373830224839037,0.0002583066227480839
apply to,0.011209404660288426,0.10102964036406141,0.0011324821215241735
apply with,0.01660860698590301,-0.0043713265585530675,-7.260164481804784e-05
appoint,0.01088116487623029,0.08263413236682614,0.0008991556186876731
appoint one,0.007914090218371736,0.01592750657865631,0.0001260517240171954
appropriate,0.012371970074399719,0.06588117651430944,0.0008150799443012819
appropriate and,0.006811424630819635,0.05372134883373423,0.000365918918646951
approval,0.015184878454560248,0.15680918136050903,0.002381128359518424
approval and,0.0062177891400181096,0.062031372683125634,0.0003856979954095546
approval by,0.01382014686360225,0.023408034794733783,0.00032350247865153245
approval for,0.021222299240755967,0.07395056307088319,0.0015694009785126805
approval from,0.006609503751760677,0.015163171334355645,0.00010022103782301359
approval in,0.01835954883831739,0.10092731629719756,0.0018529799926787053
approval of,0.013246449279044982,0.13112243595808817,0.0017369066972636388
approval or,0.017583899536407363,0.12072495565754288,0.0021228154918194676
approval shall,0.015230706571463987,0.02835795576076096,0.000431911703158707
approval to,0.006811424630819635,0.05606024187337135,0.0003818501123059879
approval which,0.007914090218371736,0.08439250411929725,0.0006678898913544268
approvals,0.017111362227559504,0.09408743647367097,0.0016099642065634779
approvals and,0.014301989518693011,0.06389752600116763,0.0009138617471391137
approvals for,0.02184386422165385,0.018919236065109882,0.0004132692237836769
approvals or,0.008209866391664815,0.030821287009425682,0.00025303864836653925
approve,0.011792253170692032,0.14076183506436862,0.0016598991958502298
approve or,0.013102491568900407,0.06439233099276727,0.0008436999739345775
approve the,0.0067079391274018334,0.06260764213720334,0.00041996825236651804
approved,0.013885066030782172,0.08712006137143735,0.0012096678047482027
approved by,0.008234334914512057,0.01526219703878939,0.00012567404194866602
approves,0.007500912372361329,0.06222907763542653,0.0004667748583562045
april,0.005235224255677302,-0.041917620083562965,-0.00021944814140173487
arbitration,0.018171572718111643,0.08826320112264867,0.0016038811775335236
arbitration award,0.008106380888247012,-0.0413332673459242,-0.0003350632084618042
arbitration proceedings,0.007914090218371736,-0.007598329225493404,-6.013386299944544e-05
arbitration rules,0.00656203038512981,0.03208450662537461,0.0002105395073676069
arbitration shall,0.012290637994374935,0.062462267771186596,0.000767701121483367
arbitration the,0.01171743623961945,0.07571847987856829,0.0008872264601380322
arbitrator,0.004799664052381227,0.13807153509994402,0.0006626969836762942
arbitrators,0.01002988544904967,0.07148787074607496,0.0007170151545796007
are,0.011647883071532188,-0.06452518174371528,-0.000751581772120159
are and,0.005728414974598702,0.13116251108127272,0.0007513532925839309
are applicable,0.007288344898710119,0.017648139042912004,0.0001286257241651346
are authorized,0.007035825129555003,0.015062351583439855,0.00010597607178095872
are available,0.012456047189639032,0.027434914671518203,0.0003417305917921509
are consistent,0.012340240616199498,0.041419096868285765,0.0005111216214603215
are defined,0.006658121164349814,0.03357682620853457,0.00022355857721073952
are due,0.01111048324533123,0.03336334806914938,0.00037068291973043824
are expressly,0.0067079391274018334,0.06563691771001623,0.0004402884485090722
are hereby,0.008159864427185609,-0.020248246048634948,-0.0001652229426451579
are in,0.00953303170836246,0.06012492890861101,0.0005731728537488274
are included,0.013578669788269685,0.07821120417348588,0.0010620041152147048
are listed,0.007577054427323699,0.022427642284521994,0.00016993546626636955
are necessary,0.013177272189926436,0.06750092846651204,0.0008894781074759828
are no,0.007996389849855064,0.052759974547110254,0.000421889324947124
are not,0.011078116436810032,0.1214082027670322,0.0013449742066370244
are or,0.01111048324533123,-0.007892714067503904,-8.769186740719223e-05
are required,0.00498413484815129,0.0575850127868417,0.00028701146896213534
are subject,0.004839224633488535,0.037803439986123816,0.00018293933801145584
are to,0.005005712861255362,0.005722483942219289,2.864511146789438e-05
are unable,0.005856554858055854,0.1362473690641294,0.0007979401911898559
area,0.008512338347721495,0.05689583388588823,0.00048431658861243846
area of,0.013247873796826097,0.045937982690014346,0.0006085805971580919
arise,0.007548241621159619,-0.015037492890018428,-0.00011350662971032895
arising,0.008494886177399685,0.049016199704211505,0.00041638703733596884
arising from,0.0060711061411256265,0.1233728226142145,0.0007490095010211602
arising out,0.004771914460874431,0.06577907760472403,0.000313892131644964
arising therefrom,0.021423136618428713,0.034886761035891375,0.0007473838478463766
arrange,0.0062177891400181096,-0.0184358384784363,-0.00011463015627834922
arrangement,0.011505277873698908,0.06316328744344586,0.0007267111734531618
arrangements,0.012680040798980427,0.03490974809542922,0.0004426570301321717
arrangements with,0.01888534886149456,0.028498548416704576,0.0005382050288956593
article,0.020480053179042102,-0.058532709484636236,-0.0011987530029587722
article 10,0.020162619028608764,0.01019546334608509,0.00020556724326725842
article 13,0.007914090218371736,0.016725481860011594,0.00013236697238587166
article 15,0.01795694095720849,0.01952858118702052,0.00035067357935337996
article 16,0.00897549618816888,9.824768630253174e-05,8.818217339047855e-07
article definitions,0.006609503751760677,0.006826250313342833,4.511812705649695e-05
article ii,0.011444013011291419,-0.020822163709235984,-0.00023828911241173658
article iii,0.006759018437786806,-0.024116514293830424,-0.0001630039647671489
article iv,0.0068652284858365525,-0.02869028158643461,-0.0001969653384138628
article ix,0.007222190611637434,-0.006290969653621874,-4.54345819704839e-05
article shall,0.008318948361898223,-0.010127735025334143,-8.425210469874272e-05
article vi,0.0068652284858365525,-0.0036092308271757647,-2.4778194286686483e-05
article vii,0.0068652284858365525,-0.04125572249028578,-0.00028322996124407763
article viii,0.006977342049417754,-0.019507909421252512,-0.0001361133567011379
article xi,0.008556578580126829,0.016634278181446523,0.0001423325083832364
articles,0.011792253170692032,-0.08172671899864169,-0.0009637421612419892
articles and,0.0168055728597393,0.008881402754052995,0.00014925706107992687
as all,0.012119779173629061,-0.018794142419490775,-0.0002277808558819628
as amended,0.020725763041966713,-0.0237314499376259,-0.0004918524080495301
as an,0.010855571631385832,0.03162761597748164,0.000343335850773515
as and,0.006515648457526557,0.03190642562877646,0.00020789105293332312
as any,0.005027524154696555,0.050494363243091825,0.00025386163088066604
as applicable,0.014954681402734626,0.08143491619396505,0.001217833226739142
as are,0.012373277943600868,0.08348742620298139,0.0010330131292053547
as at,0.008007945512605858,-0.0073965346923398085,-5.923104679835612e-05
as between,0.016607224879997905,0.1576298120651029,0.0026177937367569707
as condition,0.0068652284858365525,0.006280599673156405,4.311775178428909e-05
as confidential,0.004799664052381227,0.02089658388582764,0.00010029658249437575
as defined,0.009762235767893018,0.05888444940734383,0.0005748438781770588
as described,0.013008057289806368,0.04819716696715586,0.0006269515091151265
as determined,0.012840396531762093,0.05096069310572235,0.0006543555070109096
as distributor,0.008434266890400183,0.06675446201714975,0.0005630249487777228
as either,0.007288344898710119,-0.02187555345828548,-0.00015943657845415548
as exhibit,0.005005712861255362,0.021370552161261276,0.00010697484780575414
as expressly,0.006475721085032223,0.10609944293032175,0.0006870703996940576
as follows,0.007661332753954457,-0.05976023976418942,-0.00045784308228955596
as foreign,0.008556578580126829,-0.031933128857298244,-0.0002732383263767881
as further,0.006140182457047066,0.07009515073212479,0.00043039701484946243
as if,0.009717952047065109,0.020770033279161864,0.00020184218742284147
as in,0.006382576608996469,0.010942537382605172,6.984158314128522e-05
as is,0.010150893307379422,0.017049319329862006,0.00017306582148087085
as it,0.007005705533219557,0.04107281780958091,0.0002877440669934997
as its,0.01052763215173791,0.029207590078292718,0.00030748676438301564
as may,0.00861154704055172,0.067428207606695,0.0005806611816651414
as more,0.007222190611637434,-0.03359333000693933,-0.00024261743258975532
as mutually,0.006298500902468313,0.08256261774687317,0.000520020722388827
as needed,0.012456047189639032,0.06235125749404035,0.000776650205679101
as non,0.007824407676386914,-0.04184948731130403,-0.00032744744977142396
as of,0.010178137331625422,-0.05406561558787662,-0.0005502872603722764
as otherwise,0.009245805575629842,0.03597586230444963,0.00033262582828257184
as part,0.0042389416078646444,0.13606129782081186,0.0005767558965527025
as party,0.004941659068899578,0.013208341113288159,6.527111864759958e-05
as possible,0.004879576478452771,0.01908087945237659,9.31066105640096e-05
as practicable,0.00854967168931364,0.049284856082712034,0.00042136933876226016
as provided,0.010861389635338751,0.11651373525306018,0.001265501076452191
as reasonably,0.01096489583043359,0.07770644097144494,0.0008520430306056306
as requested,0.006425965915541734,0.022288753333030355,0.00014322676921797029
as required,0.008001211666850208,0.004139619471007245,3.3121971607743456e-05
as result,0.009125053554123875,0.05479054171873284,0.0004999666274428955
as set,0.008979871455775666,0.1109693509888799,0.0009964905074109937
as soon,0.01051044577330851,0.09282399828052493,0.0009756216003891395
as such,0.011780701849294356,0.11988345937212402,0.0014123112915249863
as that,0.006470308909173226,0.018200159090470753,0.00011776065151144299
as the,0.010269711083946186,-0.0008735379170702954,-8.970982029184076e-06
as they,0.007840382522370326,0.028985722011502714,0.00022725914825727072
as this,0.015156577968685773,-0.004829424476189601,-7.319754861724714e-05
as to,0.010107759632820372,0.07071091451941028,0.0007147289273791071
as used,0.01083983922751159,0.04144511515636384,0.00044925838506068794
as waiver,0.004612722546028404,-0.049060231593704304,-0.00022630123638565485
as well,0.012880102766053827,0.0796469382711099,0.001025860749933441
as whole,0.006298500902468313,0.001668894602256735,1.0511534158438542e-05
aspect,0.006977342049417754,0.03741529551123421,0.00026105931466192576
aspect of,0.007222190611637434,0.03107210437522733,0.00022440866050258527
aspects,0.005309497366556654,0.055512100692614294,0.0002947413524394634
assert,0.01382014686360225,0.03274919955293396,0.00045259874748696454
assessment,0.010461300616020073,0.0007473891387098229,7.818662457191783e-06
assets,0.008364222809798202,0.03237060811736716,0.0002707549787823212
assets for,0.007824407676386914,0.027406128095753372,0.00021443671905245577
assets of,0.007840382522370326,0.03476812726517982,0.000272595417345463
assets to,0.007577054427323699,-0.04023532848803805,-0.000304865273855112
assign,0.009172533413676751,0.057107995493574364,0.0005238249968529122
assign and,0.007824407676386914,0.045347058370430814,0.0003548138716151643
assign or,0.005466786724991373,0.006789437520699858,3.711640690832032e-05
assign this,0.0078100181735132855,0.01821906224172858,0.0001422912072122699
assign to,0.010664289044768495,0.10141516951459888,0.0010815206812278767
assignable,0.006257741435522016,0.10267198263132403,0.0006424947199792331
assigned,0.013121185341828573,0.02335073269953936,0.000306389291618153
assigned by,0.0060654507656467405,-0.05319914528699965,-0.0003226767965127842
assigned to,0.017836997117132363,0.08187332940546771,0.0014603743405753559
assigning,0.020007404716266226,0.08268895965384807,0.0016543914813615475
assigning party,0.022687678982541377,0.04369512962845795,0.0009913410741109864
assignment,0.009570625017197703,0.050606637836035334,0.0004843371541098236
assignment for,0.004612722546028404,0.032642802699716145,0.0001505721919785375
assignment of,0.012321842417273228,0.031574174634542,0.000389052004302292
assignment or,0.005637383368709824,0.05640973155395758,0.00031800328249566626
assignment shall,0.007222190611637434,-0.012400481070763681,-8.955863796905718e-05
assignment this,0.005637383368709824,-0.009820396713933947,-5.536134110926384e-05
assigns,0.007107900723551489,0.005248491981492665,3.73057599528059e-05
assigns and,0.005856554858055854,-0.03906780748553353,-0.00022880275772299227
assigns of,0.01171743623961945,0.04076094999128622,0.0004776138325892132
assist,0.01112644012558183,0.028682593126968664,0.0003191351550736417
assist in,0.005856554858055854,-0.005555672571862561,-3.253710119050934e-05
assistance,0.006394866026154621,0.06413743533423559,0.00041015030622359213
assistance to,0.0056672731745598705,0.049831656204496325,0.000282409608451632
associated,0.00820433093940786,0.17794924138423449,0.0014599544667328326
associated with,0.009083804910415825,0.1753642908350586,0.0015929750061990944
association,0.006374947796226628,0.0008053518399795139,5.134075937464462e-06
association with,0.006977342049417754,-0.0026676247140227432,-1.8612930089216898e-05
assume,0.009941538214179549,0.10392424984790075,0.0010331669012428484
assume or,0.006658121164349814,0.05215501755825355,0.00034725442623164413
assumed,0.005791467762223785,0.06273128795489903,0.00036330623187357495
assumed by,0.0076561831963671955,0.02752554239839427,0.000210740595181479
assuming,0.012340240616199498,0.009643846449834452,0.00011900738565663844
assurance,0.009164976684716532,0.002201090533544325,2.0172943420884013e-05
at,0.01197033167778039,-0.09845098715543939,-0.0011784909702555063
at all,0.003730260835847578,0.15568001774174126,0.0005807270731060736
at any,0.006570420295864101,0.0515959015222567,0.00033900675854524093
at each,0.006920506601053043,0.03440828146501363,0.0002381227390095179
at its,0.01238303456195425,0.09677820431722065,0.0011984078489040133
at law,0.004068344964146193,0.015722215556127832,6.396339648299361e-05
at least,0.010340480511317338,0.1690823904993806,0.0017483931637657928
at no,0.00455985860483857,0.06790984181561902,0.0003096592765561765
at rate,0.007500912372361329,-0.004477166532627843,-3.358283383771026e-05
at reasonable,0.0068652284858365525,0.03194746335802839,0.00021932663549575597
at such,0.004283944031145198,0.07491863516483224,0.0003209472399359278
at the,0.009572191890917047,-0.019462795665885754,-0.00018630161484756708
at which,0.009699049663319165,0.05725514418104529,0.0005553204868924575
attached,0.006821138356083323,0.06109287064477004,0.00041672292323827783
attached hereto,0.006708477562186816,0.06681072282737316,0.00044819823500091534
attend,0.016933279610130844,0.07494872702533908,0.0012691277511434368
attendance,0.0076561831963671955,0.08551372360156516,0.0006547087336970921
attention,0.006516877808846684,0.0026453888880857866,1.7239676140535866e-05
attention of,0.012340240616199498,0.04317362300801951,0.0005327728961920475
attn,0.01109328766626697,0.06679538004067104,0.000740980365568791
attn general,0.012829068340572373,0.024805318653449576,0.0003182291282147793
attorneys,0.008046710456457851,0.151345462952522,0.001217833119277513
attorneys and,0.006811424630819635,0.057268082481960074,0.0003900772275774333
attorneys fees,0.0062386803424889685,0.1514197962876956,0.0009446597065637307
attributable,0.011997152540746436,0.03839486970491988,0.00046062910863200785
attributable to,0.012156760809945082,0.04130416765023955,0.0005021248865778337
audit,0.007005705533219557,0.23566780509161472,0.0016510192461320335
audit rights,0.006811424630819635,0.13906727279213876,0.0009472462472372873
audited,0.01573255684797234,0.09348028627633512,0.0014706839180071707
auditor,0.017234272731483424,0.03404802722012805,0.0005867929870806582
august,0.01026970086267994,-0.06807490291318563,-0.0006991088891743956
authorities,0.019621035690597383,0.11802151288538643,0.002315704316582466
authorities and,0.011912687481018865,0.04725386163543781,0.0005629204859342776
authorities in,0.02622641311697952,0.055757976883322416,0.0014623317363090078
authority,0.01349889017834692,0.04363961639351692,0.0005890863891212728
authority and,0.005697612467989664,0.013935202851375545,7.939738550996243e-05
authority as,0.008106380888247012,-0.0014825419100866054,-1.2018049405951278e-05
authority in,0.022393891350382427,-0.022389278912069658,-0.0005013830793702964
authority including,0.01222823167156043,0.033454286785432254,0.00040908676921908824
authority means,0.011912687481018865,-0.00018402755801390715,-2.1922627865147445e-06
authority of,0.022094659541903924,-0.014974367360776118,-0.00033085354869174675
authority or,0.004859299674676837,0.04885810714686503,0.0002374161841640873
authority to,0.010831388105451992,0.10584772645575334,0.0011464778053219828
authority with,0.00715813681928165,0.025240994682146026,0.0001806784933895618
authorization,0.004137682543878247,0.030740223685198725,0.00012719328693715942
authorization of,0.006609503751760677,-0.015383351449058209,-0.00010167631911720328
authorizations,0.011647890919377782,0.00859850918444126,0.0001001544970496398
authorize,0.01449609292505743,0.06564699717576897,0.0009516249713109297
authorize the,0.0070960542288348435,0.048514057069670935,0.00034425837982717336
authorized,0.007085462786634211,-0.030985666555743453,-0.00021954778729977648
authorized by,0.0043299732137535235,0.06370706869987532,0.00027584990099721563
authorized in,0.0067079391274018334,0.01934379302594759,0.00012975698611111653
authorized or,0.007288344898710119,0.028192557260790233,0.00020547708089327341
authorized representative,0.00854967168931364,-0.04476302107173104,-0.0003827091339851287
authorized to,0.004859299674676837,-0.022081501898595566,-0.0001073006349922214
availability,0.011742362480548616,0.05266833503591742,0.0006184506812387208
availability of,0.005728414974598702,0.027701391534589836,0.00015868506608396614
available,0.011571404657436302,0.09408109762171829,0.0010886504511966703
available and,0.0076561831963671955,0.04617753873911831,0.0003535436961440328
available for,0.008028464890720578,0.12211373506357627,0.0009803858346326764
available from,0.013399719539933146,-0.0007006880236144711,-9.389023001423966e-06
available funds,0.01222823167156043,0.019701611141567214,0.00024091586534208002
available in,0.010955185286918544,0.04376998827800638,0.0004795083315918126
available or,0.014280455205571167,0.026173166206190323,0.00037376472759546994
available to,0.011617998107392245,0.11210660841489581,0.001302454364390423
average,0.013312898299870866,0.07039506398466869,0.0009371623276407966
avoid,0.013177272189926436,0.09150821780851733,0.0012058286936779063
avoidance,0.013184912297812853,0.05038329551824565,0.0006642993326828562
avoidance of,0.013184912297812853,0.05085413365942192,0.0006705072922807306
award,0.017050563007966976,0.035734602439010735,0.0006092950904510028
award of,0.007577054427323699,0.009890376362256923,7.493992000353648e-05
award shall,0.012829068340572373,-0.015756303254537498,-0.00020213869124724446
aware,0.010946386247813604,0.05142404109719592,0.000562907416273347
aware of,0.011644105835185103,0.06848328621941753,0.0007974266326801712
az,0.03563116061943376,0.007131116946936759,0.00025408997333226975
back,0.012156760809945082,0.08435912866973214,0.0010255337493733142
back to,0.0077385425905899365,0.01598809541088395,0.00012372455727954095
background,0.005889903137864939,0.06977152742135254,0.00041094753829265393
bank,0.01394390623104751,-0.0540088479833672,-0.0007530943119269716
bank account,0.011444013011291419,-0.005077703763686508,-5.810930793911181e-05
bank of,0.012119779173629061,-0.024720436422663444,-0.0002996062305184177
bankrupt,0.0060654507656467405,0.0615416712568765,0.00037327797704420155
bankruptcy,0.01209035525434792,0.03677811456621291,0.00044466047069062205
bankruptcy code,0.01708142152797647,0.053811772582599775,0.0009191815706509938
banks,0.006298500902468313,-0.00342876988772018,-2.1596110232161728e-05
based,0.01074931141805664,0.05769484916026339,0.0006201799008414749
based on,0.01182806069756623,-0.02216391732508852,-0.00026215615941698676
based upon,0.004283944031145198,0.18285291908169146,0.000783331671277488
basis,0.012218282976252482,0.054756140075186956,0.0006690260141259531
basis and,0.009972472891647197,0.06289797513096139,0.000627248351933012
basis for,0.015906363559501972,0.03088427258987181,0.0004912564680852625
basis in,0.01111048324533123,0.04108073498262112,0.0004564268177303045
basis of,0.009164976684716532,-0.031221483077403193,-0.000286144164466672
be accompanied,0.006977342049417754,0.1349304558350242,0.0009414559432448194
be adjusted,0.007035825129555003,0.007163842251817695,5.040354133950684e-05
be agreed,0.01210296797640444,0.003427000740062199,4.147688021208711e-05
be allocated,0.018587872807841316,0.05752488493876693,0.0010692652445275063
be an,0.004283944031145198,0.056402448350250996,0.00024162493195203309
be applicable,0.011031951815380848,0.05447826300186721,0.0006010015724222442
be as,0.012435127844367845,0.046868798519429364,0.0005828195015010225
be assigned,0.012178270234800535,-0.00546610187362308,-6.65676657479314e-05
be at,0.008664184090828546,0.09331155403320066,0.0008084684819449453
be available,0.008227509543674946,0.03809358347842704,0.00031341532162153674
be binding,0.007076631333676525,0.03445569547586102,0.00024383025422809455
be borne,0.011792253170692032,0.06894976751481505,0.0008130731145950562
be bound,0.004283944031145198,0.03455079583846956,0.00014801367560352802
be calculated,0.010734723844348107,-0.013256147579359652,-0.0001423010835043495
be carried,0.011273179077245387,-0.008245250979212086,-9.295019082549071e-05
be charged,0.005578900288572575,0.021325289000943676,0.00011897166096125824
be completed,0.006298500902468313,0.01922824092933783,0.00012110909284631247
be conducted,0.015435077528226808,0.0969788307229956,0.0014968757708062209
be considered,0.006686650224315436,0.09190885213488029,0.0006145623467442715
be consistent,0.01977185308723511,0.015979986213003134,0.0003159539397395405
be construed,0.006103573753692501,0.01347989614107457,8.227554028916357e-05
be decided,0.012700148634890796,-0.007536085596587567,-9.570940720192179e-05
be deducted,0.007356742126528927,0.01757444603862596,0.00012929066752276902
be deemed,0.01008438797644902,-0.011588881600767384,-0.00011686677827526989
be determined,0.015700760798549408,0.0698695879650073,0.001097005687731786
be developed,0.01171743623961945,0.03977022819828881,0.00046600511314856465
be disclosed,0.004594946880437563,-0.00817718110817904,-3.757371282380026e-05
be done,0.0056672731745598705,0.02200122565575487,0.00012468695596629798
be due,0.011142576420106761,0.1483194130049392,0.0016526603939929117
be effective,0.0062386803424889685,0.01317479049182757,8.219330645777523e-05
be enforceable,0.006609503751760677,0.030747637687490996,0.00020322662665324973
be entered,0.005334875374044817,0.05915041141761507,0.000315560073236454
be entitled,0.009681632076018276,0.01550145949660474,0.00015007942748742657
be equal,0.012963044992779548,0.05565585060065395,0.0007214692954476937
be established,0.011912687481018865,0.054883192001081826,0.0006538063142696422
be excluded,0.007222190611637434,-0.0037164143148177716,-2.6840652573431877e-05
be excused,0.00656203038512981,0.06414090824496288,0.0004208945888332696
be executed,0.0029707079264479344,-0.07305723773493902,-0.0002170317152235745
be expected,0.00986046394700813,-0.014818459829729028,-0.0001461168889012313
be extended,0.0056672731745598705,0.05454813472239,0.00030913918063447867
be filed,0.01653785801916925,0.0027836487061680543,4.603558707785146e-05
be final,0.0055220648402078635,0.036057273170575777,0.0001991106004090068
be finally,0.007577054427323699,-0.006387004816724606,-4.839468312390097e-05
be followed,0.0067079391274018334,0.022988432526437768,0.00015420500602172888
be for,0.008296521320216195,0.0028182499760415155,2.3381671011927214e-05
be free,0.011249772088577359,0.06454029361040814,0.0007260635936469571
be given,0.007828371230047104,-0.02369029571329892,-0.0001854564293932975
be governed,0.004747160970280223,-0.0232791096657045,-0.0001105096808279055
be granted,0.0070960542288348435,0.05532210964250646,0.00039256869007677284
be held,0.007411035757978525,0.033878511226923244,0.00025107485812980506
be in,0.00776573738370532,0.030281235120390375,0.000235156119599186
be included,0.013474063920421754,0.10641699375854936,0.001433869376121817
be invalid,0.0047417406962018864,0.012228488949463875,5.798432370472791e-05
be jointly,0.0074275397412975714,0.07950998585829185,0.0005905635797924705
be kept,0.006382576608996469,0.003422336613500162,2.184332561743832e-05
be less,0.006515648457526557,0.07771260336079595,0.0005063480042181433
be liable,0.0030762765740811058,0.06443072321566923,0.0001982067244794669
be limited,0.004137682543878247,0.02121760831186427,8.77917275348468e-05
be made,0.010491869827732186,0.07610307713196829,0.0007984635787584733
be mutually,0.00516358862428463,0.1172063669611102,0.0006052054631341186
be necessary,0.004704028850670971,0.060833735777178696,0.00028616364818994343
be negotiated,0.007500912372361329,0.04585955092588318,0.0003439884729308916
be non,0.012340240616199498,0.0246246633727935,0.00030387427111318646
be null,0.005993388641282742,0.035316111144936886,0.00021166317939034357
be obligated,0.00991131910832287,0.08750193426798572,0.0008672595931254986
be obtained,0.006257741435522016,0.0414144402218967,0.00025916085860551257
be or,0.006470308909173226,-0.015420565785591242,-9.977582418700285e-05
be owned,0.01602242489268138,0.12201773633388067,0.001955020015984603
be paid,0.010345851511664918,0.012552667662120296,0.0001298680357075746
be performed,0.006865303575536275,0.052124231825894374,0.0003578486751263943
be permitted,0.008782668803765659,0.05761551085040366,0.000506017949758862
be prepared,0.015438949431295972,0.023433478152003646,0.0003617882841881633
be promptly,0.007577054427323699,0.021315530495445656,0.00016150893471126982
be provided,0.010318253105559859,-0.01797268485414243,-0.00018544671131150376
be reasonably,0.009832909409265206,-0.0026897365577996032,-2.6447935907632324e-05
be reduced,0.013305413512697229,0.0628833565401927,0.0008366890618336375
be referred,0.011893612883204566,0.06211212872984758,0.0007387376144645756
be registered,0.008106380888247012,0.017567814817125414,0.00014241139828180814
be reimbursed,0.010880106072273795,0.01880883821279829,0.00020464215485148208
be relieved,0.007500912372361329,0.00555346523704269,4.165605610601205e-05
be requested,0.00715813681928165,0.01712120460866313,0.00012255592509972623
be required,0.008749022796007698,0.08226942056475138,0.0007197770359353543
be resolved,0.012435127844367845,0.03245051929523801,0.00040352635605241024
be responsible,0.01200036026299226,0.05189911625250639,0.0006228080923609935
be retained,0.006658121164349814,0.058553465318523054,0.00038985606668328113
be satisfied,0.0076561831963671955,-0.001232183272197434,-9.433820863442741e-06
be shared,0.006759018437786806,0.040753648029837,0.0002754546584407422
be so,0.006425965915541734,0.012601843411228136,8.097901623354618e-05
be sold,0.013452456144223308,0.05588033571387855,0.0007517277655154267
be solely,0.004941659068899578,0.1283476810558129,0.0006342504820616884
be specified,0.010955185286918544,0.005251341019780821,5.752941387649467e-05
be subject,0.01139600637569654,0.12296232756650852,0.0014012794689184174
be submitted,0.010505050524174508,0.06139996539311531,0.0006450097386372426
be supplied,0.012963044992779548,-0.0399161739560703,-0.0005174351589321544
be suspended,0.012575917971474929,0.02015375436695591,0.00025345196173609216
be the,0.007502745539252167,0.03393875134398505,0.0002546338152538723
be transferred,0.006470308909173226,0.012148019106563367,7.860143625400353e-05
be unreasonably,0.011667215405670416,0.1194335989982211,0.001393457526186708
be used,0.009886492014874848,0.07522535532521515,0.0007437148747388628
be waived,0.006920506601053043,0.00719058686393573,4.976250385731252e-05
be withheld,0.011532744409268832,0.07431453095305676,0.0008570504913763009
be without,0.006515648457526557,0.0632690037706696,0.00041223858682760533
bear,0.009886492014874848,0.10691088917801514,0.0010569736521616165
bear all,0.010461300616020073,0.06980000658289227,0.0007301988518638161
bear interest,0.0070960542288348435,0.013918569665203013,9.876692513209621e-05
bear its,0.010955185286918544,0.09440210404884226,0.0010341925413300302
bearing,0.0060654507656467405,0.07485905316845488,0.0004540539013561947
became,0.0074275397412975714,0.014365025651966892,0.00010669679891474314
become,0.010808241189834485,0.04464552050902777,0.00048253955370727424
become effective,0.005578900288572575,-0.036388685027016844,-0.0002030088453980008
become the,0.021666412183946587,0.06291025296992549,0.0013630394714427554
becomes,0.007756193978007548,0.08822924003348691,0.0006843231002319136
becomes aware,0.009595527596969057,0.054578142239429556,0.0005237060700497489
becomes the,0.007824407676386914,0.01155899778276543,9.044231098280915e-05
been,0.013966066460404658,-0.01028377507396942,-0.00014362388614690973
been advised,0.005334875374044817,0.00872952926030817,4.6570950677821726e-05
been approved,0.006298500902468313,0.044421647880818545,0.00027978978926646524
been debarred,0.013900512133821133,0.04945208129413617,0.0006874092560718489
been duly,0.004542540687404734,-0.02189436547128779,-9.945604597823411e-05
been granted,0.0076561831963671955,0.02077358216100051,0.00015904635066940544
been issued,0.007824407676386914,-0.017871182285696053,-0.00013983141586231004
been no,0.008686786659555298,-0.011048802280974974,-9.597858825843755e-05
been obtained,0.013305413512697229,-0.006544588774767728,-8.707845991884113e-05
been omitted,0.03161287177630089,0.14188331352273992,0.004485338997591076
been prepared,0.013102491568900407,0.011677988942383923,0.00015301075165929752
been provided,0.015901299533088626,-0.01024015793097194,-0.0001628318185265179
been received,0.015334246229005857,-0.005737094208950151,-8.79740152390452e-05
before,0.00957676377755272,-0.005211188917854237,-4.990632526649062e-05
before any,0.006515648457526557,0.0075745742576676,4.935326307839226e-05
before or,0.0062177891400181096,-0.006734387245118623,-4.187299987737505e-05
before the,0.007029677328116598,-0.00755150847296069,-5.308466790545215e-05
beginning,0.004361253297591291,0.05546492772277709,0.0002418965989316242
beginning on,0.00617861266647852,0.060908294307398164,0.00037632875870129183
behalf,0.011426948631542434,0.0451389268931297,0.0005158001988907424
behalf of,0.011594890840018978,0.05078986718037535,0.0005889029657355146
behalf or,0.007500912372361329,0.021135151572311963,0.00015853291992048678
being,0.009917748885543977,0.013271184068013133,0.00013162027100038624
being conducted,0.013102491568900407,0.02549763925967157,0.00033408260342671076
being understood,0.014473950959713142,0.016995692401524314,0.0002459948183460322
belief,0.008106380888247012,0.030492999807180572,0.0002471878708622484
believes,0.012916970499458608,0.06869642334138248,0.0008873496737189573
believes that,0.01171743623961945,0.04280774948606303,0.0005015970751645458
belong,0.0077385425905899365,0.035272824087395904,0.00027296025149069984
below,0.011586005514155047,0.010738554132514695,0.00012441694739336772
below and,0.008905411352693087,0.0164874978488519,0.00014682795052066856
below for,0.013218111394107182,0.05429077024041832,0.0007176214487097285
below of,0.007914090218371736,0.03769026696097206,0.0002982841730836484
below the,0.005005712861255362,-0.017143047182061222,-8.581317176035134e-05
beneficial,0.013744327839717048,-0.0011015678780277047,-1.5140310053314216e-05
beneficial owner,0.017012150548699492,0.006371163602965766,0.00010838719438404829
beneficial ownership,0.008106380888247012,-0.009539774309527582,-7.733304414094422e-05
beneficially,0.01808108225382105,-0.03024689258606711,-0.0005468965527711695
beneficially owned,0.015767487264485448,-0.03149394359730829,-0.0004965803545789815
benefit,0.007827394890943112,0.0512367974143823,0.0004010506463096233
benefit of,0.00618484309603932,0.05679966723035259,0.00035129702972697705
benefits,0.008424965304982004,-0.032578894569525674,-0.00027447605642292043
benefits of,0.01222823167156043,-0.01324360567982804,-0.00016194587841973082
between,0.009507886150860926,-0.09580149649220564,-0.0009108697217299936
between the,0.00954629950799302,-0.012321074444393561,-0.00011762066690645964
between them,0.006298500902468313,0.028081764438159292,0.00017687301865664887
beyond,0.007284222063135321,0.058944099310043144,0.0004293619086858557
beyond the,0.0072533477580100985,0.05718356425231354,0.0004147722775645448
bind,0.004166098858614397,0.02796166300698068,0.00011649105233834261
bind the,0.0052110619909154976,0.025937061003621163,0.0001351596327520268
binding,0.008221810836509209,0.053221519909798065,0.0004375772691298683
binding arbitration,0.00656203038512981,0.05508954636635306,0.0003614992771590263
binding on,0.00991131910832287,-0.002965200153241504,-2.938904493882442e-05
binding upon,0.0035432173080543984,0.0011400868806337914,4.039575568147399e-06
board,0.007548241621159619,0.00616179238911821,4.651069777248664e-05
board of,0.005259679403504634,0.009973750690332062,5.2458731081629674e-05
body,0.012309152211265773,-0.022311742503373252,-0.00027463863457258936
body or,0.011623842254693982,-0.011298194222137372,-0.0001313284274010198
bona,0.01026970086267994,0.0611036561145854,0.000627516269912856
bona fide,0.010396232615272878,0.05506876247396689,0.0005725076645145697
books,0.0088958949492113,0.13053573494468226,0.0011612321851859838
books and,0.008587417562366244,0.08679464745769341,0.000745341879897583
books of,0.006759018437786806,0.08043420590039102,0.0005436562807094832
borne,0.011453411263467167,0.06861990883274909,0.0007859320367230984
borne by,0.010643882723973323,0.046583051045891145,0.0004958245322573281
both,0.008957218995408823,-0.0013983894382479341,-1.2525680439253468e-05
both parties,0.008948631473743534,-0.0021069017593124168,-1.8853887395468716e-05
both the,0.0060654507656467405,0.05434005005330216,0.0003295968982010838
bound,0.007865866340380973,0.013244475928753644,0.00010417927740396931
bound by,0.009054490371757335,0.04823753214998932,0.0004367662704094132
brackets,0.0456596825370382,-0.014340576587918133,-0.0006547861744024244
brackets has,0.05333522084656529,-0.020918505929672752,-0.001115693133539282
brand,0.008703224135805775,0.10429662609211945,0.0009077169134880445
branding,0.010461300616020073,0.10208032285785175,0.0010678929443963725
breach,0.00951148168383175,0.029577788396160928,0.00028132859257833597
breach by,0.0043299732137535235,0.09909009423218461,0.0004290574537736719
breach of,0.009095250610990648,0.07300026331025612,0.0006639556894750851
breach or,0.006621992771823551,0.02472290210075742,0.00016371487900971693
breach the,0.00715813681928165,0.029590964363932735,0.00021181617153151814
breached,0.00715813681928165,-0.009940943443447564,-7.115863328093852e-05
breaches,0.0044091019827970195,0.03790091536156867,0.00016710900107051445
breaching,0.009755925420379685,0.08416354668197008,0.0008210932845439442
breaching party,0.01015565628346447,0.09770105311518279,0.000992218313970302
bribery,0.012119779173629061,-0.01034100061548683,-0.00012533064389406257
bring,0.009164976684716532,0.026926901723519463,0.00024678442648770924
brought,0.0069582607878335215,0.08367102294370712,0.0005822047980271162
brought by,0.006257741435522016,0.04786256845618995,0.00029951157783880884
budget,0.011912687481018865,-0.014497464799557751,-0.0001727037674242033
budget for,0.009136984351435114,-0.002609671836564105,-2.3844530733067162e-05
bundle,0.015767487264485448,-0.05340873488104446,-0.0008421215470491482
burden,0.008007945512605858,-0.031416354356153864,-0.0002515804538887978
business,0.010154195864013534,-0.06691232488004065,-0.0006794408525484387
business activities,0.007288344898710119,0.07575842322696173,0.0005521535174605487
business and,0.004425307089947076,0.018403845807058384,8.144266933226822e-05
business at,0.008782668803765659,0.025860213345081852,0.00022712168900457474
business day,0.004180458527727395,-0.040476468440634794,-0.0001692101976649405
business days,0.014951321385875106,0.00835934721647992,0.00012498328680971178
business entity,0.0074275397412975714,0.006193081594264224,4.5999359662496045e-05
business hours,0.004299170707144484,0.09940521897004286,0.00042736000553329144
business or,0.008155192372052523,0.030470883979484463,0.0002484959205991891
business to,0.005958300365683749,0.04044934003033761,0.00024100931749442686
but,0.010583426918765357,0.021913861869228803,0.00023192375560090184
but are,0.011357528220928155,0.0659008487968194,0.0007484707499929955
but excluding,0.00610247061151615,0.04053958954226989,0.0002473916537846294
but for,0.011912687481018865,0.07976544828933517,0.0009502208572542207
but in,0.009643011989063468,0.10474281318492709,0.0010100362033104871
but is,0.0056672731745598705,0.032882416139453356,0.00018635363490183854
but no,0.013305413512697229,0.04254986956018761,0.0005661436094096247
but not,0.008618008758839243,0.07211395949596995,0.0006214787345708475
but only,0.011957079541391748,0.1206893429997695,0.0014430920740465551
but shall,0.01237815193070131,0.03333837420793139,0.00041266746106834873
but subject,0.008007945512605858,0.0159126465790425,0.00012742760676632634
but the,0.01002988544904967,0.017440932401086216,0.00017493055410751354
but without,0.0074275397412975714,0.0048028406853087464,3.567329006125158e-05
by agreement,0.0077385425905899365,-0.01779079076527394,-0.0001376747920573465
by all,0.008126537657924197,-0.001628146065717473,-1.3231190315654169e-05
by an,0.0062386803424889685,0.05694252067930804,0.00035524618441377064
by and,0.005129904093627652,-0.07711967765404733,-0.00039561655009674236
by any,0.00880323467030562,0.009459388779361639,8.327321926237634e-05
by applicable,0.011748784168582748,0.11091858544917255,0.0013031585207268312
by bank,0.014280455205571167,0.027010064903627024,0.0003857160219558156
by both,0.009873728522560866,-0.04252957660299012,-0.00041992549355738087
by brackets,0.050149584620960204,0.0031331773970342818,0.00015712754500505055
by contract,0.0060654507656467405,0.07201699731793239,0.00043681555152163225
by country,0.023030850746133365,0.03822419965118531,0.0008803358370568519
by each,0.00968031621931166,0.023516052428571372,0.00022764282373848282
by either,0.011500308313843934,0.11387493955713064,0.0013095969141273451
by electronic,0.006515648457526557,0.015060538550006658,9.812917477287014e-05
by facsimile,0.004525370158289139,0.004034297006176168,1.8256687281424845e-05
by giving,0.00498413484815129,0.0362721327200236,0.00018078520070663828
by implication,0.0070960542288348435,0.08009624814636823,0.0005683673203728413
by it,0.007152126522519891,0.03234422463697612,0.00023132998687645822
by its,0.01059906863285652,0.03800167015434712,0.00040278231012910037
by law,0.008307012146925679,0.013539030273851869,0.00011246888894248197
by legal,0.0077385425905899365,0.0007915913554994257,6.1257634188751256e-06
by means,0.006609503751760677,0.05666931844587158,0.00037455607287770876
by merger,0.007500912372361329,0.03493815893536083,0.0002620680686257745
by name,0.008905411352693087,-0.04751285492537542,-0.00042312151765129796
by one,0.011997152540746436,0.06579554050740777,0.0007893591359682321
by or,0.014615611248007032,0.10792314922699754,0.0015773627937624467
by other,0.011532744409268832,0.018666584858059918,0.00021527695216193274
by party,0.011298796263792567,0.050100216503202295,0.0005660721390415808
by product,0.01910931522088669,0.04014542911166647,0.0007671516595725956
by reason,0.004224161138876652,0.055068337231556394,0.0002326175301160948
by reference,0.008159864427185609,0.022921422572187503,0.00018703570066728206
by regulatory,0.01722932649787109,0.03658533863754209,0.000630340744421391
by section,0.006140182457047066,0.05127210152680152,0.0003148200583308028
by subcontractor,0.016855314622733663,-0.03867640999068395,-0.0006519030588708176
by such,0.013669022983934364,0.1355183883705694,0.0018524039653830566
by telephone,0.006920506601053043,0.036786453832095334,0.0002545808965743488
by that,0.006977342049417754,-0.011659720906981095,-8.135386096875451e-05
by the,0.01233345169708237,-0.10788522194427835,-0.001330597173678768
by third,0.011139250532736773,0.14049158606147982,0.0015649709748803732
by this,0.002994584240533426,0.035380968706115255,0.00010595129130213906
by virtue,0.005071867148328047,0.0025792024490069515,1.3081372170005601e-05
by which,0.004667009004801561,0.05351799275014624,0.00024976895408383715
by written,0.0103499852712068,0.0255611945580021,0.00026455798718977313
calculate,0.007035825129555003,0.014075524441860186,9.903292857970556e-05
calculated,0.01329118798854265,0.05500671127045391,0.0007311045401270906
calculated by,0.007914090218371736,0.029666678061549587,0.00023478476665849296
calculated in,0.008106380888247012,0.013172770713286418,0.00010678349675544498
calculated on,0.012456047189639032,0.0055188533469993,6.874309772292059e-05
calculating,0.006811424630819635,0.033542094779311714,0.0002284694505490905
calculating the,0.007914090218371736,0.0043653099054126905,3.454745642258782e-05
calculation,0.005550282432954849,0.0924680172855841,0.0005132236119503428
calculation of,0.006140182457047066,0.1108092732442827,0.0006803891556526795
calendar,0.0145385532075981,0.19904977752653344,0.0028938957815300708
calendar month,0.011588673132482326,0.046968545614533716,0.0005443031226349175
calendar quarter,0.019155238299491267,0.16712897841459373,0.003201395408282075
calendar quarters,0.015767487264485448,0.025188616857265138,0.00039716119550693154
calendar year,0.014615486889319506,0.14579053553329008,0.0021307996606736708
called,0.006140182457047066,0.06071523209049721,0.00037280260295761205
can,0.010413837211170089,0.04332825473055099,0.00045121339140806834
can be,0.012633744991165766,0.06317992058477745,0.000798199005230183
cancer,0.021061389889911707,0.08530473024613354,0.0017966361831675624
candidate,0.006977342049417754,0.0026800784633191996,1.869982415785597e-05
cannot,0.00949855520894743,0.027593050484092094,0.00026209411340642237
cannot be,0.0091525797643194,0.00593821322436172,5.434997019350694e-05
capacity,0.0043299732137535235,0.07639209866304378,0.0003307757409533959
capital,0.009569375302703244,-0.06666297280645993,-0.0006379230055789156
capital stock,0.011190862642193971,0.04367449662187179,0.0004887552926623318
captions,0.006515648457526557,0.020288578626796974,0.00013219324603509598
carried,0.009805807312913018,0.021893494346864124,0.00021468338697170004
carry,0.010848757367423682,0.05126804192067155,0.0005561945475002717
carry out,0.012586213531836572,0.0007280446240804711,9.163325099382495e-06
carrying,0.014483117405269363,0.02524334520007042,0.0003656023322343627
carrying out,0.01563937554451509,0.02288399691335141,0.00035789142168742683
case,0.014210458193175736,0.021757623062192675,0.00030918579290816525
case as,0.006811424630819635,-0.016102094104156518,-0.00010967820038882733
case in,0.007222190611637434,0.04517263096185661,0.00032624535123568324
case may,0.009871932752267425,0.06191455071981566,0.0006112162810928709
case of,0.015689659749124465,0.008441684583122605,0.0001324471588186233
case that,0.013399719539933146,-0.03133532466458722,-0.00041988456219821846
case the,0.011359752369278369,-0.023992523351861944,-0.0002725491239912803
case to,0.015230706571463987,0.029543279753285343,0.000449965025080962
cases,0.01650915245681654,0.06094151760665185,0.0010060928051179847
cash,0.004722796660365082,-0.06362931761214868,-0.0003005083287199649
categories,0.01440745286489095,0.043681680007951224,0.0006293417457738066
cause,0.009591337314787406,0.06242296333509746,0.0005987196975355264
cause its,0.015112475547386626,0.06592779883424471,0.0009963322477755476
cause the,0.0045773264628167385,0.02455046769429119,0.00011237550545160651
cause to,0.012211161484975714,-0.038329247218061836,-0.0004680446273773092
caused,0.006473443949217617,-0.0006632941081557159,-4.293797230992314e-06
causes,0.007177152031914265,0.043321620230157315,0.0003109258546606917
causes of,0.006470308909173226,0.0817134389869445,0.0005287111922764098
cease,0.007852634922488343,0.04949462353085754,0.0003886632092138252
cease to,0.00986046394700813,0.05949186337773528,0.000586617373976492
ceases,0.00925607453014168,0.09984975394529928,0.0009242167643339984
center,0.009646896486099892,0.13270283824137946,0.0012801705439262458
center and,0.009136984351435114,0.10149582139737999,0.0009273657318439142
ceo,0.004474718334926285,-0.060765015230155164,-0.0002719063277724503
certain,0.015920190101557798,-0.015607922448551977,-0.0002484810924713189
certain confidential,0.039288410085828,0.024469383156721383,0.0009613631600085222
certificate,0.009287003840093047,0.041724216299636005,0.0003874929569995925
certificate of,0.005466786724991373,-0.0020359959380179997,-1.1130355566093159e-05
certificates,0.008028464890720578,0.02124118908606237,0.00017053414081460885
certificates and,0.014085203964171752,0.004101842335529011,5.777528592480075e-05
certification,0.005993388641282742,0.036072596713787895,0.00021619709140598952
certified,0.0032962682511178173,0.03983947664964843,0.00013132160202138576
certified public,0.006609503751760677,0.08246195679204264,0.0005450326127945327
chairperson,0.02384239337195189,0.07832957526876813,0.0018675645462158839
challenge,0.00610247061151615,0.07361737141036442,0.00044924784552881813
change,0.009372764410472715,0.025008870271725,0.00023440224922895319
change in,0.012175570191252566,0.002262636932966958,2.7548894794659626e-05
change or,0.010396232615272878,9.352892543816838e-05,9.723484651117113e-07
changes,0.011277678427301029,0.06715983119080014,0.0007574069794016655
changes or,0.007222190611637434,-0.009921090589062539,-7.165200730953197e-05
changes to,0.012680040798980427,0.0439454696488713,0.0005572303480780441
charge,0.007709095659676959,0.010500436221754419,8.094886730184171e-05
charged,0.0075203560234121305,0.019632108550935227,0.00014764044579330653
charged by,0.00715813681928165,-0.013285459214806386,-9.509913476657028e-05
charged to,0.006811424630819635,0.008843320506365028,6.023561111528712e-05
charges,0.008929090207205273,0.054855013476326014,0.0004898053636475759
charges and,0.00617861266647852,0.027394290320682066,0.00016925870916455614
chemical,0.013972814894945744,0.06659719383128937,0.0009305502619274289
chief,0.006981900790514849,-0.031814300417147466,-0.0002221242892321588
chief executive,0.004859299674676837,0.03979240115280864,0.00019336320197645322
choice,0.009755925420379685,-0.00583629407785118,-5.693844975491974e-05
chosen,0.010955185286918544,0.04567923145920299,0.0005004244443996072
chosen by,0.012456047189639032,0.036187312160086575,0.00045075086793223675
circumstance,0.0054397054459851225,-0.019013582999490557,-0.00010342829099001893
circumstances,0.0073701946157719925,0.07408902040576759,0.0005460504992824095
claim,0.011528227873416537,0.09240954215813457,0.0010653182596770676
claim and,0.005386609618697299,0.08938311653151133,0.0004814719552577805
claim arising,0.01592401817320515,0.0012007694098007302,1.912107390349565e-05
claim in,0.01111048324533123,0.068738542803895,0.000763718428131159
claim of,0.010147689079987877,0.08659686654869815,0.0008787580770373918
claim or,0.008452912619281213,0.12472924723154677,0.001054325427916988
claim shall,0.007914090218371736,0.0287241557731689,0.00022732556023542203
claim suit,0.011912687481018865,0.011607275417218206,0.00013827384455143335
claims,0.008757967954755037,0.10927595937192255,0.0009570353504044112
claims actions,0.007035825129555003,0.06329247587552202,0.00044531479227675157
clarity,0.023887592419225383,0.1390884621537064,0.0033224884941445935
clarity the,0.017234272731483424,0.06624241179862596,0.0011416397913287552
classes,0.013725295945480455,0.03839217823969345,0.0005269440083314275
clause,0.0074380395883607165,-0.0014965680809197654,-1.113153263255824e-05
clause above,0.007824407676386914,-0.02725526603477424,-0.00021325631278445507
clause or,0.0074275397412975714,-0.010200941682597364,-7.576789974615084e-05
clearance,0.012963044992779548,0.04016032940213646,0.0005206001569647423
clinical,0.041174247137465196,0.1145081889381282,0.004714788470602049
clinical and,0.013900512133821133,0.06859392842776134,0.0009534907344165549
clinical data,0.025590492983062256,0.03627861748105566,0.0009283877060841546
clinical studies,0.04636673547379382,0.09131075053848334,0.004233781416131434
clinical study,0.05539379160144392,0.04721335680467703,0.0026153268476428937
clinical trial,0.02331419869484068,0.05883952344743276,0.0013717963407631844
clinical trials,0.007824407676386914,0.030931230303590976,0.00024201855582750876
closed,0.007035825129555003,0.026592511271936323,0.00018710025906506426
cmc,0.009504822649092193,-0.013621678090229778,-0.0001294716344306589
co,0.01570005492622846,0.14206289838138475,0.002230395307566953
co ltd,0.017392136333688878,-0.14006133311917804,-0.0024359658006869577
code,0.010779646751834345,0.06091114691250568,0.0006566006469658965
code and,0.006515648457526557,0.03902288333443603,0.00025425938960625693
code of,0.005856554858055854,-0.033523390694151056,-0.00019633157662833476
code or,0.0067079391274018334,0.046278513316881355,0.00031043345023629523
code the,0.007914090218371736,0.04266779324871717,0.0003376767651891801
collaborate,0.0074275397412975714,0.08704084505097358,0.0006464993357322302
collaboration,0.014184559152873723,0.11433110239813635,0.001621736284979628
collaborative,0.01494368569602723,0.0645020664145596,0.0009638986072434528
collected,0.005334875374044817,0.09606738290488825,0.0005125075153082224
collection,0.004900059141623133,0.02786816912624285,0.00013655567688734585
collectively,0.008216836021223044,0.023597017179929583,0.0001938928207574644
collectively the,0.009424057109901114,0.01911961715229043,0.0001801843639626299
combination,0.020953036574730154,0.17017619148750265,0.0035657079643859253
combination product,0.033446279232658124,0.03150777813161959,0.001053817945390788
combination with,0.017724296201652286,0.05041066550614103,0.0008934935671532593
comes,0.006609503751760677,0.019599022508327145,0.00012953981279963022
commence,0.0065585364562934165,0.037227475322319056,0.00024415775407719305
commence on,0.008296521320216195,-0.03195874278794231,-0.0002651463909074689
commenced,0.005235224255677302,0.035363556752755876,0.00018513615007904842
commencement,0.012730028438399104,0.00022176464884348377,2.8230702864091395e-06
commencement of,0.01409719554890598,0.023234926983824074,0.00032754730925552015
commencing,0.015253705106873683,0.1374233358639047,0.0020962150400708605
commencing on,0.013854803724261948,0.06744959339895461,0.0009345008778237904
comment,0.011444013011291419,0.08615276684041852,0.0009859333846805054
comment on,0.014280455205571167,0.023036789423992992,0.00032897583944950753
comments,0.020994278771879496,0.08335603554920866,0.001749999847638784
commercial,0.014001925665151264,0.09006752865778758,0.001261118841110223
commercial sale,0.027474034849392308,0.13349885142950266,0.003667752096528002
commercial supply,0.01645297168872405,0.018242357204574025,0.00030014098662244765
commercialization,0.035995291865555355,0.18059952305678967,0.006500732543209238
commercialization activities,0.009312531979216915,0.05966097763547901,0.0005555947621417435
commercialization agreement,0.02514062792372972,0.035200284794889035,0.0008849572628376259
commercialization of,0.0343805739144179,0.1124689377137487,0.0038667466261436004
commercialization plan,0.032092507762179937,0.07397192050842641,0.0023739444331000318
commercialize,0.029586891140853843,0.10592019893705161,0.0031338493955681288
commercialize the,0.026966245393800596,0.07476308517213535,0.002016079701149417
commercialized,0.009312531979216915,0.039610895253287814,0.0003688777287716543
commercializing,0.03502401034035391,0.04421386824325638,0.0015485469785388568
commercially,0.008765874288145016,0.17403889099663766,0.0015256030397246994
commercially reasonable,0.008001211666850208,0.17129050193139053,0.00137053156247407
commission,0.020367959290255224,0.07374559655864125,0.0015020473085419908
commission pursuant,0.040767064761716695,-0.0007639921311208027,-3.1145716686843716e-05
commit,0.006759018437786806,0.06276981974193226,0.0004242623689722744
commitment,0.009120322888674414,0.04685459124943847,0.00042732900101173757
committee,0.02808487816872098,0.06449977093301049,0.0018114682085640101
committee or,0.015196836065124675,0.04431409128684626,0.0006734339806611724
committee shall,0.025590492983062256,0.04372959449434836,0.0011190618810597796
committees,0.022327860547704494,-0.0016216156257838317,-3.620720755447995e-05
common,0.008405268792289193,0.01439682151276378,0.00012100915456939109
common control,0.008126537657924197,0.07453982277974706,0.0006057506768346104
common law,0.00617861266647852,0.010348447515057,6.393904889491935e-05
communication,0.003741822615301676,-0.032083622708831576,-0.00012005122503271241
communications,0.010150665385012548,0.016374124663484212,0.0001662082604315094
communications between,0.012575917971474929,0.02072530736198175,0.0002606397653178879
communications with,0.007500912372361329,-0.003604469059455521,-2.703680656386352e-05
community,0.006658121164349814,0.028873545009110334,0.00019224356111496445
companion,0.03977759606030831,0.06412486320876588,0.002550732906140815
company,0.007303520128013473,-0.1183324996871644,-0.0008642437932633532
company organized,0.008318948361898223,-0.04553366203967408,-0.000378792183236174
company that,0.005923811919134318,-0.013625935748351732,-8.071748059544439e-05
comparable,0.011893409127370474,0.07457782730965061,0.0008869846120240576
compensation,0.0034811347176075917,-0.07638828830847008,-0.00026591792244923327
compensation for,0.00617861266647852,0.00426644341625238,2.6360701332470843e-05
competent,0.009522803082504253,0.07380180158082354,0.0007028000235882337
competent jurisdiction,0.009585575474595721,0.0696054856809292,0.0006672086364404385
competing,0.0194790607365051,0.07370656565996123,0.0014357346691695858
competing product,0.028544130461842163,0.04139253456741208,0.0011815139068385217
competition,0.01382014686360225,0.08314343804903551,0.0011490545245824862
complaints,0.006298500902468313,-0.016373388528608424,-0.00010312780242390448
complete,0.0098981897765165,0.09879886449775699,0.0009779299105031373
complete and,0.0047417406962018864,0.09011176024097549,0.0004272866007410206
completed,0.004166098858614397,-0.024059338037707247,-0.0001002335807379101
completion,0.00886487647536082,0.0059768266250606345,5.2983829745810225e-05
completion of,0.00790193313812764,0.015808419308758606,0.00012491707239729646
compliance,0.01144825209711013,0.04666263911669096,0.0005342056561243504
compliance and,0.007824407676386914,-0.012259152525025028,-9.592060712280384e-05
compliance by,0.0074275397412975714,0.032554747525827155,0.00024180168101598998
compliance with,0.010771776089495774,0.05600123038409286,0.0006032327144337157
compliant,0.007288344898710119,0.02614087616595174,0.00019052372145192728
comply,0.008055628286589126,0.07563671463568712,0.0006093012579239109
comply with,0.008162508998481177,0.08174915668808594,0.0006672782270847491
complying,0.005697612467989664,0.003359856003608564,1.914315745681008e-05
complying with,0.005889903137864939,-0.005806010804231557,-3.4196841254321185e-05
component,0.012652739111361474,0.06844511577293919,0.0008660181933219317
components,0.005140264376146855,0.01941953820515231,9.982156043716725e-05
composition,0.010396232615272878,0.031849301004504504,0.00033111274187667294
compound,0.02520691168038493,0.10206859360231826,0.002572834024274739
compounds,0.014085203964171752,0.056244645046227226,0.0007922172973685529
comprehensive,0.005993388641282742,0.07972823881085957,0.0004778423208784836
comprised,0.007288344898710119,0.01727601314662044,0.00012591354228722005
comprising,0.01574150688086015,0.05914505875599534,0.0009310323493763787
compromise,0.0056672731745598705,0.08913446880671128,0.0005051493839969183
computation,0.013900512133821133,0.09100114714479282,0.001264962550077835
computed,0.0077385425905899365,-0.008084723769832132,-6.256397922600079e-05
concerning,0.010657509629704619,0.03401053186565065,0.00036246757086954765
concerning the,0.011875673418052554,0.029224708247306854,0.00034706309088288324
concerns,0.006977342049417754,0.01294880087456909,9.03482128316683e-05
conclude,0.012700148634890796,0.0018679374173266408,2.3723082840722376e-05
conclusion,0.007222190611637434,0.007991939429374454,5.771930991560322e-05
conclusion of,0.007222190611637434,0.00438365914716203,3.165962193725217e-05
condition,0.00980448400104127,0.02388580941508306,0.00023418803626210278
condition of,0.005071867148328047,0.012699285529799183,6.440908908582621e-05
condition or,0.013218111394107182,0.011595727015764048,0.00015327361139002725
conditions,0.008840612183435204,-0.019708578921583467,-0.00017423590293234504
conditions in,0.0068652284858365525,0.05334952057484261,0.00036625664835613275
conditions of,0.009758960386509922,0.07011331043634704,0.0006842330191153834
conditions set,0.004209488165159662,0.002882995458146412,1.2135935261276378e-05
conditions to,0.006811424630819635,-0.004190868673595036,-2.854578610785564e-05
conduct,0.01460117549878157,0.06912523418122954,0.0010093096756745071
conduct any,0.016067360140190487,0.016589552910375047,0.0002665503211757411
conduct its,0.0067079391274018334,0.03425767917003227,0.00022979842651863825
conduct of,0.01686302429656159,0.03448349823285763,0.0005814960685311168
conduct or,0.007500912372361329,0.026862900427700183,0.00020149626217564674
conduct such,0.007914090218371736,0.02903829624002612,0.00022981169623137148
conduct the,0.010595277268227246,0.09688882334084946,0.0010265639474885877
conducted,0.016992636373661357,0.12127243091401485,0.0020607383206718228
conducted and,0.008209866391664815,0.023446801749000365,0.0001924951096711459
conducted at,0.007824407676386914,0.0438762346417637,0.0003433055471419693
conducted by,0.02062353198481403,0.03926226436474754,0.000809726564922595
conducted in,0.01255114330188154,0.10267091634987305,0.001288637384042749
conducted under,0.018466440547210878,0.012752420180017168,0.00023549180908733928
conducting,0.018859278441633123,0.05490446977927277,0.0010354586832575362
confer,0.005187185676830007,0.04090069568529462,0.00021215950283114314
conference,0.011273179077245387,0.026606662408665212,0.000299941669980696
conferences,0.0074275397412975714,0.004667771699195437,3.4670059799078204e-05
conferred,0.0077385425905899365,0.01107174847795572,8.567919714895964e-05
confidential,0.015898611151315536,0.11333818672902085,0.0018019197593998934
confidential basis,0.007914090218371736,0.04782205803232314,0.00037846808169601407
confidential execution,0.03331648863931451,0.004484403407840926,0.00014940457519143548
confidential information,0.01812116982870675,0.21009983123888668,0.003807254722862493
confidential treatment,0.004704028850670971,0.13703655018636618,0.0006446238856730869
confidentiality,0.010784439797207772,0.054747622394635834,0.0005904224377552142
confidentiality agreement,0.017249200418333808,0.014151993128406981,0.00024411056579077487
confidentiality and,0.009120322888674414,0.13307722860438786,0.001213707294001956
confidentiality obligations,0.005856554858055854,0.10223130273971179,0.0005987232327056378
confidentiality of,0.005094409561542902,0.087614510720373,0.0004463442011437713
confidentiality provisions,0.013247873796826097,0.0032038543840207643,4.24442585429151e-05
confidentiality the,0.00715813681928165,0.005545004801261671,3.969190303100469e-05
confirm,0.0050495738276492615,0.014698239074670673,7.421984334398873e-05
confirmed,0.004474718334926285,-0.04319307146253073,-0.00019327682881516755
conflict,0.008318041757472184,0.027777238079742746,0.00023105222625454663
conflict of,0.007633290829760132,0.0076362236784047405,5.8289516178364094e-05
conflict with,0.009219258350931672,0.045067822300377196,0.0004154918971010571
conflicts,0.0042389416078646444,-0.008272429944160881,-3.506634748844896e-05
conflicts of,0.004900059141623133,-0.023563975249525037,-0.00011546487233441642
conform,0.005071867148328047,0.03247721241712737,0.00016472010672770004
conform to,0.0054397054459851225,-0.0010236643098875205,-5.568432321355747e-06
connection,0.011168155446858903,0.03799907482581907,0.0004243795744915702
connection with,0.011336239835148374,0.044971236856654044,0.0005098047266902943
consensus,0.008825981502142751,0.015764680144320937,0.0001391387753409737
consent,0.010228820759989384,0.02624726717135019,0.00026847859133529464
consent of,0.009518069709092448,0.03851369215552377,0.00036657600669080223
consent or,0.006470308909173226,0.04652531604596447,0.00030103316691430397
consent shall,0.0051172066966813775,0.04360022684036179,0.0002231113727643265
consent to,0.011720189599428834,0.07798561521439365,0.0009140061963407955
consents,0.0069582607878335215,-0.00595626530116361,-4.1445247287020166e-05
consents to,0.005466786724991373,-0.01833340931490613,-0.00010022483866656201
consequences,0.01171743623961945,-0.013130007172451181,-0.00015385002186894277
consequences of,0.007824407676386914,-0.025323922674542122,-0.000198144694970916
consequential,0.006034958007463324,0.1067380147305706,0.0006441594366989953
consequential damages,0.00809353289146777,0.07078146462799942,0.0005728721120729758
consider,0.01592401817320515,0.046803009760662345,0.0007452919779894852
consider in,0.01494368569602723,0.02269422405547313,0.00033913535140021086
consideration,0.008385510794799947,-0.02087584304128027,-0.00017505460717320506
consideration of,0.00527990614436941,0.0006204900739938876,3.276129354200557e-06
consideration the,0.010483053175342828,-0.027878581891911208,-0.00029225265642605485
considered,0.0059462266094859086,0.05769412130531885,0.0003430623193165948
consistent,0.01391817589728801,0.04605824430294453,0.0006410467457286453
consistent with,0.01371810367508842,0.05796640266429193,0.0007951891214206783
consistently,0.011273179077245387,0.05171783173130166,0.0005830243785938074
consistently applied,0.01222823167156043,0.022626308632083137,0.00027667974382534013
consolidation,0.009805807312913018,0.06563775041448199,0.000643631133017487
consolidation or,0.012456047189639032,0.03571128492496852,0.00044482145022805284
constitute,0.008300913116745566,-0.04771544041152632,-0.0003960817251833303
constitute breach,0.011273179077245387,0.033286283277747894,0.00037524223220597057
constitute default,0.00610247061151615,-0.0065890027987178515,-4.020919593837335e-05
constitute notice,0.012575917971474929,-0.035404893629279004,-0.000445249038070608
constitute one,0.004014541109129277,-0.035179152342347524,-0.00014122815326267563
constitute the,0.005334875374044817,-0.021486270538098172,-0.00011462657557376462
constitution,0.013558630366746273,-0.003298253839108786,-4.471980466017786e-05
construed,0.006179848782132684,-0.002339002570810272,-1.4454682188627076e-05
construed and,0.00610247061151615,0.01854435528283219,0.0001131663831229977
construed as,0.006537643628140786,0.037102093268148256,0.0002425602636451946
construed to,0.004137682543878247,0.03567165228339994,0.00014759797296431856
consult,0.01666896431420068,0.05356840043287788,0.0008929297551844537
consult with,0.017451017653672622,0.05937306169683472,0.0010361203478240564
consultant,0.010664289044768495,0.026819562016708015,0.00028601156140026853
consultants,0.012732951859496338,0.14328869047646645,0.0018244879978471186
consultation,0.004962785178094638,0.08437843600612853,0.00041875205156202157
consultation with,0.0060654507656467405,0.06088196656709842,0.00036927657072848637
consulting,0.00975201144907676,0.051874431183125076,0.0005058800468121802
consumption,0.012340240616199498,-0.01331397913191424,-0.00016429770604688064
contact,0.00935585093007857,0.0029414480021128747,2.751974902634549e-05
contain,0.009424057109901114,0.12165130562097626,0.0011464488516661146
contained,0.014016195144579491,0.0302011595856254,0.0004233053463447131
contained in,0.01661221764685315,0.06891356529598036,0.0011448071455174517
contained therein,0.006515648457526557,0.06851876773912897,0.00044644420333107615
containing,0.017516100240268034,0.0959339156989748,0.0016803880838246658
containing the,0.011623842254693982,0.03685081887682022,0.0004283481055804575
contains,0.00710261889140611,0.06339223742426363,0.00045025090309807627
contemplated,0.0031965051195923834,0.07976199708086082,0.00025495963201788434
contemplated by,0.004014541109129277,0.02702484280927574,0.00010849234242559419
contemporaneous,0.005637383368709824,0.011081774528166765,6.247221142087948e-05
contemporaneous agreements,0.0076561831963671955,-0.01636199831673712,-0.00012527045657159105
content,0.006865303575536275,0.14733126180421738,0.0010114738384527646
content of,0.005889903137864939,0.02798247392356397,0.00016481406096762325
context,0.004962785178094638,0.017543145353300447,8.706286173651929e-05
context of,0.008106380888247012,0.05205942454010824,0.000422013524145071
continuations,0.015156577968685773,0.050110222920570394,0.00075949950072385
continuations continuations,0.008106380888247012,0.026148641599472763,0.0002119708485155868
continuations in,0.0076561831963671955,0.02854065629552826,0.00021851249314311507
continue,0.0102097413866289,0.10292785210001948,0.0010508667514223873
continue in,0.00516358862428463,0.029239829080619752,0.00015098244881671507
continue to,0.011487120179210381,0.16575910360571114,0.0019040947439169886
continued,0.008989760496375853,0.06802147286398341,0.0006114967496579401
continues,0.00894732558105754,0.09338364316455205,0.0008355338593385457
continues to,0.011190862642193971,0.03996602038388194,0.0004472542444711471
continuing,0.010638370145108563,0.16278626212104183,0.0017317805109823084
continuing waiver,0.007035825129555003,0.021366865063233872,0.00015033352615171172
contract,0.00921168629802572,-0.051876035999999466,-0.0004778657700170841
contract agreement,0.007914090218371736,0.005790232038223066,4.582441873580381e-05
contract or,0.0045773264628167385,0.035262111763089916,0.00016140619730799287
contract the,0.008825981502142751,-0.05331498263449584,-0.0004705570505191223
contract tort,0.005550282432954849,0.0004826334997037829,2.678752234961426e-06
contracted,0.015156577968685773,-0.02254721473239189,-0.0003417386180681982
contracting,0.012340240616199498,0.025983709338044655,0.0003206452253328608
contractor,0.013008057289806368,-0.05177467122171496,-0.0006734878894129573
contractor for,0.008686786659555298,-0.042469809554699194,-0.00036892617507361505
contractor in,0.008209866391664815,-0.04876643192158349,-0.0004003658904744185
contractor or,0.008209866391664815,-0.004617386954073515,-3.7908129971559716e-05
contractor to,0.008556578580126829,-0.02853637443496669,-0.00024417373024471483
contractors,0.010745406862168396,0.15945060774643352,0.001713361654655448
contracts,0.008509366825566078,-0.03461947947669427,-0.0002945898501773479
contracts for,0.006382576608996469,0.020734063532473358,0.00013233674891181113
contractual,0.011505277873698908,0.07778903991926575,0.0008949845197994093
contractual obligations,0.01660860698590301,0.03596045355191285,0.0005972530400785405
contrary,0.009703886211001541,0.12217043220183049,0.0011855279724354417
contrary in,0.013523782019378242,0.04913422655000909,0.0006644805695530699
contravention,0.013102491568900407,-0.012720041939132952,-0.00016666424226354908
contravention of,0.013900512133821133,-0.016566086985417047,-0.00023027709315072602
contributed,0.006759018437786806,0.030255362697651538,0.0002044965543153539
contribution,0.009595527596969057,-0.018466883874347913,-0.00017719949384632826
contributions,0.010734723844348107,0.01911483737648675,0.00020519250056620875
control,0.011602031735692976,0.07920636794512026,0.0009189547945682601
control and,0.008782668803765659,0.030467393018112597,0.00026758502219224515
control any,0.007824407676386914,0.030048563256297765,0.000235112209006974
control in,0.01910931522088669,0.02254797671668616,0.0004308763946723695
control including,0.012729029513097647,0.0007834327703001072,9.972338854677914e-06
control means,0.006382576608996469,0.059524172738391265,0.0003799175925899214
control of,0.011430045929591825,0.0957311866578767,0.0010942118603938587
control over,0.00991600934571192,0.10004179797466671,0.000992015403678619
control the,0.008989760496375853,0.07988174583013438,0.0007181177630452785
control with,0.008126537657924197,0.07931471172554638,0.0006445539916650546
controlled,0.01681279726382155,0.153693132041437,0.002584011469854436
controlled affiliates,0.02268130469097332,0.04289029840591844,0.0009728079264314034
controlled by,0.015644928673101348,0.12182979183295341,0.0019060184034853413
controlling,0.004900059141623133,0.07029770144633679,0.00034446289460721635
controls,0.00953303170836246,0.1314609054689807,0.001253220980245833
controls is,0.0067079391274018334,0.04878581460530483,0.0003272522746530961
controls the,0.0077385425905899365,0.013466368204153442,0.00010421006388840752
convenience,0.006708477562186816,-0.007299550503120621,-4.896887076423417e-05
convenience of,0.0057596950584364705,0.006226094056151315,3.586040316857541e-05
convenience only,0.005923811919134318,-0.010848542823293743,-6.426472728186655e-05
convention,0.006298500902468313,0.01375513063901708,8.663670274341862e-05
convention on,0.006920506601053043,0.010285026395077725,7.117759305914018e-05
conversion,0.015369336548509346,0.033427442409452134,0.000513757612346784
conversion of,0.012829068340572373,0.03610282573787709,0.0004631656186790004
converted,0.007500912372361329,0.05050000779021827,0.0003787961332379917
convey,0.01111048324533123,0.05305014814762786,0.0005894127821565589
conviction,0.008106380888247012,0.018079087909591802,0.00014655597270725262
cooperate,0.013406847397450778,0.06434004046979055,0.0008625971041242893
cooperate and,0.007577054427323699,0.0012537890471099305,9.500027850334261e-06
cooperate fully,0.011532744409268832,0.05189893694292762,0.0005985371748755441
cooperate in,0.015196711043751835,0.031112227527298728,0.00047280353165982044
cooperate to,0.0070960542288348435,0.06615698419600818,0.0004694535474710438
cooperate with,0.012189240999579937,0.034510864719618325,0.00042066124717132845
cooperation,0.009606033564112942,-0.014681066869239107,-0.0001410268211028974
coordinate,0.012729029513097647,0.03638629908270918,0.00046316227489620295
coordinating,0.008209866391664815,0.014772266084783832,0.00012127833085819676
coordination,0.0068652284858365525,0.008745628259850853,6.004073625606523e-05
copies,0.013262870524066375,0.09122608263234579,0.0012099197223705825
copies of,0.01452059218959273,0.10577075747059848,0.0015358540348148792
copy,0.010639827150720399,0.07424498844784824,0.0007899538438923381
copy of,0.011558533037596614,0.16510129646311422,0.0019083287897189388
copy to,0.008366956119795805,0.04086057124284491,0.0003418786066186737
copy which,0.007500912372361329,-0.020789317278801324,-0.000155938847189506
copyright,0.00836961807575963,0.11870816103744658,0.0009935419703591979
copyrighted,0.008209866391664815,0.011069326480200911,9.087769144816683e-05
copyrights,0.004393026001378605,0.05880393198484175,0.0002583272021927088
core,0.01910931522088669,0.06540294583752054,0.001249805508383759
corporate,0.00935664348436944,0.03592060597959304,0.00033609630389356117
corporate action,0.006340100829744757,0.017525072584380515,0.000111110727233568
corporation,0.007157214642367879,-0.06661943314722603,-0.00047680958238757417
corporation duly,0.0074275397412975714,-0.015554426791090968,-0.00011553112314393182
corporation in,0.007824407676386914,-0.022521142874904747,-0.00017621460319141116
corporation or,0.01026970086267994,0.02504553773644268,0.00025721018049822836
correct,0.007548241621159619,0.0013630425605665865,1.028857458708069e-05
corrective,0.0067079391274018334,0.004748375792922669,3.185181577295368e-05
correspondence,0.017156240845098123,0.034594210876894044,0.0005935066136501073
corresponding,0.016975655473656866,0.023717014046958515,0.0004026118593250481
corruption,0.007222190611637434,-0.029452216814557508,-0.0002127095237700074
cost,0.01168125443551812,0.0898986029621045,0.0010501284545979656
cost and,0.012473559189074087,0.08934722469203785,0.0011144778955756358
cost of,0.010406876409430414,0.06737579188072489,0.000701171539090209
cost or,0.007035825129555003,0.020835918709212916,0.00014659788045164548
cost to,0.011957079541391748,0.027787450197675433,0.000332256752266067
costs,0.011050594100273604,0.0750376211375332,0.0008292102934409903
costs and,0.009468118725728952,0.08962369882680797,0.0008485678211311925
costs associated,0.009595527596969057,0.14121366420423276,0.0013550196119408368
costs expenses,0.006382576608996469,0.04318869259045196,0.0002756551391009578
costs for,0.013305413512697229,0.024661448239713713,0.00032813076665137015
costs incurred,0.013974746280646317,0.021134808129083724,0.0002953535812940863
costs of,0.01051044577330851,0.07736889785932494,0.0008131816054910795
costs shall,0.0076561831963671955,0.0552751777565394,0.00042319688711582674
could,0.007465258590974039,0.03454074706799621,0.00025785560878802
could reasonably,0.0076561831963671955,-0.027818407914686663,-0.00021298282722611222
counsel,0.009468118725728952,-0.03092671300918518,-0.00029281779056751137
counsel of,0.00975201144907676,0.007653193492720865,7.463403056301363e-05
counsel to,0.006515648457526557,-0.004243152748056601,-2.7646891657924564e-05
counterparts,0.0052512003724671874,-0.07090401739519205,-0.0003723312025550524
counterparts each,0.0038859928611340772,-0.010798220343130577,-4.196180716635819e-05
countries,0.023536687556809065,0.03963543633629735,0.0009328868812252276
countries in,0.01959115787597745,0.00804424692617099,0.0001575961115239622
country,0.024817720165042825,0.12802311785902393,0.003177241913681552
country and,0.02520691168038493,0.03551400433817343,0.0008951983707691449
country by,0.02384239337195189,0.019739705698634525,0.00047064182831340473
country in,0.022654657315859233,0.04631425149255777,0.0010492334964044183
country of,0.02147080920692566,0.024379155059785766,0.0005234401869147166
country or,0.02447419187940966,0.06142712088727398,0.0015033791431948362
county,0.004900059141623133,-0.029951301816054543,-0.0001467631502672716
courier,0.0038126202300703188,0.05172276799604842,0.00019719927161696786
courier service,0.0057596950584364705,-0.01783571438790348,-0.00010272827602369192
course,0.010070633252642833,0.014367569076339059,0.00014469051889982298
course of,0.009794397429598131,0.006547691200338082,6.413068986239361e-05
court,0.008772713339518255,0.02960095980623937,0.00025968073495473984
court of,0.008712675862718594,0.02991277847474504,0.00026062034300375944
court or,0.0078100181735132855,0.004297526083617931,3.356375681420341e-05
covenants,0.010383654245754166,0.04626262550881141,0.0004803751077843046
cover,0.008366956119795805,0.04584728595849534,0.0003836022298264609
covered,0.013084682411692259,0.053710927370304765,0.0007027904266779071
covered by,0.0127864000973207,0.06331802979130821,0.0008096096622857383
covering,0.008703224135805775,0.022484244142538554,0.00019568541629669118
covering the,0.006759018437786806,0.024487259711601147,0.00016550983988158617
create,0.0059462266094859086,0.15418415089314277,0.000916813900801796
create any,0.004941659068899578,0.0638217997414653,0.00031538557548590476
created,0.004095794707219461,0.09638403620187154,0.00039476922533607435
creating,0.006140182457047066,0.0026434303890798035,1.623114490145291e-05
creation,0.012791913896536606,0.026014182512971027,0.00033277118279471365
creation of,0.013771157604846948,0.035759757925808835,0.0004924532623074882
credit,0.004014541109129277,0.05676666875420048,0.00022789212534206224
creditable,0.009312531979216915,0.06920012899328981,0.000644428414215947
creditors,0.0037651468634394506,0.009123110355508625,3.434985033985527e-05
creditors or,0.005550282432954849,0.056743468518959984,0.0003149422765057101
credits,0.0060654507656467405,0.07906290889964837,0.0004795521813196307
criteria,0.005823748850792255,0.05494448362260331,0.00031998287335450993
cross,0.011273179077245387,0.15853947066276622,0.001787243843593055
cure,0.00679720896016423,0.1398380027313701,0.0009505081251371389
cure period,0.006920506601053043,0.09225780406700275,0.0006384707420443508
cured,0.004630656219607212,0.06794737420773979,0.0003146409309810489
currency,0.011304405140055995,0.06775195984665694,0.0007658956031394161
current,0.011047613628596591,0.09443916515031166,0.0010433274079878674
currently,0.006981900790514849,0.05379336608598447,0.00037557994520018967
customary,0.015992356749003716,0.002838247146843663,4.539026091416579e-05
customer,0.007326990131256812,0.15387188539149715,0.0011274177857413788
customer data,0.009136984351435114,0.10014792674291859,0.0009150500394787173
customer information,0.008318948361898223,0.01071062500864116,8.910113637054151e-05
customer lists,0.0068652284858365525,0.06411925186643702,0.00044019331440399195
customers,0.0035432173080543984,0.15802288425481142,0.0005599094185603247
customs,0.006658121164349814,0.02800458996519863,0.0001864579531462274
cycle,0.008007945512605858,0.04115971927013905,0.0003296047892294268
damage,0.003532736635168999,0.012714089557599702,4.4915529962952076e-05
damages,0.00886671816108982,0.06087175710036707,0.0005397327141792728
damages for,0.00656203038512981,0.02631804617684223,0.00017269981868968813
damages in,0.006382576608996469,0.09375584664374624,0.0005984038737450348
damages or,0.004722796660365082,0.029696081153115214,0.00014024855289586298
data,0.016296365278346422,0.1481800323082753,0.002414795933452829
data and,0.018300420988979098,0.17212993848828692,0.003150050339142727
data from,0.012340240616199498,0.09586259402535163,0.0011829674763658875
data in,0.015030077187068678,0.10468524920277561,0.0015734273758652372
data including,0.0074275397412975714,0.054660402234734805,0.00040599230987380336
data means,0.007824407676386914,0.05428215648247478,0.00042472572187231137
data or,0.009595527596969057,0.06975019480825809,0.0006692899191766083
data protection,0.008209866391664815,0.01602801397684893,0.00013158785327366593
data records,0.010535426112280295,0.023896561973562776,0.0002517604630099976
data shall,0.008007945512605858,0.06822299940491044,0.0005463260619410647
data that,0.00715813681928165,0.05708784685878432,0.00040864261853337634
data the,0.008209866391664815,0.017780167966762652,0.00014597280342848
data to,0.006977342049417754,0.1598333371034547,0.0011152118638706975
database,0.01456229120916084,0.06037265221790921,0.0008791641426665839
date and,0.007648964411478743,0.059011888837395624,0.0004513798375713788
date any,0.008318948361898223,0.024136506996779473,0.00020079035534280358
date as,0.008703224135805775,-0.014960231096151088,-0.00013020224435325424
date each,0.007222190611637434,0.06709043442098865,0.0004845399056059412
date in,0.005791467762223785,0.003058053792381894,1.7710619953725927e-05
date is,0.005923811919134318,0.012567064763513066,7.444492803463161e-05
date it,0.0076561831963671955,0.017804149733941427,0.00013631183201860784
date of,0.009400363046051756,0.05982062746483201,0.0005623356158120355
date on,0.011180824778084141,0.07398243487392615,0.0008271846409813898
date or,0.0139210260591436,0.058782677567684696,0.0008183151862459745
date such,0.010595277268227246,0.04460503924528576,0.00047260275836396047
date that,0.010787421986784708,0.04018186426474855,0.00043345872603954723
date the,0.003975109398067259,0.14021576721024875,0.0005573730139946709
dated,0.009280799269809369,-0.08424642174182582,-0.0007818741293855893
dated as,0.007996389849855064,-0.07378352464067202,-0.0005900018275232007
dated the,0.008434266890400183,-0.0186270708880077,-0.0001571056872558605
day,0.008561210726746923,0.00973590014658312,8.335109276946433e-05
day following,0.006257741435522016,-0.025163653487305336,-0.00015746763709662868
day on,0.00656203038512981,-0.028377702693066078,-0.00018621534733207965
day other,0.0070960542288348435,-0.009374846474458238,-6.65244189697568e-05
day period,0.010113941633292762,0.1297595472948407,0.0013123804877025107
day to,0.01222823167156043,0.026315299030564964,0.000321789573052138
days,0.011419375097054532,-0.003166550462440469,-3.61600274943592e-05
days after,0.0110506003831529,0.044717034922872385,0.0004941500832521552
days before,0.01080664159023023,0.04071451005754545,0.00043998711771371765
days following,0.009119630160335684,0.12532298984548362,0.001142899317978315
days from,0.004361253297591291,0.119279070994871,0.0005202062417100069
days in,0.005607929926004842,0.05388845447725267,0.00030220267652913486
days notice,0.0067079391274018334,0.04793617917169267,0.00032155297188394205
days of,0.010266256631361367,0.14969799246043128,0.0015368380077983865
days or,0.005791467762223785,0.08972163503434681,0.0005196199568754277
days prior,0.010100996908411314,0.14013442254927072,0.0014154973689321883
days the,0.007356742126528927,0.04824473303331911,0.0003549240598893604
days thereafter,0.007577054427323699,0.07202587831379166,0.000545744000159393
days to,0.010734723844348107,0.07380075337992076,0.0007922307070382895
days written,0.008028464890720578,0.011080725685940873,8.8961217133282e-05
deadline,0.013900512133821133,0.07486805783226194,0.0010407043463329794
dealing,0.005697612467989664,0.0025931829585108903,1.4774951556189973e-05
death,0.012670023626195053,0.06310433161895714,0.0007995333725274344
debarment,0.013102491568900407,0.04839411923068958,0.0006340835392044712
debarred,0.012700148634890796,0.06682060813279662,0.0008486316551603099
debtor,0.02409480603770446,0.013477900055047771,0.0003247473876219423
december,0.0073051058202264225,-0.10239295091396339,-0.0007479913416717523
december 31,0.0054942364680646396,-0.051982816905697254,-0.0002856058883560089
decided,0.01452346019677869,-0.010366314922200717,-0.0001505547621598551
decided by,0.016420398101214668,-0.022872620954180644,-0.00037557754168583067
decision,0.018534444762334946,0.14183202879317314,0.002628777903196967
decision making,0.012119779173629061,0.07281724920724167,0.0008825289804228848
decision of,0.02587233458950241,0.08362669645366089,0.002163617871263869
decision to,0.011813667018774022,0.026641309688021874,0.00031473156159832883
decisions,0.01482283954992596,0.06618392469690305,0.000981033696566576
decisions of,0.0076561831963671955,0.047870676429858115,0.0003665066684810109
declared,0.0052844346219792565,0.01661413114309171,8.779628982665763e-05
decree,0.009120322888674414,0.022328471990429356,0.00020364287416343839
deduct,0.007035825129555003,0.060821592859072855,0.0004279300914574279
deducted,0.0067079391274018334,0.03514446251371101,0.0002357469152072291
deduction,0.015772221532627268,0.024198857074752264,0.0003816697346193774
deductions,0.011444013011291419,0.01687414604920258,0.000193107946941506
deem,0.009595527596969057,0.01490289601634719,0.00014300114999961968
deem appropriate,0.0077385425905899365,-0.001004695620905665,-7.77487985295769e-06
deem necessary,0.007824407676386914,0.03587374284388281,0.0002806907888884068
deemed,0.00983765512349415,-0.020388503540266084,-0.00020057506631327725
deemed an,0.004441643413967741,-0.02960924172543466,-0.00013151369350235568
deemed breach,0.008209866391664815,0.0655528165466556,0.0005381798654453569
deemed confidential,0.015901299533088626,0.054310639127179434,0.0008636097405947632
deemed to,0.00979044689981576,0.019562882878544782,0.00019152936602970756
deems,0.008587417562366244,0.03941189206119196,0.00033844637405236255
deems appropriate,0.012014664210652193,0.04221700019531598,0.0005072230813277596
default,0.008674697709193288,-0.03985620363435373,-0.0003457405183640695
default under,0.005094409561542902,0.0200449251865266,0.00010211705853065325
defend,0.007076631333676525,0.09751943873705445,0.0006901091158091877
defend any,0.012963044992779548,0.027377110758047513,0.00035489071852887893
defending,0.01002988544904967,0.04128309300279117,0.00041406469380045937
defense,0.010989013254946937,0.19662596919636083,0.0021607253817655975
defense and,0.009544919756466565,0.13570248144482444,0.0012952692961442423
defense of,0.007964613185786194,0.09732921229152323,0.0007751895275792497
defense thereof,0.007500912372361329,0.0632056964323917,0.0004741003903734412
define,0.0062177891400181096,0.038483861619842255,0.0002392845368458149
defined,0.009520135508374945,0.02479452722838035,0.00023604725908027318
defined below,0.009579876811199185,0.08857558774410584,0.0008485432190680983
defined herein,0.005791467762223785,0.022411404443619335,0.00012979492634138026
defined in,0.009254540739711305,-0.01667403807281375,-0.00015431056464035222
defined under,0.007500912372361329,-0.002297933166342043,-1.7236595318274473e-05
definition,0.007750087395020588,0.09540308259969493,0.0007393822279020037
definition of,0.005856554858055854,0.02006475875143019,0.00011751036034140719
definitions,0.009164182138959455,0.041639898042605226,0.00038159560991013556
definitions for,0.007824407676386914,0.008150856167958246,6.377562156969813e-05
definitions in,0.007914090218371736,0.04062633757378505,0.00032152050080096043
degree,0.005550282432954849,0.016760958252875362,9.302805215042373e-05
degree of,0.005958300365683749,0.02421022713612621,0.0001442518051984674
delaware,0.0036511320668040823,-0.04351807687310022,-0.00015889024595702134
delaware and,0.0074275397412975714,-0.05607898604369033,-0.00041652889749118184
delay,0.009125053554123875,0.05434777666960513,0.0004959263726577108
delay and,0.007577054427323699,0.01538441711101334,0.0001165685657827981
delay in,0.0046854340186417605,0.06822276601499962,0.0003196532687325162
delayed,0.014455669595038583,0.07072551048134082,0.001022384611458701
delays,0.005728414974598702,0.010047934310638313,5.7558737368844606e-05
delays in,0.007222190611637434,0.022675406195389016,0.00016376610573940386
delegated,0.02089623662130025,0.004000991105221414,8.360565685442427e-05
delegation,0.0070960542288348435,0.022160103229750656,0.00015724929423488883
delinquent,0.008556578580126829,0.0331145330561549,0.00028334710423919685
deliver,0.0075857546389650156,0.031940727365134015,0.00024229452078198218
deliver to,0.0075763567325803334,0.05891459336539945,0.0004463579760911767
delivered,0.008279935925919591,-0.03729199502910534,-0.0003087753293907041
delivered by,0.0037769108909006697,0.002852533555791305,1.0773765053527792e-05
delivered personally,0.005607929926004842,-0.024796191172514245,-0.00013905530252727972
delivered pursuant,0.007222190611637434,0.021233371851707032,0.0001533514588408051
delivered to,0.008287930601598947,0.031067427365747042,0.00025748468197752745
delivered under,0.0077385425905899365,-0.007751219765570633,-5.9983144284890884e-05
delivery,0.0063549374779006615,0.03118915077229996,0.00019820510314678337
delivery and,0.004458113097210674,0.09075123652364729,0.00040457927613413565
delivery of,0.0034507954241777983,0.05020301428129498,0.00017324033196182537
department,0.01096489583043359,0.029606008334180544,0.00032462679733923837
depending,0.0074275397412975714,-0.004169479652322929,-3.096897581816014e-05
depending on,0.0077385425905899365,-0.024871603252642805,-0.00019246996106683155
described,0.013077827225315633,0.01999293798114439,0.0002614641886438571
described below,0.011273179077245387,0.005128923603741122,5.781927425848442e-05
described in,0.013638342997941798,0.05335730683864066,0.0007277052521118068
describing,0.006140182457047066,0.07702820325480945,0.00047296722232303674
description,0.009054490371757335,0.057289968347369366,0.0005187314667995384
description of,0.010935998731146571,0.04772779025353392,0.0005219510536530767
design,0.008181409191071288,0.1856683653746777,0.0015190288709675702
design and,0.00617861266647852,0.08206325634575817,0.0005070370751103753
design of,0.007035825129555003,0.016955197464223207,0.0001192938043953489
design or,0.006920506601053043,0.08972001109003613,0.0006209079289951473
designate,0.0046487507354544795,0.055457387637185614,0.0002578075715647508
designated,0.00996227020898759,0.02626932484878828,0.0002617021123513009
designated by,0.011463328598306113,0.055481963135710057,0.0006360079747037506
designated in,0.0067079391274018334,0.047198198077757644,0.0003166026396286525
designed,0.008402725732015623,0.0941579417135558,0.0007911833597101226
designed to,0.005550282432954849,0.08525710772068637,0.0004732010272666648
designee,0.02024568064646961,0.06530722691733518,0.0013221892600748918
designee to,0.008434266890400183,0.012492178088952376,0.00010536236404463367
designees,0.012340240616199498,0.001633739727663846,2.01607413436161e-05
designs,0.008475408617727173,0.09060351154657391,0.000767901782558176
desirable,0.010664289044768495,0.050646081274055454,0.0005401044496913644
desire,0.00498413484815129,0.09345490961319085,0.0004657918717339335
desire to,0.0052110619909154976,0.06256282834193028,0.0003260187768168037
desires,0.004109660912958752,0.08762169725828878,0.00036009546434949446
desires to,0.004299170707144484,0.08128492062383062,0.00034945774967853714
despite,0.007577054427323699,0.0068089928437477815,5.159210937233451e-05
destroy,0.0052110619909154976,0.06467959049337754,0.00033704935560801907
destroy all,0.006920506601053043,0.036293504427637624,0.000251169436966814
detail,0.0114068948773022,0.11914871107742046,0.0013591168220261874
detailed,0.012423179797857705,0.018401292757087784,0.00022860256843431826
detailing,0.014184559152873723,0.07653630591172542,0.001085633758547308
detailing the,0.012963044992779548,0.05443528758379804,0.0007056470821436678
details,0.004760864299035681,0.020001262732360758,9.522329767812918e-05
determination,0.016113527321176584,0.025427868349337145,0.0004097326513663254
determine,0.009012821161408571,0.10373991304701022,0.0009349892835927788
determine the,0.00516358862428463,0.005365402499336333,2.770473131028141e-05
determine whether,0.006257741435522016,0.04514521587420412,0.0002825070879915934
determined,0.012585178062837482,0.08537570083135153,0.0010744683972021012
determined by,0.012464333066275276,0.08630444752489504,0.0010757273790511686
determined in,0.019050024368315467,0.10937762805239908,0.0020836464797467477
determined to,0.00617861266647852,-0.01491756098912494,-9.21698312803732e-05
determines,0.013641497154126997,0.09161290950527656,0.0012497372442975244
determines in,0.0076561831963671955,0.012553032842237197,9.610831911018196e-05
determines that,0.005697612467989664,0.04428163235075871,0.00025229958058461727
determining,0.012791913896536606,0.08408274455019722,0.0010755792284706054
determining the,0.013578669788269685,0.030938579335153638,0.0004201047525102355
develop,0.013807670316461731,0.14008936789471993,0.0019343078067318115
develop and,0.014055042645429457,0.07197914030824239,0.0010116698866136972
develop manufacture,0.013247873796826097,0.07993530438679342,0.0010589728244271186
develop the,0.0068652284858365525,0.07260239459587517,0.000498432027519548
developed,0.011000955565692855,0.1456146846545056,0.0016019006755965935
developed and,0.014642735767148835,0.039842448683690086,0.0005834024483914608
developed by,0.009773771814142494,0.08699882173173591,0.0008503066317052479
developing,0.017131122090891012,0.09676114800891546,0.0016576270401955065
developing and,0.007356742126528927,0.04222508594468153,0.00031063906856554314
development,0.01879929462805228,0.12589137215020835,0.0023666689961815424
development activities,0.026891249741505148,0.038169891687850614,0.0010264360899841923
development and,0.018596641889192876,0.11746587998995665,0.002184470904372131
development manufacture,0.01919696181696565,0.06942390730265982,0.0013327280976737233
development manufacturing,0.023030850746133365,0.021067056939368275,0.00048519224403088395
development of,0.016794975729318116,0.05287724362040792,0.0008880720232379922
development or,0.017234272731483424,0.06004110255028791,0.001034764736450627
development plan,0.04477860729277299,0.0775985510307027,0.003474755043092041
developments,0.005856554858055854,0.11213966412382612,0.0006567520947051456
device,0.00617861266647852,0.061352225158072,0.0003790716354783058
devices,0.009302550985233277,0.037673436159582276,0.00035045906066344504
diagnostic,0.030067734331591246,0.08017430648381461,0.002410659747574911
diagnostics,0.029924134820685348,0.04691332094439323,0.0014038405408261048
did,0.013305413512697229,0.01107700495196032,0.00014738413136802694
did not,0.01429453943357473,0.0314316247097962,0.00044930059887550363
different,0.007548241621159619,-0.000382770514922446,-2.889244332090306e-06
diligence,0.01618552697258144,0.033137309614741865,0.0005363448185681868
diligent,0.02986732750076442,0.08465899944670699,0.0025285380623618313
diligent efforts,0.03487986194085269,0.05679924857469457,0.0019811499486295206
diligently,0.006340100829744757,0.0916819199011269,0.000581272616437727
direct,0.009816260893325348,-0.014708800463928837,-0.0001443854227817904
direct and,0.007500912372361329,0.0478554125164638,0.00035895925582919854
direct or,0.007633290829760132,0.06844651879839374,0.0005224721842727834
direct the,0.006658121164349814,-0.002733288944033047,-1.8198568966549782e-05
directed,0.013789404048372037,0.05453639557860367,0.0007520243939752164
directed to,0.01625406418771803,0.03743051200475667,0.0006083979447044653
direction,0.00449146137701976,0.016578171470256354,7.44602168602673e-05
direction of,0.0055220648402078635,0.019028995685974524,0.00010507934802198703
directive,0.012575917971474929,0.033498137253376366,0.00042126982629566963
directives,0.013399719539933146,-0.03611651521418312,-0.00048395117462978225
directly,0.009925451831063579,0.07524220436056454,0.0007468128750438254
directly or,0.010867324615385397,0.07167920673294277,0.0007789612077402076
directly to,0.0052110619909154976,0.08409791715666998,0.00043823945961028325
directly with,0.008106380888247012,0.014841544182127495,0.00012031121011007197
director,0.009643011989063468,-0.051811951269255994,-0.0004996232672662077
director officer,0.008007945512605858,-0.016115339143180224,-0.0001290507577757516
directors,0.009916011486855371,0.0640621100482613,0.000635240619110752
directors and,0.006470308909173226,-0.015216338413351203,-9.845441000090108e-05
directors employees,0.005386609618697299,0.056406774998563856,0.00030384127676695837
directors of,0.00617861266647852,-0.026927922054948983,-0.0001663772002906541
directors officers,0.008060843964940764,-0.009666871346518969,-7.792314155344623e-05
directors or,0.01257779905335983,0.0698777665432617,0.0008789085058787361
disclaimer,0.008823094917641671,0.07809225057702332,0.0006890153391733343
disclaimer of,0.006920506601053043,0.09638422373752506,0.0006670276566129156
disclose,0.010996552327430053,0.09789898422600028,0.0010765513028434615
disclose any,0.0055220648402078635,0.0006854157227253217,3.784910063387161e-06
disclose the,0.008989760496375853,0.032330021495383776,0.00029063915008618326
disclose to,0.014350381746443626,0.07890033152603847,0.001132249877319613
disclosed,0.010276777524847366,0.050967450327408424,0.0005237811480234855
disclosed by,0.008664184090828546,0.07171814554194025,0.000621379215628205
disclosed in,0.00617861266647852,0.04349250154169654,0.0002687233209223628
disclosed to,0.01096489583043359,-0.005287798637606177,-5.798016123366039e-05
disclosing,0.014552205813172956,0.10400172109401302,0.0015134544502842888
disclosing party,0.015218167805433811,0.11880382898700925,0.0018079766054523683
disclosure,0.013179442232318494,0.08790319351888573,0.001158515061018468
disclosure and,0.01088589160499866,0.07660681519801542,0.0008339334864497598
disclosure by,0.00617861266647852,0.06947010991994228,0.0004292289010930104
disclosure is,0.01296651246879226,0.05104124648331459,0.0006618269589485977
disclosure of,0.010521415199151058,0.06681120996556071,0.000702948480005323
disclosure or,0.005728414974598702,0.06890814838077931,0.00039473446905632557
disclosure shall,0.007577054427323699,0.036269957639191566,0.0002748194431088795
disclosure to,0.012021722060283258,0.026988960125494017,0.00032445377732475664
disclosures,0.015196711043751835,0.07640410223727233,0.0011610910642571007
discount,0.010664289044768495,0.027130909604295723,0.0002893318620676952
discounted,0.008825981502142751,-0.018395126395768346,-0.00016235504529862928
discounts,0.012729029513097647,0.09223283905162347,0.0011740345303649002
discovered,0.006609503751760677,0.08620970799460524,0.0005698033884285358
discovery,0.005889903137864939,0.050998361332796706,0.0003003754084400093
discretion,0.009346157295013431,0.11745823468385869,0.0010977831369499455
discretion and,0.005791467762223785,0.07842995438709201,0.0004542245524255253
discuss,0.019441548832251417,0.13170708105900872,0.0025605896479620137
discuss and,0.02364035595297139,0.030655478470525,0.000724706422951862
discuss the,0.0068652284858365525,0.08535189007885437,0.0005859602270893412
discussion,0.01489186660568811,0.07856062314785242,0.0011699143203775517
discussions,0.00516358862428463,0.053856066043350526,0.00027809056997016654
disease,0.0070960542288348435,-0.0017925330169978498,-1.2719911495593672e-05
diseases,0.008825981502142751,0.023871132631715013,0.0002106861750427129
dismissed,0.005578900288572575,0.053446761214276814,0.0002981741515615984
dismissed within,0.006257741435522016,0.06733485393096653,0.0004213641054986317
dispatch,0.013247873796826097,0.05037244902715294,0.0006673278475487776
display,0.00935585093007857,0.11989916030629061,0.0011217586704672486
display the,0.011532744409268832,0.05148686728497914,0.0005937848808316096
disposed,0.0076561831963671955,0.039716578278099456,0.00030407739922998743
disposition,0.005360576676941627,0.01448984186409214,7.767390834922471e-05
disposition of,0.006029097980452392,0.023059963615645853,0.00013903078006439605
dispute,0.01556230274007731,0.06237006055973072,0.0009706217643474851
dispute and,0.012700148634890796,0.036161530140280236,0.0004592568076466424
dispute arising,0.006029097980452392,0.01856520093795031,0.00011193141548168907
dispute between,0.01171743623961945,0.002643562478947322,3.097577479251558e-05
dispute has,0.008209866391664815,0.0005659697997574781,4.6465364377261845e-06
dispute if,0.0077385425905899365,0.01862902702465579,0.00014416151905154975
dispute is,0.007500912372361329,-0.016825453396594966,-0.00012620625155310811
dispute resolution,0.010550823972621944,0.01917449367430252,0.00020230670752171886
dispute shall,0.013771157604846948,-0.02743400988031341,-0.00037779807379472434
dispute the,0.011813667018774022,0.02962751068261274,0.00035000954579955716
dispute to,0.006609503751760677,0.01927930842849636,0.00012742666138949792
dispute within,0.012963044992779548,0.052017955318571826,0.0006743110952270428
disputes,0.012551959309633279,-0.01890637635815392,-0.0002373120667401606
disputes or,0.012829068340572373,-0.03248461315252819,-0.00041674732215084026
disruption,0.012340240616199498,0.05017511296404071,0.0006191729669212531
distribute,0.004109660912958752,0.2393121370100391,0.0009834917354667873
distributed,0.004920751887054668,0.06571945477270089,0.00032338913108897175
distributed in,0.008318948361898223,0.028685781259018068,0.0002386355330144791
distributing,0.012360623104188223,0.11920893239524133,0.001473496683990232
distribution,0.00930718079112938,0.06624643525663934,0.0006165675497013898
distribution of,0.0076911899574581616,0.07613201304743783,0.0005855457741915275
distributor,0.01756630786939321,0.16473212235397483,0.002893735177248473
distributor and,0.007222190611637434,0.10375543410819234,0.0007493415221225531
distributor for,0.007914090218371736,0.07315405477775282,0.0005789477893508437
distributor of,0.0074275397412975714,0.18013819886853835,0.0013379836310218338
distributor or,0.014765469077804027,0.16233761971971372,0.0023969911041357424
distributor to,0.012963044992779548,0.12258118509222303,0.0015890254176187247
distributors,0.01382014686360225,0.11481785578086734,0.0015867996294554893
disturbance,0.007500912372361329,0.056730039097365514,0.0004255270521499709
divisions,0.013102491568900407,0.006381167441721822,8.360919260490195e-05
do,0.008964217583099721,0.07079905485444044,0.0006346581323930167
do any,0.007577054427323699,0.044742793082517496,0.00033901857841671737
do business,0.0060654507656467405,0.03902040052103543,0.0002366763182161568
do not,0.00759308832778922,0.0814812737553333,0.0006186945086850194
do or,0.0068652284858365525,0.015901891032046735,0.00010917011529187606
do so,0.008773161638556107,0.06227296915372692,0.0005463308240984647
document,0.019296921431044816,-0.0010193088520646586,-1.96695228322602e-05
document marked,0.04696394839535511,0.021560970570111856,0.0010125883092085034
documentation,0.008929090207205273,0.08883813571278659,0.0007932437276194158
documentation to,0.007288344898710119,0.05108031696360149,0.0003722909675661609
documented,0.006470308909173226,-0.06100293886973554,-0.0003947078588545996
documents,0.011237185483808775,-0.033077435006073054,-0.0003716972724918723
documents and,0.0042389416078646444,-0.017964478093814157,-7.615037365544176e-05
documents in,0.0077385425905899365,-0.0050841751372874685,-3.934410583791751e-05
documents or,0.005958300365683749,0.04110090166792266,0.00024489151743791533
documents to,0.00715813681928165,-0.02026471774045225,-0.0001450576221902813
does,0.009942628083044318,0.05946862221616501,0.0005912743933063954
does not,0.01015018647424367,0.07398678172547477,0.0007509796311427327
dollars,0.01058064156268397,0.1844565320190388,0.0019516684491891886
domain,0.017456368855347095,0.07862339893510893,0.0013724790524723654
domain name,0.019642331429267884,0.07405059019741828,0.0014545262351905854
domain names,0.023457161186897307,-0.005243108652927735,-0.0001229884447921419
domestic,0.006298500902468313,0.0074838000607512474,4.7136721436534147e-05
domestic or,0.0074275397412975714,-0.02082337255281576,-0.00015466642718388413
done,0.004819347379172931,0.022360009153488142,0.00010776065151214583
dosage,0.01494368569602723,0.030144764853202204,0.00045047389134690217
dose,0.019543394050199375,0.019042498547146583,0.00037215505280723476
doubt,0.013080604788986393,0.0414446726030877,0.0005421213829299222
doubt the,0.012652739111361474,0.008054480662925016,0.00010191124250549604
down,0.021366126985758186,0.01543827538890418,0.000329856152400432
draft,0.023090965325734108,0.035872367417342135,0.0008283275921858413
drawings,0.00610247061151615,0.07427600742046081,0.0004532671524241176
drawn,0.013247873796826097,0.019252165222794076,0.0002550502551872203
dress,0.015992356749003716,0.10420245205996506,0.0016664427874639185
drug,0.025904667328315697,0.03958231646319602,0.0010253667400632065
drug administration,0.011813667018774022,0.026571035587403525,0.0003139013667735798
drug and,0.0074275397412975714,0.02107216135392557,0.000156514315891317
drug product,0.02384239337195189,0.027938413926763644,0.0006661186550303179
due,0.010130500266171016,0.06861473021324709,0.000695101542688552
due diligence,0.013305413512697229,0.011322580090416949,0.00015065161013363027
due from,0.007356742126528927,0.031296742094848326,0.00023024206099228189
due hereunder,0.006382576608996469,0.08661119870172566,0.0005528026109107796
due to,0.003362422538190502,0.07769009818435929,0.0002612269371293227
due under,0.015574947708501614,0.08370595769556051,0.0013037159139984032
duly,0.005853523079663243,-0.06492912512421017,-0.0003800641324569068
duly authorized,0.0035016173807779537,-0.010859483659191704,-3.802575672729984e-05
duly organized,0.00944589929422172,0.044654036753651184,0.0004217975342554645
duplicate,0.006609503751760677,0.020634433472389756,0.0001363833654512162
duration,0.010717948957170032,0.03588010681593106,0.00038456115343095767
duration of,0.008989760496375853,0.04013647585831066,0.0003608173051347843
during,0.011098066530002369,0.044861763403194636,0.0004978788349018795
during any,0.005697612467989664,0.07126484475457474,0.0004060394680030129
during normal,0.0052110619909154976,0.031003394917672976,0.00016156061284482834
during or,0.006920506601053043,0.10301939116070614,0.0007129463765641324
during such,0.010935998731146571,0.11850238725812347,0.0012959419566926779
during the,0.010994166469235688,0.07346769415570455,0.0008077160596587096
duties,0.009030893849899916,0.03403804591355258,0.0003073939795033129
duties and,0.005889903137864939,-0.015593652604487264,-9.184510340594532e-05
duties as,0.008318948361898223,-0.04492461580444576,-0.00037372555905530107
duties or,0.006515648457526557,0.01841126525153017,0.00011996133203724487
duty,0.010031725404495895,0.11935259063938841,0.0011973124156095516
duty of,0.0074275397412975714,0.006478715189479338,4.8120914542406005e-05
duty or,0.007824407676386914,0.06394677509872794,0.0005003456379626745
each an,0.006382576608996469,0.007446969038255774,4.753085039149223e-05
each as,0.0077385425905899365,0.029276004117607182,0.00022655360474638952
each calendar,0.012732951859496338,0.12467408479075698,0.0015874691197674733
each case,0.019124316360724487,0.027341477367886294,0.0005228870629530462
each fiscal,0.018466440547210878,0.007449274808019096,0.00013756159036212035
each jurisdiction,0.0077385425905899365,-0.018807212601270256,-0.00014554041572520962
each of,0.010319044242743715,-0.03097807100254177,-0.0003196640852300847
each other,0.006752555164122114,-0.023598369467845177,-0.00015934929161495956
each party,0.013821204006679811,0.04890969958577212,0.0006759909358803795
each product,0.011444013011291419,0.18777694357927757,0.0021489217855417873
each such,0.010908646973610308,0.10176667520376184,0.0011101367334758999
earlier,0.00358569308730611,0.015353794361440567,5.505399430573697e-05
earned,0.006140182457047066,0.0396187240982941,0.0002432661946789333
earthquake,0.006425965915541734,0.032427556796658555,0.00020837837469962157
ec,0.019174987641289953,0.04839535472800289,0.0009279803288052987
economic,0.007996389849855064,-0.004290249475318231,-3.430650735778072e-05
education,0.015438949431295972,0.14209752432791475,0.002193836492411025
educational,0.022097013884913808,0.018465546029314585,0.00040803342700227943
effect,0.008443789057027215,-0.05451222307466451,-0.0004602897126720786
effect and,0.005235224255677302,-0.03545404143888537,-0.0001856098577026409
effect at,0.007824407676386914,0.0400857631632354,0.00031364735300824683
effect in,0.01080664159023023,0.03990796440726803,0.0004312710679450104
effect of,0.0074380395883607165,0.024841585851359448,0.00018477269900007303
effect on,0.008366956119795805,-0.010204642394341346,-8.538179513166204e-05
effect the,0.005466786724991373,-0.015497683783837217,-8.472253197759536e-05
effected,0.006515648457526557,-0.027350563097085254,-0.0001782066542560063
effective,0.011512424992526233,-0.00030052101305774146,-3.459725621505245e-06
effective as,0.00836961807575963,-0.026251140771932174,-0.00021971202231407412
effective date,0.013399873663853612,0.14902416756329231,0.0019969050182090686
effective unless,0.0056672731745598705,0.020424846249089607,0.00011575318324197532
effective upon,0.011893409127370474,-0.016705366973240987,-0.00019868376403561763
effectiveness,0.00610247061151615,-0.006267446405793817,-3.824690750060929e-05
effectiveness of,0.006920506601053043,-0.012981291300442501,-8.983711213490477e-05
efficacy,0.02757986562902583,0.06837855647752028,0.001885871399556763
efficiency,0.008007945512605858,0.008477966584907412,6.789109446963172e-05
efficient,0.006920506601053043,0.02030670237941356,0.00014053266786235108
efforts,0.013146444558681084,0.14386006639035392,0.001891248387008968
efforts and,0.011813667018774022,0.030770349089709707,0.0003635106581972668
efforts in,0.012340240616199498,0.011495197211380344,0.00014185349951909893
efforts to,0.012683316843338241,0.14006171039661364,0.0017764470505801325
eight,0.00656203038512981,0.03618458868755993,0.00023744437044119265
eighty,0.014077363484403126,0.09644060011260665,0.0013576293824391328
eighty 180,0.01222823167156043,0.09973542041714697,0.0012195878267213514
either,0.011749103691394347,0.014421575540249804,0.0001694405864156714
either by,0.007500912372361329,0.035651926919815835,0.0002674219797313685
either directly,0.0124317844892539,0.011191249752687113,0.0001391272050908222
either express,0.0076561831963671955,0.00892338725829303,6.831908758162024e-05
either of,0.0056672731745598705,-0.00793035457650797,-4.494348575619172e-05
either party,0.012132386130071547,0.0722872183423943,0.000877016445198718
either the,0.00617861266647852,0.028438778418377355,0.0001757121965549623
elect,0.014025078456804323,0.09979645785072201,0.001399653151067542
elect to,0.009076245286739117,0.10922527047080789,0.0009913553463034754
elected,0.0070960542288348435,0.013198094446490836,9.365439390958297e-05
election,0.004722796660365082,0.02573165446491237,0.00012152537177255637
election of,0.0067079391274018334,-0.027473202214539676,-0.0001842885680899334
electronic,0.011657566264746249,0.08250926965113844,0.000961857278413963
electronic form,0.015156577968685773,0.03884064822388616,0.0005886913131596272
electronic format,0.013725295945480455,0.046219538650291624,0.0006343768464388248
electronic transmission,0.01222823167156043,0.015931211892730838,0.0001948105498330314
electronically,0.010880106072273795,0.03102304875196693,0.00033753406110672137
elects,0.014350381746443626,0.11366289361102022,0.0016311059137235485
elects to,0.014557793922690819,0.0748934354481275,0.0010902831994161876
ema,0.0280003535069315,0.011397433954673486,0.0003191321798027619
embargo,0.007356742126528927,0.031083209152492408,0.0002286711541998504
embodiments,0.0077385425905899365,-0.012768464599680266,-9.880930712106562e-05
emergency,0.006340100829744757,-0.0654687871232428,-0.00041507871156245456
employ,0.009595527596969057,0.051102841430850234,0.0004903587252332571
employee,0.008046710456457851,0.051517550564213095,0.0004145468128161496
employee or,0.010935998731146571,0.04236945410687938,0.0004633522963522058
employees,0.009765706531414895,0.04959143779869026,0.000484295428012925
employees and,0.004151840672109671,0.05103386130201609,0.00021188446100851423
employees consultants,0.017899384897420264,0.05776085705626223,0.0010338838124549108
employees of,0.013119012134943396,0.015527470057046083,0.0002037050681033578
employees or,0.004594946880437563,0.012668591917923515,5.821150691279918e-05
employs,0.013900512133821133,-0.0084306129265004,-0.00011718983728036809
enable,0.013552848290557954,0.07265340761590099,0.0009846606112103738
enabling,0.0076561831963671955,0.01629822071990864,0.00012478216360644817
encumbrances,0.00656203038512981,0.01296620174280499,8.508460981600944e-05
end,0.009681632076018276,0.10946867718993514,0.0010598354564013662
end of,0.010937403519665042,0.10634221728251889,0.0011631077415948066
end on,0.0077385425905899365,0.007070599110158768,5.471613235495093e-05
endeavor,0.011444013011291419,0.07137884335077942,0.0008168604120372516
endeavor to,0.006920506601053043,0.058346748959201916,0.00040378906132214164
ending,0.008864005188099064,0.013264043733344947,0.00011757255246754248
ending on,0.011273179077245387,-0.008732185859902677,-9.843949493447287e-05
enforce,0.008712675862718594,0.07339181801776169,0.0006394391213643879
enforce any,0.005578900288572575,0.04594606352316993,0.0002563285070481866
enforce or,0.007356742126528927,0.007252401894270401,5.335405053409725e-05
enforce the,0.005923811919134318,0.0387693211750918,0.00022966216687375532
enforceability,0.004393026001378605,0.014131843142428775,6.208155437209355e-05
enforceability of,0.0052110619909154976,0.0295209733581291,0.0001538356222013756
enforceable,0.00754756097790582,0.083564752077995,0.0006307100619122493
enforceable in,0.005923811919134318,0.048401155855355656,0.00028671934395583365
enforced,0.0045773264628167385,0.03495692813476708,0.00016000927221005232
enforced in,0.0062177891400181096,0.028569106807716255,0.00017763668204903558
enforcement,0.01554275586841742,0.06297727043889882,0.0009788403396911055
enforcement action,0.023421000036315625,0.0472695616401989,0.0011071004048917221
enforcement of,0.01150038147519829,0.05695322621973125,0.0006549838277701747
enforcing,0.015772221532627268,0.009081716694331615,0.00014323884759955764
engage,0.010797025699612672,0.044185946930174726,0.00047707680456681817
engage in,0.008366956119795805,0.053010126462816394,0.0004435334020192112
engaged,0.0045773264628167385,-0.0009679451683288257,-4.430601033547136e-06
engaged by,0.0076561831963671955,-0.010342449649869717,-7.918368921860632e-05
english,0.020754648487079693,0.040810143119068804,0.0008470001751436871
english language,0.013673819921606649,0.05036163274939445,0.0006886358971733077
ensure,0.01155486155784078,0.09673204545769139,0.0011177253934703851
ensure that,0.012206248162770291,0.127622090438526,0.0015577869069441617
ensure the,0.00610247061151615,0.05368661685878527,0.0003276210016124646
ensuring,0.006382576608996469,-0.02206893466790165,-0.0001408566661968203
enter,0.009177280344685986,0.12035681809715143,0.0011045482610719344
enter into,0.009027479736827002,0.11330741707047257,0.0010228804116358971
entered,0.006322625890072165,-0.02125163655000192,-0.00013436614745744604
entered into,0.006621547238453014,-0.02500346525661566,-0.00016556162632169928
entering,0.004839224633488535,0.0344678565823337,0.00016679770063677917
entering into,0.004962785178094638,0.011302909148600139,5.609390999202305e-05
enters,0.00925607453014168,0.03487067386368671,0.00032276555619854775
enters into,0.01080664159023023,0.01623622326459734,0.00017545904559946126
entire,0.004351676032459225,-0.014901790305663812,-6.484776371389044e-05
entire agreement,0.004771914460874431,-0.013317176728782772,-6.354842821009897e-05
entirety,0.012791913896536606,0.01176416672471998,0.00015048620780711903
entities,0.010483053175342828,0.09216407847118754,0.0009661609354699282
entities and,0.008209866391664815,0.028850147454082067,0.00023685585597784257
entitled,0.009521457780010673,0.02161033777069514,0.00020576191869544375
entitled to,0.009283719950603524,0.03064451432806484,0.0002844950890440111
entity,0.011374616914989834,0.12056647695196551,0.001371397488118559
entity and,0.0068652284858365525,-0.023952563818352823,-0.00016443982343457373
entity or,0.008823094917641671,0.07632155586292236,0.0006733923316406551
entity other,0.010461300616020073,0.052574171811192755,0.000549994215955176
entity that,0.013523782019378242,0.09891321219454942,0.0013376807205555921
entity whether,0.007577054427323699,0.0483178318758978,0.00036610684193395354
entity which,0.006811424630819635,0.045056174814081036,0.00030689673889914686
environment,0.006029097980452392,-0.044998561118860574,-0.00027130073396498583
environmental,0.010332380910338494,-0.012363084469870451,-0.00012774009796939176
equal,0.012495805684051928,0.11805477822074824,0.0014751895687203156
equal to,0.012544965122359121,0.14502757625185878,0.0018193658858598463
equally,0.01222179090438941,0.06988945893250312,0.0008541743534939638
equitable,0.006911465990935238,0.044990392330301554,0.00031094956650971276
equity,0.0059991883952435045,0.026596942658693966,0.00015956006974699377
equity interests,0.008434266890400183,0.032951677796761336,0.000277923245024359
equivalent,0.013381875304998441,0.13312631880148904,0.0017814797980149958
equivalent to,0.00656203038512981,0.06663497215846856,0.00043726071201614957
error,0.005386609618697299,0.06628033112971461,0.00035702626919376275
escalation,0.007500912372361329,0.1093766379460686,0.0008204245768169516
establish,0.012873477653553466,0.10433399294022806,0.001343141326622031
establish and,0.011444013011291419,0.053272668812793765,0.0006096531150398305
establish joint,0.01795694095720849,0.05365527467098739,0.0009634845993097248
established,0.01076033839987724,0.03514142700760805,0.000378133646456448
established by,0.005386609618697299,0.0017364189507146105,9.353411022007592e-06
established in,0.012963044992779548,0.0035418914663192217,4.5913698437438e-05
establishing,0.010595277268227246,0.020740759218192784,0.00021975409467029272
establishment,0.014184559152873723,-0.05363184877722641,-0.0007607441314585464
establishment of,0.007500912372361329,-0.029729560309707758,-0.0002229988267519492
estoppel,0.007500912372361329,0.058422751637309984,0.0004382239405836915
estoppel or,0.007914090218371736,0.059455251661588535,0.00047053422560580774
et,0.006257741435522016,-0.011354170014320267,-7.105146016457354e-05
et seq,0.0067079391274018334,-0.0015987065452768132,-1.0724026188295746e-05
eu,0.013900512133821133,-0.00456019798727161,-6.338908745469573e-05
europe,0.013900512133821133,0.049066183406513815,0.0006820450778025384
european,0.0161227061381546,0.0726421686028416,0.0011711883376218956
evaluate,0.006382576608996469,0.05775489535547053,0.000368625044150865
evaluate the,0.0074275397412975714,0.058244509995110945,0.00043261341270109014
even,0.004095794707219461,0.10938656646800678,0.0004480249199805719
even if,0.004630656219607212,0.11805964688370005,0.0005466936381266368
event,0.011887925344534485,0.03400023386958026,0.000404192241938283
event and,0.006515648457526557,0.03801890766289884,0.0002477178370706114
event any,0.005637383368709824,0.028399470127220338,0.0001600987005753634
event later,0.011813667018774022,0.04781061525928038,0.0005648186886358546
event of,0.008055628286589126,0.04745415964712388,0.0003822730707696874
event shall,0.009941538214179549,0.09220994950174985,0.0009167087366992126
event such,0.013771157604846948,0.03857246337994383,0.0005311874724123938
event that,0.01200372322204038,0.15113821232025101,0.0018142212689662666
event the,0.011061254940156367,0.08392933824935003,0.0009283638073346778
event within,0.0070960542288348435,0.0569394393796433,0.000404045349597403
events,0.009041058242441887,0.07556058392859356,0.0006831476401313329
every,0.003988167857852119,-0.012278564935792732,-4.8968978017478645e-05
evidence,0.008653886068185962,0.06266513617437422,0.0005422969489003932
evidence of,0.009032729198202664,0.05869964494139563,0.0005302179967862736
exact,0.006977342049417754,0.03574304532523865,0.0002493914531220323
examination,0.00617861266647852,0.07244507848393301,0.000447610079544859
examine,0.006470308909173226,0.060750673850544286,0.00039307562625345366
example,0.00516358862428463,0.060923541894070524,0.00031458410787535066
exceed,0.00845515948243261,0.11857556722851921,0.0010025753316370396
exceeding,0.01808108225382105,-0.037662033323098164,-0.0006809703223610872
exceeds,0.014483117405269363,0.036525727408320316,0.0005290063983675682
exceeds the,0.006920506601053043,0.03122297323023194,0.00021607879234432259
except,0.010313733299585617,0.05064452665703523,0.0005223341410244156
except as,0.008028139304236659,0.08919413064327876,0.0007160629059245256
except for,0.009718490811539525,0.10043468893203646,0.0009760736015458267
except in,0.007411035757978525,0.08806459256196796,0.0006526498444885542
except that,0.010150893307379422,0.11706878417628479,0.0011883527377980951
except those,0.007914090218371736,0.01653432453773079,0.00013085413609143903
except to,0.009363114416214251,0.05669764654039078,0.0005308665516877529
except where,0.009595527596969057,-0.0169344208111345,-0.0001624947022319282
except with,0.01103802783064938,0.07554711253853308,0.0008338911307255288
exceptions,0.005791467762223785,0.03110763537166087,0.00018015886741398624
exceptions to,0.008434266890400183,0.03271381509392339,0.0002759170475053518
excess,0.013728498669057506,0.0750299347769006,0.0010300483597241515
excess of,0.008227509543674946,0.08734686605236698,0.0007186471740559465
exchange,0.02102278508939358,-0.01090095399869476,-0.00022916841318392555
exchange act,0.03185197040408435,-0.11636784682782189,-0.003706545213146804
exchange commission,0.026560744324668855,0.040566569083871164,0.001077478269565718
exchange of,0.020224346272009544,0.06845021696218893,0.0013843608902374901
exchanged,0.011813667018774022,-0.001489446840267916,-1.759582901309026e-05
excise,0.0062177891400181096,0.08350649070058824,0.0005192257509991408
excluded,0.011692983498809255,0.06419450837353145,0.0007506253271258759
excluded from,0.013305413512697229,0.06487306519780457,0.0008631629582929572
excluding,0.0065585364562934165,0.08995686804987071,0.0005899853985990535
excluding the,0.006298500902468313,0.03555343503870038,0.00022393334267710287
exclusions,0.006609503751760677,0.054483595433854025,0.0003601095284294691
exclusive,0.010506443943282833,0.16901793507459642,0.0017757774602706645
exclusive and,0.01222823167156043,0.011083870259670298,0.00013553613335276707
exclusive license,0.018434744005068275,0.13146106785430653,0.002423451132527051
exclusive owner,0.011912687481018865,0.08254847934712749,0.00098337423649567
exclusive rights,0.012575917971474929,0.03394493101543063,0.00042688866799743075
exclusive worldwide,0.012829068340572373,0.041335374233344005,0.0005302943409227046
exclusively,0.0074380395883607165,0.11087729989875231,0.0008247097460974633
exclusively to,0.007288344898710119,0.087192582257328,0.000635489612100559
exclusivity,0.020884250050092607,0.13797719875220216,0.0028815503199523156
excuse,0.006920506601053043,0.08177661814904691,0.0005659356257122733
excused,0.005993388641282742,0.07563579092333655,0.0004533146901943616
excused from,0.007500912372361329,0.0496703118128761,0.0003725726564162474
execute,0.007158450357844013,0.04491151020513027,0.0003214968162992298
execute and,0.004962785178094638,-0.016279187241561743,-8.079010915384996e-05
executed,0.007826036535650628,-0.0645092250273329,-0.0005048515519504151
executed by,0.006516877808846684,-0.0012648644381360486,-8.242966988088144e-06
executed in,0.007865866340380973,-0.04174777631484789,-0.00032838242850071603
executed this,0.004393026001378605,-0.021959118899078676,-9.646698029101695e-05
executing,0.0056672731745598705,-0.021368739986612675,-0.00012110248690027485
execution,0.010704139112084446,-0.022489273961457064,-0.00024072831701321486
execution delivery,0.005259679403504634,0.06886539593962034,0.00036220990463781274
execution of,0.010745406862168396,-0.022250642503925444,-0.00023909220664933625
execution version,0.02235625771387971,-0.015033111834851428,-0.0003360841224215136
executive,0.011777832872736618,0.0467656713248615,0.00055079826104555
executive officer,0.004859299674676837,0.048262849117296266,0.00023452364701465503
executive officers,0.008106380888247012,0.028713449367117318,0.0002327621571852481
executives,0.022097013884913808,0.026140992300139096,0.0005776378698215985
exemption,0.006298500902468313,0.055236430986809186,0.00034790671041954636
exercisable,0.007356742126528927,0.057734717453129296,0.0004247394280506812
exercise,0.011990807113351487,0.08129828116702391,0.0009748320081207995
exercise its,0.00986046394700813,0.1321970560809174,0.0013035243053864977
exercise of,0.007548241621159619,0.019360068017178003,0.00014613447119574417
exercise the,0.012014664210652193,0.016253283947117975,0.00019527774894500613
exercises,0.0068652284858365525,0.0045979937292373405,3.156627752765803e-05
exercises its,0.008209866391664815,0.018279328682734755,0.00015007084621457875
exercising,0.010240339161176847,0.010530742668700424,0.00010783837654656893
exhibit,0.009066344457442204,0.00868963020554739,7.878318065128695e-05
exhibit as,0.006811424630819635,0.023709444872782273,0.0001614950967895295
exhibit or,0.01574150688086015,-0.012238810124370461,-0.00019265731378631848
exhibits,0.004209488165159662,0.05199909279381223,0.00021888956571459162
exhibits attached,0.008106380888247012,0.05483336911291212,0.0004445001754151048
exist,0.009595527596969057,0.030221774853399528,0.00028999387463518063
existence,0.009022292477095383,0.0856812714944088,0.0007730414912319716
existing,0.01235531941371718,0.10458957885228536,0.0012922376540661451
existing and,0.0055220648402078635,0.044305101533329595,0.00024465564341903884
existing under,0.006658121164349814,-0.043471029384050244,-0.00028943538077801757
exists,0.011304405140055995,0.038089334953142755,0.00043057727382562143
expansion,0.0074275397412975714,0.05806864307933445,0.0004313071541949808
expected,0.01105010882513344,-0.020761418849397036,-0.00022941593765001393
expected to,0.010836370540550587,-0.034137009181297834,-0.00036992128063472075
expedited,0.008556578580126829,-0.0009997985558324993,-8.5548549072781e-06
expended,0.008106380888247012,0.03219226675015554,0.0002609627759328106
expense,0.013019484843495402,0.11273709853062523,0.0014677789456191228
expense and,0.01533858668589756,0.09356735285924221,0.0014351909528014517
expense for,0.015022153892912128,0.07099972811374222,0.0010665688420795553
expense in,0.015129346858951453,0.08579407746575589,0.0012980083564231716
expense of,0.005578900288572575,0.02871036705198049,0.0001601722750313185
expense the,0.015888236990140962,0.04710957015501017,0.0007484880151264733
expense with,0.013558630366746273,0.014080288773012973,0.0001909094309303303
expenses,0.009139436266541548,0.014841761370801985,0.00013564533213166307
expenses including,0.006600709421015061,0.08507710061908996,0.0005615692195690734
expenses incurred,0.00684245421439399,0.08254803240101105,0.0005648311321922297
expenses of,0.0076911899574581616,0.037488741501509285,0.0002883330321541532
expenses or,0.0077385425905899365,0.012324909617470159,9.537683799996435e-05
experience,0.008475408617727173,0.025435736341315816,0.00021557825898542432
experience in,0.007577054427323699,0.006232488594851603,4.7223905300864796e-05
experiences,0.014280455205571167,0.027573545838047265,0.00039376278619899726
expert,0.02391346328212227,0.02659576638143289,0.0006359968828222973
expertise,0.012652739111361474,0.05022397782227036,0.0006354708885199914
expertise in,0.013247873796826097,0.030536930854126374,0.00040454940609787113
experts,0.03465464538926606,0.033486422923561965,0.00116046011177103
expiration,0.011929771958339804,0.16736210961211057,0.001996591802139149
expiration of,0.011918691391401736,0.13218015538159097,0.0015754144800607121
expiration or,0.011134005382029622,0.1950285196660909,0.002171448587611526
expire,0.005728414974598702,0.043755678929349395,0.000250650686402618
expired,0.00715813681928165,-0.04153375263022574,-0.00029730428394535494
expires,0.006811424630819635,0.04171872677776693,0.0002841639631405163
express,0.006473443949217617,0.07991655954628334,0.0005173353688371772
express courier,0.008007945512605858,0.09717366479865519,0.0007781614129678566
express or,0.006911465990935238,0.0521454245189135,0.0003604013281453511
expression,0.0076561831963671955,0.015144526413262818,0.00011594926864216194
expressly,0.01068415685527343,0.08996084011751072,0.0009611557266476592
expressly authorized,0.006920506601053043,0.033340511390690254,0.0002307332291617561
expressly granted,0.013485611036918307,0.10002580192578839,0.0013489090584270164
expressly provided,0.012539079829966994,0.05252416493087116,0.0006586046970705464
expressly set,0.008028464890720578,0.021740032429339615,0.00017453908708207989
extend,0.007465258590974039,0.01739320222740378,0.00012984475235267484
extend to,0.012829068340572373,-0.005441248141138768,-6.980614426068165e-05
extended,0.0075203560234121305,0.07514046939251481,0.0005650830815980136
extended by,0.0074275397412975714,-0.011862768811082258,-8.811118678613881e-05
extends,0.007222190611637434,0.025700147674935954,0.0001856113652556181
extension,0.011842666285936608,0.07447993335503592,0.0008820409957224892
extension or,0.007914090218371736,0.02733575793355521,0.00021633765447372688
extensions,0.017545464522320343,0.09766296849853952,0.0017135421489356145
extensions and,0.008434266890400183,0.0002616562806707446,2.2068789047265185e-06
extent,0.013911220190995024,0.07901046826352949,0.001099132021407583
extent any,0.014765469077804027,0.07484358922507706,0.0011051007023747418
extent applicable,0.0076561831963671955,0.030742188614208563,0.0002353678278876545
extent as,0.0070960542288348435,0.035959653685026724,0.0002551716525990703
extent it,0.015156577968685773,-0.017112014159130884,-0.0002593595768041222
extent necessary,0.013353033160082054,0.08770969769164559,0.0011711905017373159
extent not,0.011444013011291419,0.04199670905986768,0.00048061088491254593
extent of,0.005550282432954849,0.07409486569098926,0.00041124743141684664
extent permissible,0.008007945512605858,0.03161320598871048,0.0002531568310363787
extent permitted,0.012801607609957416,0.08033839347909034,0.0010284605893336762
extent possible,0.005889903137864939,-0.03020034313792443,-0.00017787709581265897
extent reasonably,0.014184559152873723,0.021451347714058405,0.000304277910558924
extent required,0.0054942364680646396,0.020914113713852715,0.00011490708626390038
extent such,0.015666589517998503,0.09021512692345067,0.001413363361823837
extent that,0.014254819375455675,0.10079145573460659,0.001436763996086053
extent the,0.014135958978965024,0.009001653075387502,0.00012724699861655207
external,0.006257741435522016,0.029226729176411573,0.00018289331419201095
facilitate,0.009076245286739117,0.10998362351171911,0.00099823834451673
facilitate the,0.006470308909173226,0.07796744021244635,0.0005044734230320225
facilities,0.008683391433190416,0.031742045471663184,0.0002756286057205807
facilities and,0.00610247061151615,0.020973089747198557,0.00012798766381496988
facilities of,0.007824407676386914,0.014953479428007989,0.0001170021192251995
facility,0.008402725732015623,-0.030600842158364647,-0.00025713048382543913
facsimile,0.005859741819122645,0.008281640273370793,4.852827384080112e-05
facsimile or,0.0054942364680646396,0.030196619218168835,0.00016590736652072476
fact,0.007720511740534431,-0.021559348498111284,-0.0001664492031979415
fact or,0.007222190611637434,-0.04635836539954811,-0.000334808951359474
fact that,0.007222190611637434,-0.012562596064734595,-9.072946335651957e-05
factors,0.0068652284858365525,0.07321965110879275,0.0005026696345150979
facts,0.006257741435522016,0.04681185103021887,0.00029293645986528457
fail,0.008060843964940764,0.10611596294357115,0.0008553842194775632
fail to,0.008402725732015623,0.1139086819551714,0.0009571434129647024
fails,0.008724130994520359,0.09438718417243003,0.0008234461589241983
fails to,0.009030893849899916,0.0958952819967122,0.0008660201124185263
failure,0.008300913116745566,0.028935439942768378,0.00024019057295972962
failure and,0.008007945512605858,0.021957883264217784,0.00017583753275201606
failure of,0.006496237463546762,0.056533758438423676,0.0003672567195227908
failure to,0.008553107865732273,0.08209116942652321,0.0007021346269291564
faith,0.013329639491789056,0.1093613008196346,0.0014577467142788242
faith and,0.01026970086267994,0.06579252576335354,0.0006756695585898039
faith efforts,0.014184559152873723,0.0661140878808139,0.0009377991903836964
faith in,0.007824407676386914,-0.0029021157009839794,-2.2707336368542037e-05
faith negotiations,0.008106380888247012,0.07782480938923038,0.0006308775474643237
faith to,0.008126537657924197,0.02368134491747191,0.00019244734126212728
faith with,0.015295410168484586,0.033180285033944296,0.0005075060691014085
fall,0.006977342049417754,0.02089629390859276,0.00014580059016541634
falls,0.015022153892912128,-0.004235543683836351,-6.362698903874162e-05
far,0.01111048324533123,-0.007463478252367961,-8.292285007482824e-05
far as,0.0070960542288348435,-0.02664236444135895,-0.00018905566286026425
fault,0.0045773264628167385,0.029492722598761154,0.00013499781961182267
favor,0.006298500902468313,-0.02425861326665195,-0.0001527928975526371
favor of,0.00656203038512981,-0.03764483318782725,-0.0002470265392216655
favorable,0.010595277268227246,0.07317034014311367,0.0007752600416267879
fda,0.02290824306168024,0.08148576986491207,0.0018666958221335446
fda and,0.01770025614210039,0.009569057515070128,0.00016937476905523193
fda or,0.00897549618816888,-0.008173563365013303,-7.33617868264337e-05
federal,0.006491048975595498,0.007884615542666151,5.1179425641187456e-05
federal food,0.007824407676386914,0.027993974642936237,0.0002190362700887709
federal regulations,0.008556578580126829,-0.036466704904524305,-0.00031203022607385867
federal state,0.004361253297591291,0.03489084709952301,0.00015216782196854825
fee,0.008341081646354064,-0.014063134425146593,-0.00011730175244380025
fee and,0.0068652284858365525,0.04282834671723355,0.00029402638588443613
fee equal,0.007914090218371736,0.06605254759242085,0.0005227458207997114
fees,0.006997039549850405,0.041633851720655125,0.00029131370710203125
fees and,0.007888103832641996,0.06960211959770413,0.0005490287463586565
fees or,0.00975201144907676,0.052648635348787186,0.00051343009469964
feminine,0.0077385425905899365,-0.048191056513598646,-0.0003729285433160097
fide,0.010396232615272878,0.05506876247396689,0.0005725076645145697
field,0.018127347814435323,0.12589393558119152,0.0022821231580083734
field in,0.0238806697307949,0.08268075744070985,0.0019744718615335548
fifteen,0.013748589192977457,0.14227673046164688,0.0019561043188371647
fifteen 15,0.014557683604242496,0.15305604261139943,0.0022281414420542104
fifth,0.0067079391274018334,0.020409644205692284,0.00013690665094371338
fifty,0.008703224135805775,0.186256870964752,0.0016210352948400914
fifty percent,0.009699049663319165,0.15037170590245608,0.0014584626435059451
file,0.014273462211355595,0.04120057433066136,0.0005880748407948423
file for,0.008686786659555298,0.0033270219736895607,2.8901130097093814e-05
file prosecute,0.009136984351435114,0.06673550811658795,0.0006097612933463352
filed,0.021330186350805237,0.07356282725220148,0.0015691088137815515
filed as,0.00897549618816888,-0.01807662543077668,-0.00016224668264889271
filed by,0.0194790607365051,-0.009594740941574016,-0.00018689654155195238
filed in,0.018452144685876224,0.012635774369615218,0.00023315713688622642
filed separately,0.03270294408888013,0.11985338222837418,0.0039195584578777
filed with,0.01382014686360225,0.044862163785537784,0.0006200016921351105
files,0.009425836039891859,0.10056585198440293,0.0009479172320170154
filing,0.016070501000361944,-0.0076060328913721865,-0.00012223275918958257
filing of,0.015261953605744892,-0.0019395657591433745,-2.9601562631337553e-05
filing prosecution,0.023887909275263023,0.08498525377374065,0.0020301200318823213
filing with,0.0077385425905899365,0.023479165904172386,0.00018169452534096508
filings,0.022917754307360358,0.02616573452877186,0.000599659875202009
filings and,0.019978334697141456,0.08610762537836193,0.0017202869597849864
filings with,0.007500912372361329,-0.02645455685070187,-0.0001984333127867658
final,0.011818894239265767,0.01661858047478227,0.00019641324503817873
final and,0.005607929926004842,0.010690119910765718,5.994944336016328e-05
final decision,0.012829068340572373,0.06502112421341064,0.0008341604461146901
finally,0.005889903137864939,0.056955418830558394,0.0003354619000885177
financial,0.003178884701971559,-0.02587459397309731,-8.225235095080453e-05
finding,0.006920506601053043,0.06038046647200255,0.0004178634167941556
findings,0.007288344898710119,0.11273782621074445,0.0008216721605547472
fines,0.00617861266647852,0.0018723882141870832,1.1568761536741409e-05
finished,0.01452346019677869,-0.014154637917065005,-0.00020557432038830804
fire,0.004283944031145198,0.030669504617098935,0.00013138644124260107
fire flood,0.006382576608996469,0.04165625870654583,0.0002658742624387049
firewall,0.019223082347285963,0.0025012464051147876,4.808166561637455e-05
firm,0.009643011989063468,-0.03514042376219388,-0.0003388595276396064
first,0.011018832315107169,0.040778750900737425,0.0004493342181947511
first anniversary,0.008106380888247012,-0.0037110083676121642,-3.0082847307335993e-05
first commercial,0.027773607806006597,0.1235182649445558,0.003430547847448506
first party,0.008556578580126829,0.010612789874011517,9.080917051135385e-05
first product,0.009717390122743402,0.08325376030386318,0.0008090092680580067
first right,0.008007945512605858,0.08116694171150021,0.0006499804466505493
fiscal,0.02291060594046834,-0.004471807689270784,-0.00010245182381043922
fiscal year,0.025257104472103296,0.0052270021108269445,0.0001320189383890606
fitness,0.004224161138876652,0.0802555837593044,0.0003390125180939138
fitness for,0.004268831413714691,0.0719947615335469,0.0003073334996573031
five,0.009682068845598472,0.07040777421192998,0.0006816929171852587
five 45,0.01052763215173791,0.08583591106639656,0.0009036488971163123
five business,0.00944589929422172,0.026867429800688857,0.0002537870361918785
five days,0.0054942364680646396,0.04658829332954584,0.0002559671001960833
five hundred,0.007500912372361329,0.04056103025284799,0.00030424473365930964
five years,0.005360576676941627,0.002268964414196734,1.2162957719553533e-05
fixed,0.01257779905335983,-0.019617743234466366,-0.0002467480322835273
flood,0.005259679403504634,0.016755964270241806,8.813100015805039e-05
floor,0.008864005188099064,0.054884684762815265,0.0004864981304847761
followed,0.005923811919134318,0.06078296535017429,0.0003600668546216907
followed by,0.006382576608996469,0.057648203841250675,0.0003679440773878269
following,0.010910802119729755,-0.0022086529131128897,-2.4098174886139416e-05
following addresses,0.006658121164349814,0.004549527531148327,3.0291305542930832e-05
following provisions,0.00715813681928165,0.04046531790616291,0.00028965628200804176
following receipt,0.006759018437786806,0.02745295378309344,0.00018555502079163763
following shall,0.0077385425905899365,-0.002912462463007485,-2.253821481347789e-05
following such,0.010664289044768495,0.04503286023543677,0.0004802434380633591
following termination,0.015156577968685773,0.029068075943497498,0.0004405725594372991
following terms,0.005027524154696555,-0.0077726641711759045,-3.907725686693134e-05
following the,0.013072763901997112,0.15354654488042604,0.002007277729189213
follows,0.007874607828437904,-0.06358501896283861,-0.0005007070880961415
follows article,0.005993388641282742,-0.026505478539943533,-0.00015885763401306103
follows if,0.006382576608996469,0.009252790101021102,5.905664166673136e-05
follows the,0.006382576608996469,-0.014274512655648731,-9.110817058076766e-05
food,0.014218258564489711,0.047035924717377275,0.0006687689394515427
food and,0.013870785795442934,0.0486047298811168,0.0006741857968263356
food drug,0.007577054427323699,0.03127919013704829,0.0002370041261110215
for all,0.006903791183457849,0.04749138728561764,0.00032787062083262925
for an,0.009832909409265206,0.05293684183991947,0.0005205231702245282
for and,0.009219258350931672,0.022620499854430664,0.00020854423218520857
for any,0.00873249260751755,0.0071915395574311276,6.280006602193736e-05
for approval,0.010332380910338494,0.09195762352744438,0.0009501411938950603
for at,0.006811424630819635,0.07766867261757886,0.0005290343097104432
for bankruptcy,0.007824407676386914,-0.025874992988267825,-0.00020245649376386034
for breach,0.0054942364680646396,0.030479638811963937,0.00016746234309413064
for clarity,0.026923343431070737,0.14949437588676953,0.004024888423013076
for clinical,0.014085203964171752,0.06021396093666887,0.0008481259212836514
for commercial,0.007356742126528927,0.01210320963798461,8.90401922099723e-05
for compliance,0.00715813681928165,0.0441493196409408,0.00031602687046805285
for confidential,0.0070960542288348435,0.13931139366672887,0.000988561204153667
for convenience,0.0074380395883607165,0.0053776611187466745,3.999925629402595e-05
for damages,0.006140182457047066,0.07406557039704512,0.0004547761160231209
for determining,0.0077385425905899365,0.0010936957719066946,8.463611312048093e-06
for development,0.008209866391664815,0.04042589550799979,0.0003318912008840811
for each,0.009083804910415825,0.05674945992557502,0.0005155010227353845
for example,0.005958300365683749,0.01988668690027684,0.00011849085383015771
for filing,0.008434266890400183,0.023432959437571125,0.00019763983392839663
for further,0.0168055728597393,0.032200280219083825,0.0005411441553258353
for in,0.007996389849855064,0.11540603032834958,0.0009228316095296802
for inspection,0.012575917971474929,0.03152709227089916,0.000396482126277949
for its,0.008929090207205273,0.05729725800321161,0.0005116123853361907
for itself,0.013485611036918307,0.0772809041924862,0.0010421802145212183
for manufacturing,0.008209866391664815,0.01581209412881973,0.00012981518017003767
for marketing,0.013102491568900407,0.0029862477566726725,3.912728605445145e-05
for material,0.007577054427323699,0.050283384136515195,0.0003809999383924007
for new,0.006977342049417754,0.017037673848532584,0.00011887767816763161
for obtaining,0.013870785795442934,0.05624798409469743,0.0007802037388030292
for one,0.005386609618697299,0.07256630849938468,0.0003908863753561411
for or,0.0074380395883607165,0.03169893602124734,0.00023577794103495127
for other,0.0051172066966813775,-0.021436509343429104,-0.00010969504916566833
for particular,0.007177152031914265,0.08315845504925737,0.0005968408746276285
for party,0.0070960542288348435,-0.058369181151620174,-0.0004141908747445814
for payment,0.005697612467989664,0.006391473386565373,3.641613845611899e-05
for performance,0.007035825129555003,0.0006277454168560916,4.41670697887907e-06
for period,0.007978095396979846,0.14005931223205093,0.0011174065542226884
for product,0.019162209465436914,0.09345247886057075,0.0017907559749905718
for products,0.017655984425587662,0.13570731793167434,0.0023960462918399153
for purposes,0.013270213489568626,0.0873834736726642,0.0011595973510963534
for registration,0.007035825129555003,-0.012653385394444418,-8.902700693217628e-05
for regulatory,0.007914090218371736,0.06325328282262872,0.000500592186866467
for resale,0.007500912372361329,0.04117291086008041,0.00030883439647650724
for resolution,0.018869553726378333,0.03647236153694657,0.000688217185549308
for review,0.01465228277349869,0.05405476802572615,0.0007920257463688151
for sale,0.010597097687241605,0.11519635350742499,0.0012207470113321998
for sales,0.007824407676386914,0.002571105455580988,2.0117377263448157e-05
for shipment,0.007577054427323699,0.040023722869418826,0.0003032619265657067
for so,0.012360623104188223,0.085954016292258,0.0010624451996798553
for special,0.007824407676386914,-0.006176552206680166,-4.8327862499552824e-05
for such,0.014371602526378344,0.12761644776541112,0.0018340528631128124
for the,0.012544516588714881,-0.0642282925209728,-0.0008057128809941752
for their,0.005993388641282742,0.02755654005057925,0.00016515705413219464
for those,0.006425965915541734,0.045198118429250866,0.0002904415684729848
for three,0.007500912372361329,0.06914748116759549,0.000518669197007639
for use,0.017454096272232426,0.14985137013858138,0.0026155202409247347
for which,0.011673489179086399,0.10470518244432991,0.0012222748142581524
force,0.006086963421641693,0.009166747475236957,5.57976565771937e-05
force and,0.005412153630883275,-0.030255407948678408,-0.00016374691598329454
force majeure,0.003741822615301676,0.10786537856037423,0.0004036131129052848
forecasting,0.013900512133821133,0.00953770819578839,0.00013257902850440177
foregoing,0.01232496296369161,0.11521683637034585,0.001420043241058229
foregoing and,0.005958300365683749,0.03862052218722532,0.00023011267147104197
foregoing if,0.0067079391274018334,0.03685157647592251,0.00024719813174928153
foregoing in,0.013048728697589126,0.04765010173518958,0.0006217732499550098
foregoing or,0.012963044992779548,0.020230765962706756,0.0002622523294129607
foregoing the,0.013353033160082054,0.08895650146586413,0.0011878391138785715
foregoing this,0.0074275397412975714,0.03311282737039694,0.0002459468412403492
foreign,0.012847860351975137,0.05520635934900722,0.0007092835954570019
foreign corporation,0.008556578580126829,-0.016545151612903132,-0.0001415698898959178
foreseeable,0.007356742126528927,0.006042160037592879,4.445061328378914e-05
form,0.00900014319824177,0.03265749908779505,0.0002939221682866054
form and,0.010326750379659718,0.05090305241805738,0.0005256631158840126
form of,0.006664961473650364,0.014562502330672095,9.705851699387315e-05
form to,0.007500912372361329,0.010006402769351651,7.505715033546047e-05
formal,0.0062177891400181096,0.048016327169429496,0.0002985553976176352
format,0.010407234151457627,0.07200051678973413,0.0007493262372567193
formats,0.007577054427323699,0.00623442431082876,4.7238572326179556e-05
forms,0.0091525797643194,0.13231250229040287,0.0012110007310296056
forms and,0.0076561831963671955,0.024527442280653743,0.00018778659143900748
forms of,0.0060654507656467405,0.11940725786361804,0.0007242588436326598
formulas,0.007500912372361329,0.018277528041345244,0.00013709813622150767
formulated,0.008825981502142751,0.005234301206148591,4.6197845622110954e-05
formulation,0.0193442110027139,0.029646687098724454,0.0005734917707691618
formulations,0.013900512133821133,0.01678209548159117,0.00023327972187280288
forth,0.010794229602012173,0.0015811710526974904,1.7067523382872003e-05
forth above,0.004630656219607212,0.06670834905473444,0.0003089034314500349
forth below,0.004224161138876652,0.007483028552418442,3.160951841223039e-05
forth herein,0.0034209056183277507,0.06893299426535056,0.00023581326737049234
forth in,0.01125490509573196,0.06876810842992723,0.0007739785339918359
forth therein,0.0070960542288348435,0.022356860407543047,0.00015864549383841613
forty,0.00944589929422172,0.08633029635691705,0.0008154672854277547
forty five,0.010332380910338494,0.07592375352021191,0.0007844731415134826
forum,0.011304405140055995,0.01632125254885023,0.00018450205120537454
forum for,0.0185223132399542,0.028432731104802652,0.0005266399517905438
forward,0.01002988544904967,0.04447824566292952,0.0004461117089738734
forward to,0.013558630366746273,0.010732001403533567,0.00014551124012591383
found,0.005027524154696555,-0.0014244561987774489,-7.161487946660862e-06
found to,0.007500912372361329,0.003619778877445197,2.715164416704088e-05
four,0.004095794707219461,0.11394969997370166,0.0004667145780415328
fourth,0.007222190611637434,0.006116269072993917,4.417286107722506e-05
fraction,0.014487546898181363,0.02238475056133756,0.0003243001235614695
france,0.02141817594208047,5.1769431980226856e-05,1.1088068025740662e-06
fraud,0.005697612467989664,0.015601161412936196,8.888937178146451e-05
fraudulent,0.006811424630819635,-0.031793655594840375,-0.00021656008882249222
free,0.010831388105451992,0.0345481698518204,0.0003742046359981426
free from,0.00617861266647852,0.054849143300454144,0.0003388916115416814
free license,0.012829068340572373,-0.017584548901420746,-0.0002255933795944636
free to,0.013394553705005625,0.07032296979047357,0.0009419447955539865
freight,0.0060654507656467405,0.09683687056048337,0.0005873592706839182
frequently,0.0068652284858365525,0.07456972951187307,0.0005119382312260376
frequently than,0.007500912372361329,0.05112514710743953,0.0003834852484769862
from,0.012144593086951688,-0.09646015424091671,-0.0011714693223605305
from and,0.007158450357844013,0.00417525566579363,2.9888360414890657e-05
from any,0.010567123917767901,0.049064846747972325,0.0005184743155921149
from each,0.017818618686239383,0.055257864459926274,0.0009846188162273254
from its,0.0052844346219792565,0.007988703762181403,4.2215782745607346e-05
from or,0.009740908829784236,0.02920303229335663,0.0002844640751228318
from party,0.008209866391664815,-0.030123749171207397,-0.0002473119559116364
from performing,0.007222190611637434,0.04952996411145476,0.0003577148418004876
from regulatory,0.01823019723278095,0.03782897540518629,0.0006896296827505657
from such,0.012147823080373255,0.14476673113952723,0.0017586006378069385
from the,0.009789155348851037,0.017362549894512334,0.00016996469816955842
from third,0.00455985860483857,0.09454184733169901,0.00043109745607278216
from this,0.005309497366556654,0.059966642216720344,0.0003183927289309217
from time,0.00967697089718616,0.04985882618504488,0.00048248240996054257
from which,0.00715813681928165,0.050050264692426,0.00035826664250964693
fte,0.009717390122743402,0.052753947507646094,0.000512630688446524
fulfill,0.0051172066966813775,0.05509219821392,0.00028191816563516924
full,0.008647216524151785,-0.00136313726979399,-1.1787343124049741e-05
full and,0.010461300616020073,0.055570330536408065,0.0005813379330729647
full force,0.0055968454612338936,-0.012147340479515056,-6.798678742883658e-05
full right,0.007035825129555003,0.039978053486785695,0.0002812785933530208
fully,0.011108752155282845,0.079792893683875,0.0008863994796870013
fully cooperate,0.007577054427323699,-0.004925957850773734,-3.732425074201505e-05
fully paid,0.01632918774806094,0.08909136103197851,0.0014547895610214575
fully with,0.011190862642193971,0.05635964843105912,0.0006307130841543255
function,0.0057596950584364705,0.08089725162030703,0.00046594350039857416
functions,0.013724806842753769,0.05399862961490851,0.0007411207612380227
fund,0.005578900288572575,-0.02808084731826785,-0.00015666024720724692
fund or,0.008318948361898223,0.001472781132158681,1.2251990186806069e-05
funding,0.006515648457526557,0.039397578243373026,0.0002567007699117153
funds,0.00790193313812764,-0.10266748487369905,-0.0008112716009317007
funds to,0.011623842254693982,0.0052639108546262,6.118686941694633e-05
furnish,0.007633290829760132,0.13026182604949507,0.0009943264022514203
furnish the,0.007824407676386914,0.034945622972938024,0.00027342880064557917
furnished,0.004253831158791154,0.005999648172908953,2.552149033970452e-05
furnished to,0.005791467762223785,-0.007368034463563046,-4.26717340666792e-05
further,0.009655590270839114,0.00016778489132728995,1.6200621642935788e-06
further agree,0.006609503751760677,0.020724374453076053,0.00013697783070049931
further agrees,0.005856554858055854,0.06163769256841586,0.0003609845278509091
further that,0.012360623104188223,0.057609658267750385,0.0007120912730087435
future,0.010911130569621714,0.14256954724883342,0.0015555949452838737
gain,0.007500912372361329,-0.026993432085717778,-0.00020247536870425574
gcp,0.015767487264485448,0.05751972959372697,0.0009069416038257367
general,0.007845249570959768,-0.015505947846603314,-0.00012164803069088919
general counsel,0.005071867148328047,-0.02040339350946966,-0.00010348330125508887
general manager,0.008106380888247012,0.10923642474802786,0.000885512065877846
general provisions,0.006470308909173226,0.0310192030668919,0.00020070382595916412
generality,0.005697612467989664,0.09462852706631578,0.0005391566756405381
generality of,0.005791467762223785,0.0877515968342577,0.0005082105441492623
generally,0.011771547436119521,0.042303938457854254,0.0004979828182913122
generally accepted,0.00944589929422172,0.03482572282257026,0.00032896027063047766
generally available,0.009972472891647197,0.10675511597956128,0.0010646125001508274
generally known,0.0076561831963671955,0.016118234996844016,0.0001234041599379348
generally or,0.008106380888247012,-0.03815502603223419,-0.00030929917381827045
generate,0.012456047189639032,0.0526637382771693,0.0006559820091632201
generated,0.01909293196884873,0.19856527807506888,0.0037911933456628204
generated by,0.020525762611752735,0.11154619632924197,0.002289570746097985
generic,0.03181902015108412,0.02260139662308548,0.0007191542945926015
germany,0.021061389889911707,0.01538861143707542,0.00032410554534059987
give,0.00820433093940786,0.07663942249273585,0.0006287751851355034
give notice,0.006382576608996469,0.03292625957526795,0.00021015437418685123
give written,0.006759018437786806,0.028672811453921487,0.00019380006128024005
given,0.009631384918601877,-0.014563594226607203,-0.00014026758179478196
given by,0.010935998731146571,0.005618233289516518,6.144099212543806e-05
given in,0.0055220648402078635,-0.024327601591226804,-0.00013433859339349841
given to,0.00498413484815129,-0.05319897544789687,-0.00026515086741580766
giving,0.005808882813827996,0.0349252088684765,0.00020287644556544625
giving written,0.00617861266647852,0.020251188835623306,0.00012512425185103054
global,0.018918577901593542,-0.019073308683907008,-0.00036083987617763533
gmp,0.015470259293452707,0.004576046378477391,7.079262401391046e-05
goals,0.012829068340572373,0.08631110071200104,0.001107291009584286
god,0.004314513176468528,0.0577049026397346,0.00024896856278596845
going,0.015334246229005857,0.034953636676506784,0.0005359876713967649
good,0.012670881560876346,0.04552553037694145,0.0005768486034023034
good and,0.004151840672109671,-0.034079920532109696,-0.0001414944001674785
good faith,0.013555152218187604,0.12168655386201788,0.001649479760506337
good manufacturing,0.01957316512228566,0.0046958114463519374,9.191189282256552e-05
good standing,0.008227509543674946,0.013753714471818907,0.00011315881707787028
goods,0.007604705167094896,0.08632683859014158,0.0006564901554854167
goodwill,0.0047417406962018864,0.15533463780716716,0.0007365565736200247
gov,0.015767487264485448,0.010723609496232609,0.00016908437616116288
governance,0.015022153892912128,-0.007898472076426877,-0.00011865206305095376
governed,0.004329778734693232,-0.0372855619375197,-0.00016143823318816018
governed by,0.00467395888150438,-0.06613740093806023,-0.0003091234925140627
governing,0.009197041730570373,0.03589829674062099,0.00033015813317988963
governing law,0.008481479465470317,0.027687303615645677,0.00023482929707034086
governing the,0.007500912372361329,0.03705864256058278,0.00027797363048559146
government,0.01252010615948509,0.025269882907280192,0.0003163816166369057
government agency,0.007577054427323699,0.018763624135409326,0.00014217300132784104
government official,0.021374221936602836,0.019353894294212855,0.0004136744319820569
governmental,0.011967859503282701,0.0507135481888707,0.0006069326196373614
governmental agencies,0.008209866391664815,-0.031638446514195985,-0.00025974741872138244
governmental authorities,0.019395865329368857,0.023392194574952802,0.00045371185573417735
governmental authority,0.0075763567325803334,0.03263390271708859,0.00024724608856098576
governmental body,0.007035825129555003,-0.022109827605002935,-0.00015556088067340856
grade,0.00897549618816888,-0.021231639299277672,-0.00019056449759924333
grant,0.014459650663174353,0.21578921812059665,0.0031202367109033607
grant any,0.007035825129555003,0.03655289395424584,0.000257179769841242
grant of,0.012321842417273228,0.14539000338457692,0.001791472710751578
grant sublicenses,0.021423136618428713,0.07474311542963645,0.001601231973136089
grant the,0.01622493471348428,0.054150054321419755,0.0008785810960966628
grant to,0.013177272189926436,0.132544500874834,0.0017465749653056302
granted,0.013907786091893155,0.19947020541031632,0.002774188948552668
granted by,0.00925607453014168,0.090310066566888,0.0008359167069651718
granted herein,0.01002988544904967,0.16349430257745862,0.001639829126424176
granted in,0.010147689079987877,0.0675796433242654,0.0006857772085911237
granted to,0.01660406920099559,0.20534059907349841,0.003409489516790259
granted under,0.01632918774806094,0.09551908797962033,0.0015597491211427714
grantee,0.02847772161198914,0.062293204314265785,0.001773968530780422
granting,0.011359752369278369,0.10509408640220051,0.001193842797004543
grants,0.010937403519665042,0.19568334304031226,0.0021402676849089333
grants to,0.01182647739718371,0.24277252852197068,0.0028711438212222235
greater,0.007662117724497369,0.13611485296172207,0.001042928027445364
greater than,0.009699049663319165,0.09349176819276894,0.000906781302813189
gross,0.011097549303271705,0.16247646963537107,0.0018030906324000586
gross negligence,0.010787421986784708,0.014904087571656894,0.00016077668196345628
gross sales,0.014085203964171752,0.04736874729864258,0.0006671984672286904
ground,0.0070960542288348435,0.004806184345492824,3.410494474939418e-05
grounds,0.006425965915541734,0.027335292564628327,0.00017565565831166303
group,0.01630584236124037,-0.05286068119526279,-0.0008619379346777382
group as,0.013900512133821133,0.001869269845347753,2.5983808166642394e-05
group in,0.008825981502142751,-0.012287177889699036,-0.0001084464047680211
group or,0.008007945512605858,0.009963850640119969,7.978997302182371e-05
group shall,0.01494368569602723,-0.0059005282688387554,-8.817563989005003e-05
group to,0.009504822649092193,0.006586702263985956,6.260543686156055e-05
groups,0.015295410168484586,-0.02982629912757999,-0.0004562054789642499
guarantees,0.005958300365683749,0.012913250332190618,7.694102417645715e-05
guidance,0.017123210869502265,0.016908676856992013,0.00028953083934654705
guidelines,0.0181946026106343,0.04773073819390137,0.0008684418137502602
guidelines and,0.006470308909173226,0.020521864717350388,0.0001327828041135199
had,0.008683391433190416,0.003468237279847599,3.0116061884100272e-05
had been,0.006658121164349814,0.015332021332595647,0.00010208245572681791
harm,0.005309497366556654,0.05384454857348308,0.0002858874888543402
harm to,0.006382576608996469,0.061802152222712604,0.0003944569711623246
harmless,0.004963514214214564,-7.282442787313534e-05,-3.6146508289035055e-07
has,0.01307544256213124,-0.06010792920454196,-0.0007859377758426393
has agreed,0.00656203038512981,-0.012728027256697153,-8.352170160120713e-05
has been,0.015095526850222496,0.06104542403488217,0.0009215128376017814
has made,0.005923811919134318,0.016541479698674935,9.798861459912894e-05
has not,0.011949239245644004,0.002601540393676162,3.108642857124335e-05
has or,0.013870785795442934,0.020724590829994918,0.0002874663601010604
has received,0.006029097980452392,0.023876888223484292,0.00014395609856769664
has the,0.008023729942586426,0.1391153762079264,0.0011162242095537145
have,0.012117088812560189,-0.07775091033619701,-0.0009421146858011032
have agreed,0.0060654507656467405,0.005399415530587725,3.274988906404822e-05
have any,0.0092731228518764,0.10131266959548343,0.0009394848316104808
have been,0.009841097633290333,0.013760168723040778,0.00013541516385399228
have entered,0.0056672731745598705,0.07519715453444133,0.00042616281669627246
have executed,0.004458113097210674,-0.01901975830371995,-8.479223359959538e-05
have full,0.012456047189639032,0.00692566489434773,8.626640874362174e-05
have made,0.00610247061151615,0.059790801337575215,0.00036487160800155325
have no,0.008405268792289193,0.08196442492440598,0.00068893302289504
have received,0.006425965915541734,0.01665262576882328,0.00010700920559473036
have sole,0.006470308909173226,0.11599597255915124,0.0007505297746776894
have such,0.019978334697141456,0.022889988412449044,0.00045730384971759663
have the,0.011993966653962733,0.07624026522092203,0.0009144231987490136
have to,0.005728414974598702,-0.02715274549391741,-0.00015554219388882394
have under,0.0070960542288348435,0.019764206432400608,0.00014024788063420114
having,0.008405039183262287,0.01155225863586606,9.709718648963437e-05
having its,0.006609503751760677,-0.02216143136563476,-0.0001464760637555497
having jurisdiction,0.004760864299035681,0.027608547242574295,0.00013144054691541194
health,0.011269983039345047,0.09628839445992068,0.0010851685724490717
healthcare,0.01808108225382105,0.022822555960185044,0.00041265651155853963
held,0.007421143441380276,0.014164016615083147,0.00010511319900662556
held in,0.006029097980452392,0.0833104344846796,0.0005022867723021931
held invalid,0.007222190611637434,-0.04102226203459828,-0.0002962705957344064
her,0.011647890919377782,-0.033958457771405395,-0.0003955444119116268
hereby,0.008292296572754031,-0.034498353917110224,-0.00028607058195250873
hereby acknowledged,0.0047417406962018864,-0.03778167545686868,-0.00017915090808452624
hereby agree,0.007177152031914265,-0.0070718917866946255,-5.075604250635313e-05
hereby assigns,0.006977342049417754,0.052548288507466505,0.00036664738302808175
hereby expressly,0.006920506601053043,-0.019950623741464446,-0.00013806842329793027
hereby grants,0.012315255204536966,0.22036266489161094,0.002713822455692047
herein,0.008066163872167138,-0.001191128600105625,-9.607838481277011e-06
herein as,0.010332380910338494,0.04768374757599201,0.0004926866431875793
herein contained,0.005637383368709824,0.027987738520133816,0.00015777761166120167
herein now,0.007356742126528927,0.012910052680584183,9.497592841096135e-05
herein or,0.0052844346219792565,0.09420012992176742,0.0004977944279535318
herein shall,0.003923704706664994,0.07529565771757311,0.000295437926577878
hereinafter,0.003962134916096447,0.04521107803526433,0.00017913239087788193
hereof,0.006740664271317038,-0.05672123280810124,-0.0003823387874146238
hereof and,0.00645532719308937,-0.0324557747861197,-0.00020951264554962281
hereof or,0.006658121164349814,-0.00627289961042956,-4.176572565804276e-05
hereof shall,0.005791467762223785,-0.015185070194666826,-8.794384449951818e-05
hereto,0.00823594594624436,-0.06752179807833907,-0.0005561058791664268
hereto as,0.004594946880437563,0.02275386578830361,0.00010455280462186067
hereto in,0.0067079391274018334,-0.03265614512268555,-0.00021905543361857492
hereunder,0.010341249451192329,0.024821155478492132,0.00025668176046991624
hereunder and,0.010271879110063087,0.06324497961133135,0.0006496447848860004
hereunder each,0.007288344898710119,-0.0031789369343901692,-2.3169188789083773e-05
hereunder in,0.008703224135805775,0.0634833047317253,0.0005525094299618646
hereunder including,0.0062177891400181096,0.10523061201006485,0.0006543017565536405
hereunder provided,0.013558630366746273,0.024041810820500442,0.0003259740262624064
hereunder shall,0.0062964163662762454,0.0520645831821979,0.0003278202936517418
hereunder to,0.005094409561542902,0.04160080029621682,0.00021193151479688375
hereunder with,0.015587526175657836,0.018649189537292738,0.0002906947300673548
highest,0.010955185286918544,0.05626016554846753,0.0006163405378561731
him,0.007577054427323699,0.008647510277102772,6.552265603044874e-05
his,0.007840382522370326,-0.0754776806329994,-0.0005917738880640177
his or,0.010396232615272878,-0.022765969407850015,-0.0002366803136761949
hold,0.00655349792865217,0.015520178550892137,0.00010171145798558346
hold harmless,0.006414901079213358,0.02651964749649292,0.00017012091534561027
holder,0.006382576608996469,0.026107204045301945,0.00016663122986584216
holder of,0.0074275397412975714,0.02082441333528254,0.00015467415763701817
holding,0.00975201144907676,-0.05054120051927096,-0.0004928783661140147
holidays,0.011912687481018865,-0.0057434635561514034,-6.842008640305291e-05
hours,0.0033914521756227686,0.06542159122762044,0.00022187419790161678
hours and,0.006658121164349814,0.02120500404090139,0.00014118548619484886
how,0.020053559836027926,0.06775907606357319,0.0013588106862748325
how and,0.019147318175177508,0.06905489311324176,0.0013222160099921139
how means,0.0185223132399542,0.017682997974691056,0.00032753002750870346
how or,0.013725295945480455,0.04186616091066477,0.0005746254485999795
how the,0.007824407676386914,0.03916716305453318,0.00030645985126618734
how to,0.021666412183946587,0.0284478934579548,0.0006163637854250463
however,0.010767215008702227,0.1291769736886243,0.001390876249878888
however caused,0.007824407676386914,0.049884521265234995,0.00039031683112059095
however that,0.010266256631361367,0.12555613953476333,0.001288991550106897
however the,0.0062177891400181096,0.0801991849992255,0.0004986616215264876
human,0.016784654394834845,0.0670916135095737,0.001126109545550027
hundred,0.013565995880595866,0.17903872302600954,0.0024288385790379894
hundred and,0.01624020057699359,0.13860412352874074,0.0022509587669051465
hundred eighty,0.007577054427323699,0.02824188994569978,0.00021399033724905318
ich,0.0185223132399542,0.026164025148262778,0.00048461826941416234
identification,0.005140264376146855,0.05763914819601663,0.00029628046014343356
identification of,0.007035825129555003,0.03705652641991956,0.0002607232397992889
identified,0.006394866026154621,0.04706770171603438,0.0003009916466330478
identified as,0.006340100829744757,0.05369022953242063,0.00034040146880768646
identified on,0.006920506601053043,0.006337528255412158,4.3858906125940014e-05
ies,0.025696703744616422,0.042246459436196315,0.0010855947523908916
if,0.01284641795450744,-0.07234933770004166,-0.0009294298308265373
if after,0.012829068340572373,0.026191731062187747,0.00033601550775469886
if any,0.007706793621047115,0.018815867361057694,0.00014501000655266804
if applicable,0.004839224633488535,0.08950959127489795,0.0004331570190309766
if as,0.014085203964171752,0.02881573514443591,0.00040587550688693194
if during,0.006977342049417754,-0.01981178409153377,-0.00013823359421584428
if either,0.0052110619909154976,0.04426610531818776,0.00023067341890947062
if it,0.0091525797643194,0.0659266926194894,0.0006033993127976438
if not,0.013305413512697229,0.013960210502201637,0.00018574637345609142
if party,0.010461300616020073,0.010943424972627248,0.00011448245840751489
if requested,0.015495053539091828,0.048274091170188056,0.000748009627233064
if required,0.010734723844348107,-0.014287941060823619,-0.0001533771015922637
if so,0.012119779173629061,0.0050469649374202345,6.116810053858186e-05
if such,0.014482732864631136,0.11658123946686458,0.001688414948226192
if the,0.009950854517465565,0.014231054141934882,0.00014161114939656978
if this,0.005309497366556654,0.04018407066126086,0.00021335721735349104
ii,0.013146206907848311,0.02060569984424893,0.0002708867936335141
ii all,0.01565893610553265,-0.03973276823578985,-0.0006221728791001704
ii and,0.007288344898710119,0.02128552237781397,0.00015513622843872052
ii any,0.009871932752267425,0.10126648156990845,0.0009996958961168648
ii as,0.012700148634890796,-0.018317343682993672,-0.00023263298737039763
ii each,0.013247873796826097,-0.01107602499389704,-0.00014673378128963953
ii for,0.007577054427323699,-0.009771804947749043,-7.404149794228551e-05
ii has,0.007914090218371736,0.02150774956195707,0.00017021427042747343
ii if,0.01338217155998084,0.10030460492986708,0.0013422934314275812
ii in,0.014218258564489711,0.02508620919084124,0.00035668220867825896
ii of,0.012340240616199498,0.01804540841300342,0.0002226846818340529
ii that,0.006811424630819635,0.03513925034254132,0.00023934835529172325
ii the,0.008405268792289193,0.07288010190461576,0.0006125768461177231
ii to,0.009349668515067149,0.0713571683207023,0.0006671658699724172
ii with,0.01574150688086015,0.028979219696725757,0.0004561765862579665
iii,0.012584781159884014,0.02207142881204122,0.00027776410148549753
iii if,0.0068652284858365525,0.03398483852002899,0.00023331368149425834
iii in,0.007288344898710119,0.050828215183416264,0.00037045356284259217
iii is,0.0067079391274018334,0.010896592077244863,7.309367635028764e-05
iii that,0.008106380888247012,0.01136353796053532,9.211716694615295e-05
iii the,0.009086934995986893,0.048101151848585884,0.00043709204008019473
illegal,0.009907513984123524,0.0003459209212071396,3.427216364260627e-06
illegal or,0.004941659068899578,0.0008193049116331692,4.048725546766018e-06
illegality,0.007035825129555003,0.020593327862220654,0.0001448910536741773
immediate,0.004879576478452771,0.012542709699048506,6.120311122353852e-05
immediately,0.008690657982320847,0.09749917470896798,0.0008473319809541873
immediately available,0.012340240616199498,0.030300980477605273,0.00037392139000041265
immediately following,0.006515648457526557,0.07643146735207558,0.0004980005723590427
immediately prior,0.010208150246922627,-0.01342440326547371,-0.0001370383255092344
immediately terminate,0.01296651246879226,0.09247084988724188,0.0011990244280627393
impact,0.009032729198202664,0.04244708238421564,0.0003834130004304186
impact the,0.008318948361898223,-0.0052154134557462085,-4.338675522430187e-05
implement,0.010113941633292762,0.09027738308921132,0.0009130601833706943
implement such,0.008318948361898223,0.03460392477880581,0.0002878682633538959
implementation,0.010031725404495895,0.12360147321978315,0.0012399360389320176
implementation of,0.011768870656703406,0.054364102258863026,0.0006398040878523564
implementing,0.006382576608996469,0.06033807464362393,0.00038511238385227707
implication,0.00656203038512981,0.08408346070465209,0.0005517582240307954
implied,0.005549727931400021,0.07700989238584695,0.00042738395076784465
implied including,0.006470308909173226,0.050513356054151734,0.0003268370177094173
import,0.008587417562366244,0.07808341601680521,0.0006705348980322628
importation,0.012829068340572373,0.053883333185005974,0.0006912729638482728
importing,0.013558630366746273,-0.007884810999673478,-0.00010690723785622786
imposed,0.010677995130234381,0.05095806904404492,0.000544130013098459
imposed by,0.005889903137864939,0.00407123422395236,2.3979175230640137e-05
imposed on,0.006298500902468313,0.0716727702132032,0.0004514310078702644
imposed upon,0.007288344898710119,0.022672915810504207,0.00016524803028637234
improper,0.0057596950584364705,0.029887043213276954,0.00017214025510678852
improvement,0.00617861266647852,0.07642322278355503,0.0004721894923035829
improvements,0.01813755245095578,0.13481880022472814,0.002445283060450936
improvements and,0.015438949431295972,0.05617596254765459,0.0008672978450276156
improvements or,0.008209866391664815,0.03756385081520342,0.00030839419634924955
improvements to,0.0077385425905899365,0.06638930849527938,0.0005137564913505338
in 21,0.008686786659555298,0.033443389190161744,0.0002905155870674129
in accordance,0.011484927058935484,-0.03763300087408025,-0.000432212270047667
in addition,0.00967697089718616,0.13177988353876752,0.0012752300978392348
in advance,0.011134005382029622,0.10286230765014527,0.0011452694869847043
in all,0.011598471524228732,0.0866273143062503,0.0010047444382014564
in an,0.009703886211001541,0.04665728984065937,0.0004527570315274768
in and,0.00750251797071677,0.20918966553141177,0.0015694492249376474
in any,0.011302760595649258,-0.002585301545282768,-2.9221044433893207e-05
in article,0.01622493471348428,0.0426514095689198,0.0006920163356938025
in bankruptcy,0.00991600934571192,-0.0451521724509438,-0.00044772936400275503
in both,0.0076561831963671955,0.01966078401788457,0.00015052656422513255
in breach,0.0078100181735132855,0.03352780101944495,0.0002618527352798023
in case,0.018591542666799025,-0.06577942165203479,-0.0012229409242411685
in certain,0.0077385425905899365,0.015959415051164914,0.00012350261309434176
in circumstances,0.008209866391664815,-0.01795010930048988,-0.00014736799907280186
in clinical,0.015196836065124675,0.024624073835541598,0.0003742080133342514
in combination,0.01919696181696565,0.06128645431611833,0.0011765137234037333
in compliance,0.01262011419933557,0.021062639464052606,0.00026581291537577603
in conducting,0.008318948361898223,0.024559313353906792,0.00020430765959482806
in conflict,0.007035825129555003,-0.012201087492697864,-8.584471798902288e-05
in connection,0.011279875532248178,0.043077651447996,0.0004859105465549654
in consideration,0.0030432016531225614,0.0038099694902500566,1.1594505451075494e-05
in consultation,0.007500912372361329,0.04932240705132205,0.0003699630532859032
in contract,0.005412982869974456,-0.015161464878003562,-8.206874966835264e-05
in contravention,0.013558630366746273,-0.001817534343149891,-2.4643276337636355e-05
in control,0.02073590440583519,0.04302901427314188,0.000892245526645188
in country,0.028218644977765647,0.053869963043084765,0.001520137362078165
in each,0.015804253104474964,0.02015207280604372,0.000318488459206522
in effect,0.007709095659676959,0.07323724222726022,0.0005645929061808819
in electronic,0.018845857992832345,0.04292433660951441,0.0008089459521794432
in english,0.012119779173629061,0.027910292159159963,0.0003382665776404894
in equity,0.00449146137701976,0.02101791846030024,9.440116898978914e-05
in excess,0.008261841156818937,0.07925547632258387,0.0006547961561852121
in exhibit,0.010638370145108563,0.18701997934586662,0.0019895877648118876
in existence,0.011912687481018865,0.006015755499605209,7.166381522901736e-05
in favor,0.00656203038512981,-0.023190059083972654,-0.00015217387234198412
in force,0.005005712861255362,-0.0009727746319765097,-4.869430486387766e-06
in full,0.005124928497903527,-0.024379757163486154,-0.00012494451225911784
in given,0.02266763044667037,0.01976592464774024,0.000448046675351709
in good,0.012333978255940403,0.06505025636320391,0.0008023284475271059
in his,0.0076561831963671955,0.03800060266366688,0.00029093957556539286
in its,0.010974012893331492,0.10529399737436763,0.0011554976847767226
in japan,0.027491540321032404,0.04933947005928748,0.0013564180305532729
in manner,0.01262011419933557,0.025904451560521007,0.0003269171369649316
in material,0.005578900288572575,-0.0020423251886231095,-1.1393928584168504e-05
in new,0.00610247061151615,0.01542919840153406,9.415622980461356e-05
in no,0.010383654245754166,0.07314619810326577,0.0007595248304957509
in obtaining,0.006257741435522016,0.08661627615190529,0.0005420222602663951
in one,0.014682813433429146,0.016285002001683813,0.00023910964615374362
in or,0.006163186291878663,0.16214194246020655,0.000999310997109324
in order,0.011270290946662315,0.06114996532156306,0.0006891779005523267
in other,0.015030077187068678,0.064164348325235,0.0009643951079862429
in paragraph,0.006298500902468313,0.09580240358481563,0.0006034115254375948
in part,0.007780257044742635,0.05312414309881819,0.000413319488590496
in particular,0.013523782019378242,0.07090730420794114,0.0009589349256899375
in performing,0.005550282432954849,0.06401754985137999,0.00035531548234092565
in person,0.010836370540550587,0.08620894093286137,0.0009341920278569246
in process,0.007824407676386914,0.005674588932155104,4.4400297201094615e-05
in reasonable,0.005856554858055854,0.007852276469388443,4.598728790359455e-05
in relation,0.008438873865677928,-0.004494134754845252,-3.792543633149848e-05
in respect,0.007901583476254222,-0.00511871327544824,-4.044594023696494e-05
in response,0.013305413512697229,0.010025208098979593,0.00013338953930776477
in section,0.013590878261855273,0.12765371770862863,0.0017349261370512104
in sections,0.005386609618697299,0.08455926366422144,0.0004554877430036562
in settlement,0.007500912372361329,0.0037739969495592042,2.830842041220255e-05
in similar,0.007824407676386914,0.04082054092977094,0.00031939655380516595
in substantial,0.008434266890400183,0.042556474181357544,0.00035893266115999417
in substantially,0.007824407676386914,0.06323453921052652,0.000494772814011633
in such,0.015430079412015041,0.09195962317689407,0.0014189442883184545
in that,0.005466786724991373,0.03454344786241574,0.000188841662209686
in their,0.009032729198202664,0.045963010962542544,0.0004151714311586672
in this,0.01319417262404246,-0.019078279241798796,-0.0002517221096859792
in timely,0.009302550985233277,0.06731735966148984,0.0006262231704422951
in us,0.012963044992779548,-0.0046889181296428445,-6.0782656682019914e-05
in violation,0.004799664052381227,0.006069303893891557,2.9130619722488713e-05
in which,0.012291977589433978,0.06697901438353102,0.0008233045437647394
in whole,0.003873577283532094,0.05764151353551617,0.00022327885741958315
in witness,0.0027533989112644907,-0.06765619068326177,-0.00018628448176759575
in writing,0.009180298946769505,-0.018794854002787582,-0.00017254237840647746
inability,0.005094409561542902,0.010408969022636076,5.30275513147211e-05
inappropriate,0.0074275397412975714,0.01632642248868689,0.00012126515186793628
inc,0.005891656420799702,-0.09790959492029287,-0.0005768496935700414
inc by,0.003923704706664994,-0.06080550941259259,-0.00023858286347335216
incidental,0.003911055605711474,0.06126238143534803,0.00023960058033195247
incidental or,0.006298500902468313,0.03951625742568688,0.000248893183057859
include,0.011167909423062257,0.08285959063468307,0.0009253684030401582
include all,0.00991600934571192,0.07359211558444172,0.000729740105906036
include an,0.006658121164349814,-5.666605631784465e-05,-3.7728946887007996e-07
include any,0.0075763567325803334,0.0502613489782387,0.00038079790971984844
include information,0.005958300365683749,0.030128898362576397,0.00017951702613138744
include such,0.0076561831963671955,0.0490438837821276,0.00037548895889731094
include the,0.010918726521922474,0.053061648045803614,0.0005793656238146318
include without,0.006382576608996469,0.0442419609104659,0.00028237770484327576
included,0.012446486138289194,0.08461656216896118,0.0010531788681056612
included in,0.013505591811844988,0.0767614180023786,0.0010367083784385348
included within,0.013102491568900407,0.012886756169251291,0.00016884861405809035
includes,0.0104379998281059,0.030297548325268063,0.0003162458042111782
includes any,0.006811424630819635,-0.01222532206750328,-8.327185985029467e-05
includes the,0.0057596950584364705,0.022414271373729987,0.00012909936806972664
including,0.0124240417208413,-0.01940370961708979,-0.00024107249782181312
including all,0.011551414422531724,0.07763854129785128,0.0008968349656923242
including any,0.012859962657524432,0.058904553627584656,0.000757510360008884
including attorneys,0.0068652284858365525,0.030259209806172017,0.00020773638912023688
including but,0.007032674059988788,0.10477643446040139,0.0007368585127277802
including by,0.00991600934571192,0.0008586226616810039,8.514110337668879e-06
including for,0.013771157604846948,0.04252078261975654,0.0005855603989381042
including in,0.00986046394700813,0.0716810760228256,0.0007068086658058207
including information,0.008007945512605858,0.03117147539487032,0.0002496194765096557
including its,0.012729029513097647,0.09096751440699503,0.0011579281756197751
including negligence,0.0062177891400181096,0.025812860187016458,0.00016049892174363676
including reasonable,0.0043299732137535235,0.11014706561239498,0.00047693384367522215
including such,0.007824407676386914,0.02153907439303115,0.00016853049902310175
including the,0.011600134527569214,0.06079783208612723,0.0007052630311836399
including with,0.01574150688086015,0.05527222000999373,0.0008700680316077325
including without,0.008013437493772691,0.14261330174559525,0.0011428227793188713
inclusion,0.01111048324533123,0.046676146879748415,0.0005185945478640644
inclusion of,0.013102491568900407,0.04669878672908997,0.0006118704593957795
income,0.004109660912958752,0.008715335646480648,3.581707424965762e-05
income tax,0.006658121164349814,-0.054440476736396064,-0.0003624712903558923
incorporated,0.0035119372242166306,0.027800433799428023,9.763337830958145e-05
incorporating,0.011444013011291419,0.016938062141628154,0.00019383940353485517
incurred,0.009601498516867892,0.032689312352721524,0.00031386638407208695
incurred by,0.01133057421597167,0.09786919152199551,0.0011089141379971156
incurred in,0.004345552634747737,0.07922056842451664,0.00034425714984337165
incurs,0.00715813681928165,-0.020300602899067502,-0.0001453144930654309
ind,0.02520691168038493,0.037007019888981744,0.0009328326818958114
indemnification,0.009548406027964033,0.10343999091635833,0.0009876870327983006
indemnification and,0.0070960542288348435,0.019899865577438437,0.00014121052528402695
indemnification of,0.014085203964171752,-0.0034962155304334762,-4.9244908848860447e-05
indemnification under,0.006658121164349814,0.06148965636703553,0.00040940558244595654
indemnify,0.004710363845117119,0.049706819140709936,0.00023413720373617567
indemnify and,0.006537643628140786,-0.04097940942515249,-0.00026790877491332066
indemnitee,0.024117319473911502,0.2092085280313809,0.005045548907199583
indemnitee shall,0.008434266890400183,0.1302023728434552,0.0010981615623250943
indemnitees,0.017392136333688878,0.08434131935008106,0.0014668757246998016
indemnitees from,0.014280455205571167,0.0038836657335738546,5.546051454171312e-05
indemnities,0.006425965915541734,0.03427459381606226,0.00022024737163105356
indemnitor,0.03075542929259212,0.12802459092250723,0.003937451253830202
indemnity,0.00688830680558938,0.05388472318332422,0.00037117450542099205
independent,0.0069770155381802534,0.04020578835069653,0.00028051641004759627
independent certified,0.007577054427323699,0.08231196289991481,0.0006236822229125035
independently,0.00826104795418697,0.07347564251032748,0.0006069858062425139
indicate,0.005550282432954849,0.025253582844805455,0.00014016451723269365
indicated,0.007492696222455828,-0.023411743967534614,-0.00017541708558664962
indicated below,0.0074275397412975714,-0.027537500846424978,-0.00020453588191283705
indicating,0.0067079391274018334,0.010412285152662702,6.984497498121132e-05
indication,0.02502386700048379,0.10586770856206348,0.0026492194587030555
indication in,0.016855314622733663,0.044238182511650063,0.000745648484571776
indications,0.02505742647434078,0.016186462138548494,0.0004055910849163797
indicia,0.008209866391664815,0.037543329771697095,0.000308225721323845
indirect,0.003491350055853769,0.07262931030101633,0.00025357434657607405
indirectly,0.010615435805843313,0.08928592144378679,0.0009478089674520876
indirectly of,0.006811424630819635,0.025477706531877108,0.00017353947780802202
indirectly through,0.006515648457526557,0.012815177588726622,8.349919208891551e-05
indirectly to,0.011912687481018865,0.045456306001364404,0.0005415067674358165
individual,0.0061819039647613375,0.0779852197679303,0.00048209713927615253
individual or,0.011190862642193971,0.07503028882734669,0.0008396536562709778
individually,0.0044091019827970195,0.044810963823069684,0.00019757610944334206
individually and,0.008686786659555298,0.0558584448070956,0.00048523039317378396
individuals,0.009397445052668898,0.010324756888393587,9.702633554084344e-05
induce,0.007288344898710119,0.032768753167232205,0.00023882997498348788
industrial,0.00986046394700813,-0.036701000222509404,-0.00036188888951319134
industry,0.011711210799668012,0.07839709015591238,0.0009181248488964679
industry and,0.013247873796826097,-0.0006042566009997996,-8.005115190944447e-06
influence,0.015438949431295972,0.039721962000715455,0.0006132653626409061
inform,0.009951075294726958,0.028309443082055376,0.00028170939966132026
inform the,0.005958300365683749,-0.013617314342740907,-8.11360490279837e-05
information,0.014445612081397155,0.029136921416447945,0.0004209006640281599
information and,0.010106886768266404,0.10075762865327846,0.00101834594383772
information as,0.00712728301844054,0.06623209985016332,0.0004720549205377272
information contained,0.03156849012004074,0.03203002824999126,0.0010111396303544749
information disclosed,0.01088589160499866,0.052798079419135724,0.0005747541695088221
information except,0.006977342049417754,0.06530460318308239,0.0004556525538098612
information from,0.005791467762223785,0.03315651494602351,0.00019202488741758625
information furnished,0.007288344898710119,-0.007625736510680058,-5.5578997796522505e-05
information including,0.012916970499458608,0.09583471345722604,0.0012378941665510577
information is,0.011007313800998167,-0.016476735815420838,-0.00018136460153648257
information means,0.005412982869974456,0.03620445181754732,0.00019597407750519922
information of,0.012873755041968433,0.15907166266408374,0.0020478496192560497
information or,0.007633290829760132,0.047901356497942534,0.00036564498528881564
information provided,0.0054942364680646396,0.055461259695749776,0.000304717275585192
information regarding,0.005386609618697299,0.048424179672738224,0.0002608421520026979
information relating,0.009210221938946292,0.0729540305964834,0.0006719228131342904
information shall,0.004458113097210674,0.07102193594482813,0.0003166238228248958
information that,0.00886487647536082,0.07110683350186885,0.0006303532955481159
information to,0.009441330665021909,0.0996310248997298,0.0009406494505733804
information which,0.00809353289146777,0.1293809843015881,0.0010471492519753783
information with,0.006515648457526557,0.023239277706213715,0.0001514189639405227
informed,0.01795595542143536,0.09359560803371,0.0016805985654954343
informed of,0.016435547046401214,0.06374259313209296,0.001047644388282125
infringe,0.00793312939836295,0.10499608349945977,0.0008329475167225354
infringed,0.014085203964171752,0.011561288611562897,0.00016284310818251945
infringement,0.015044518836915594,0.23632530650403755,0.0035554005253398443
infringement by,0.013725295945480455,0.002943505795253807,4.04004881570953e-05
infringement of,0.010031725404495895,0.14499795961609835,0.0014545797150808837
infringement or,0.0056672731745598705,0.12150748356033819,0.0006886161020897791
infringing,0.021010843644301943,0.13324297474877356,0.002799547309148153
ingredient,0.029818877593317555,-0.0301322869449966,-0.0008985109760195742
ingredients,0.013558630366746273,-0.0016099944424421016,-2.1829319537588213e-05
initial,0.01344542798206404,0.15346473309833406,0.0020633990166603303
initially,0.010664289044768495,0.03128247667076252,0.00033360537325323876
initiate,0.01725288439484594,0.10115098079416007,0.0017451461780669257
initiated,0.017359992531980045,0.09198819666787424,0.0015969144071846084
initiated by,0.018516712933409965,0.08228576949333685,0.0015236619722128616
initiating,0.007577054427323699,0.004308313104521923,3.2644322882914546e-05
initiation,0.006811424630819635,0.05682943273527257,0.00038708939788854326
injunction,0.0050495738276492615,0.08380002141341107,0.00042315439488560823
injunctions,0.0076561831963671955,0.02464297148605905,0.00018867110420012122
injunctive,0.00455985860483857,0.07887803426499551,0.00035967268327599135
injunctive relief,0.0050495738276492615,0.09074682045057285,0.0004582327694895994
injury,0.010150893307379422,0.05823883449447403,0.0005911761952995343
injury or,0.015888236990140962,0.03287897202004537,0.0005223888994466946
inquiries,0.005889903137864939,0.03381342939788169,0.00019915782391255796
inquiry,0.006811424630819635,0.06034129912512678,0.00041101021111654385
insofar,0.007035825129555003,0.03929531293570344,0.00027647495022675
insofar as,0.007035825129555003,0.03929531293570344,0.00027647495022675
insolvent,0.004859299674676837,0.045652037916297426,0.00022183693299499872
insolvent or,0.005728414974598702,0.04450902148907856,0.00025496614520277306
inspect,0.008512338347721495,0.09594335255453415,0.0008167022791589242
inspect and,0.012456047189639032,0.040623965090282155,0.0005060140261948031
inspection,0.017455353780368853,0.12014637738564864,0.0020971975226962048
inspection by,0.0077385425905899365,0.010597456679610803,8.200886986710001e-05
inspections,0.013305413512697229,0.0461840735350577,0.0006144981960847592
instances,0.006425965915541734,0.07600001353915678,0.0004883734965833318
institutions,0.011273179077245387,0.019612203220861275,0.00022109187900809792
instrument,0.005518673474305276,0.0033768861853499315,1.8635932216838595e-05
instrument or,0.00656203038512981,0.04801640393543556,0.00031508510160899476
instrumentality,0.01111048324533123,0.03091871787249006,0.00034352189688942406
instruments,0.004879576478452771,0.020266477984995698,9.889182927666592e-05
insurance,0.006017026382275353,0.1345078975336014,0.0008093375680840695
insurance or,0.007222190611637434,0.015529489360823504,0.00011215693226526293
intellectual,0.012680345614365107,0.14405714184456958,0.00182669434680676
intellectual property,0.012751699944470209,0.14730722037998129,0.0018784174739394682
intended,0.010628709188533113,0.09695307170864957,0.0010304860041262336
intended for,0.006811424630819635,0.03154639992995656,0.00021487592549659292
intended or,0.007288344898710119,0.0017036214366481098,1.2416580607127456e-05
intended to,0.01081409606108741,0.10328286832028356,0.001116910859480188
intends,0.014965440698374848,0.08530429069022048,0.0012766163036414242
intends to,0.01511174618402044,0.08431024261463739,0.0012740749871055842
intent,0.003848973015264668,0.06747586890144958,0.00025971279858321583
intent of,0.004900059141623133,0.04198359768702559,0.00020572211164453756
intentionally,0.005578900288572575,-0.016682251754158644,-9.306861912531601e-05
interactions,0.03172822292478615,0.03362971238943046,0.0010670110115882923
interchange,0.015196836065124675,0.008424488871967445,0.00012802557631975636
interest,0.009400023219644988,0.11815862934069585,0.0011106938594039667
interest and,0.006257741435522016,0.09373313615681393,0.0005865577300099214
interest at,0.006811424630819635,0.049074242348629886,0.00033426550307226965
interest in,0.008674697709193288,0.1621592199766076,0.0014066822140556482
interest of,0.010734723844348107,0.03568751318174531,0.00038309559869756875
interest on,0.0076561831963671955,0.03870050251157239,0.000296298137020067
interest to,0.006609503751760677,0.06206927342947064,0.0004102470956011455
interests,0.013051144747105592,0.03744920177166063,0.000488754952985506
interests in,0.013578669788269685,0.035986776792834345,0.0004886525588140644
interests of,0.013975463833367986,0.004588396677247276,6.412497181601515e-05
interference,0.011813667018774022,0.07755969398227144,0.0009162643987845662
interim,0.006298500902468313,-0.008705238770839596,-5.482995425433534e-05
intermediaries,0.007914090218371736,-0.02307929937653729,-0.00018265165744272665
intermediate,0.00897549618816888,0.05945206803172555,0.0005336118099975095
internal,0.012002250531498487,0.00615780714033396,7.390754402293844e-05
internal revenue,0.007356742126528927,-0.05691914582806794,-0.00041873947791939064
international,0.011928454801816061,0.016039037075992076,0.00019132092882562351
international sale,0.00715813681928165,0.022601693163406385,0.0001617860120110856
internet,0.01768154961586504,0.10754658727419042,0.0019015903189055577
internet domain,0.03113787999843946,-0.008076726222801424,-0.00025149213190583995
interpretation,0.007570263459878144,-0.04610471876018287,-0.00034902486775817074
into,0.009653412385892662,-0.01617210996263813,-0.00015611604661934904
into account,0.016732099492064962,0.02668177129944203,0.00044644205200678746
into an,0.005334875374044817,0.1089873257838877,0.0005814338004074622
into by,0.00854967168931364,0.0010014593873390106,8.56214897192972e-06
into such,0.013247873796826097,0.019064594910199163,0.00025256534735793165
into that,0.008106380888247012,-0.01653604250145665,-0.00013404745890104852
into this,0.003522310126209488,0.06198717117728647,0.00021833804073283705
introduction,0.01574150688086015,0.06494549334635664,0.0010223399303925303
inure,0.0036846651101091854,0.04148805177238953,0.00015286957685212727
inure to,0.003911055605711474,0.014757339722218795,5.771677624597242e-05
invalid,0.007865866340380973,0.00440111138619252,3.461855391291919e-05
invalid illegal,0.0056672731745598705,0.0035060654299084795,1.9869830559172045e-05
invalid or,0.009951075294726958,0.05294539569946663,0.0005268636191145053
invalidity,0.004962785178094638,0.007148612209432899,3.5477026716919956e-05
invalidity illegality,0.0076561831963671955,0.030939650599490637,0.00023687963302129243
invention,0.010880106072273795,0.13475959684969657,0.0014661987079815522
inventions,0.016720199575636717,0.15190253460528086,0.002539840694645359
inventions and,0.015438949431295972,0.05638371659664242,0.0008705053492840857
inventorship,0.008825981502142751,0.06519847173552074,0.000575440505505683
inventory,0.004859299674676837,0.08930031307797762,0.00043393698228835634
inventory and,0.006920506601053043,0.01788826785293014,0.00012379587575760798
investigation,0.007604705167094896,0.06281656616422858,0.00047770146528826747
investigation of,0.007500912372361329,0.030166907523114423,0.00022627932987600902
investigation or,0.006920506601053043,-0.007257585641953847,-5.0226169342849385e-05
investigational,0.014280455205571167,0.02458275081993781,0.00035105287191383977
investigations,0.010880106072273795,0.014550953406005818,0.00015831591651005697
investigator,0.03458859452787206,0.12370973470808173,0.00427894585296846
investigators,0.02141817594208047,0.061319387769676485,0.0013133494359115884
investment,0.008060843964940764,-0.10615769933196241,-0.0008557206499920453
investors,0.005958300365683749,-0.044092778544960035,-0.00026271801852844793
invoice,0.009611655200604774,0.08040168938490087,0.0007727933159137921
invoice and,0.007500912372361329,0.06405686444158994,0.0004804849270245944
invoice for,0.012575917971474929,0.029326364601383288,0.0003688059556285623
invoiced,0.009646896486099892,0.12028272303680457,0.0011603549782022765
invoiced by,0.008007945512605858,0.03635955267066332,0.00029116531664939466
involuntary,0.006257741435522016,0.019349134815907786,0.00012108188267900781
involved,0.012524425345230666,0.06645808545708104,0.0008323493298941712
involved in,0.01412484272026769,0.08631499261479432,0.0012191856950850369
involving,0.009054490371757335,0.11872860628638285,0.001075027022472221
involving the,0.006340100829744757,0.03157011896893663,0.0002001577374700958
irrespective,0.007288344898710119,0.03328122036430994,0.00024256501266506564
irrespective of,0.007288344898710119,0.03328122036430994,0.00024256501266506564
irrevocable,0.0060654507656467405,0.08905112589814289,0.0005401352197605951
is able,0.012119779173629061,0.033740232812059796,0.00040892417094899825
is actually,0.007914090218371736,0.04409243122411802,0.0003489514786550209
is already,0.007824407676386914,0.020617970788142193,0.00016132340890626093
is also,0.007222190611637434,0.0025344620505708413,1.830436802718409e-05
is an,0.004393026001378605,0.02652559145027119,0.00011652761294298736
is approved,0.0070960542288348435,-0.0017399368122869483,-1.2346685974734217e-05
is attached,0.006257741435522016,0.027497710883164758,0.0001720735647755848
is authorized,0.006340100829744757,0.003938410259957703,2.4969918157033094e-05
is available,0.013771157604846948,0.012316657302144637,0.0001696146288727228
is based,0.005923811919134318,0.043271509111157645,0.0002563322814316049
is being,0.005889903137864939,0.08751498360169031,0.0005154547765257944
is bound,0.01222179090438941,0.004637487269018165,5.66783997237079e-05
is consistent,0.012963044992779548,0.02568785064490592,0.00033299276367771655
is controlled,0.010208150246922627,0.06895013671370692,0.0007038533551193762
is corporation,0.006515648457526557,0.0162261154112775,0.00010572366385113814
is declared,0.007035825129555003,0.03936557347283574,0.0002769692910795215
is defined,0.005309497366556654,-0.00608164137566654,-3.229045886844348e-05
is disclosed,0.006298500902468313,0.007318846563009013,4.609776168213938e-05
is effective,0.00656203038512981,-0.05717795777795281,-0.00037520349629859565
is entitled,0.005728414974598702,0.028732303566703487,0.00016459055800621995
is expressly,0.005550282432954849,0.06306256104899696,0.0003500150247673906
is filed,0.006759018437786806,0.04676222591887058,0.0003160667471775983
is found,0.00715813681928165,-0.05990026103901372,-0.0004287742640279462
is identified,0.007356742126528927,0.08356630279659526,0.0006147757401419844
is in,0.008000858600213889,0.06823957392817424,0.0005459751819381644
is incorporated,0.0070960542288348435,0.004482270510661037,3.180643461195797e-05
is intended,0.012045083015515228,0.10102700200635768,0.0012168786259752018
is legal,0.0076561831963671955,-0.006354093684485893,-4.864810529530381e-05
is legally,0.006977342049417754,-0.00688144836306052,-4.8014219024479134e-05
is less,0.006140182457047066,0.08081164060071314,0.0004961982179416913
is licensed,0.0074275397412975714,0.09701955318952572,0.0007206165869981358
is likely,0.006759018437786806,0.053131488864749055,0.00035911671286390325
is made,0.0032869922577965817,0.011761486924241279,3.865991646015681e-05
is necessary,0.011945104374198984,0.00447023230008396,5.339739140141849e-05
is no,0.011180824778084141,0.036128938232300165,0.00040395132779357315
is not,0.010500741672091666,0.03377016502926099,0.0003546117791961735
is or,0.007996389849855064,-0.024179184453957867,-0.00019334618514540205
is otherwise,0.006298500902468313,0.031765746973841304,0.00020007658598231954
is owned,0.012014664210652193,0.005442406158647426,6.538868249413432e-05
is party,0.004900059141623133,-0.027254318077648897,-0.0001335477704450881
is permitted,0.0068652284858365525,0.03380922292686032,0.0002321080403214797
is prevented,0.007288344898710119,0.04673137576399097,0.0003405943841591893
is reasonable,0.007356742126528927,0.049082290040618266,0.0003610857508083276
is reasonably,0.014222366133563341,0.05217505559532835,0.0007420527437157824
is received,0.005578900288572575,0.03375321625013305,0.00018830582787811978
is required,0.008556519194945144,-0.003502523481225806,-2.99694093978547e-05
is responsible,0.0052110619909154976,0.01595359895810485,8.313519314888925e-05
is subject,0.01018668833111882,0.03014291921785881,0.00030705652346241956
is terminated,0.007964613185786194,0.06718792551941817,0.0005351258375175787
is the,0.010987002164731504,0.1230230558202001,0.001351654580608423
is unable,0.011595719412673055,0.08434506906276189,0.0009780417546943175
is under,0.005259679403504634,0.10111127709149705,0.0005318129015801969
is understood,0.018771831680010224,0.020670144092866195,0.00038801646571284186
is used,0.005923811919134318,-0.013776087135067512,-8.160694916974587e-05
is willing,0.006658121164349814,-0.05468423256947049,-0.0003640942462270189
issuance,0.008864005188099064,-0.04869824380664529,-0.00043166148575341694
issue,0.007901583476254222,0.10209257256950216,0.0008066929844634634
issued,0.010193082520902496,-0.03876439956734716,-0.0003951287236632066
issued and,0.011623842254693982,-0.03793549358857881,-0.00044095619332759503
issued by,0.007840382522370326,-0.020943059621001413,-0.00016420159861745917
issued or,0.008007945512605858,-0.006563075825397703,-5.255675360488552e-05
issues,0.016289560947859175,0.05636875405514525,0.0009182222547361726
it,0.01194791099372342,-0.06761170346519145,-0.0008078186151361289
it being,0.014056023358510927,0.038411004822787226,0.0005399059810129731
it by,0.005856554858055854,0.02187022493796785,0.0001280841721072299
it deems,0.011623842254693982,-0.005907095863895028,-6.866315050527108e-05
it has,0.007865866340380973,0.06563617879116938,0.0005162854094646868
it in,0.008261841156818937,0.05904441742512879,0.0004878155979633262
it is,0.011419945394412665,0.01212513745730734,0.00013846840766219745
it may,0.009214049613622117,0.04099033074677892,0.0003776869411796011
it nor,0.013102491568900407,0.03054058632431588,0.0004001577748236239
it or,0.010836370540550587,-0.0050766678021877025,-5.501265341578851e-05
it provides,0.007577054427323699,0.014346518258713825,0.00010870434968886788
it shall,0.007732683479701771,-0.002802529579795287,-2.1671074183058564e-05
it under,0.015230706571463987,0.06625577333807883,0.0010091222423777057
it will,0.0034507954241777983,0.024385980019330622,8.415102826479732e-05
item,0.004760864299035681,0.06731997250846895,0.00032050125372763336
item of,0.007035825129555003,0.047206792555091,0.00033213873734479926
items,0.00874302626049436,0.06741935911817577,0.0005894492272359107
its ability,0.007914090218371736,0.030697539869190424,0.0002429431000068363
its activities,0.006340100829744757,0.08720019649383641,0.0005528580381444781
its affiliate,0.022139491093045485,0.008629409014706876,0.00019105072401934928
its affiliates,0.019285101847341942,0.07979723096358429,0.001538897726268591
its assets,0.005259679403504634,0.041757684114573285,0.00021963203107547375
its authorized,0.0068652284858365525,0.04700954375474788,0.000322731258891275
its business,0.004283944031145198,0.05691251011451265,0.00024381000800255718
its choice,0.011912687481018865,-0.03690519597438512,-0.0004396400660686055
its consent,0.007577054427323699,0.014798197743024231,0.00011212674972519332
its cost,0.008106380888247012,0.06115308642409163,0.0004957302110455742
its decision,0.008318948361898223,0.03585724296002582,0.00029829455258449335
its designee,0.023515156665088053,0.06538055934031838,0.0015374340957386727
its disclosure,0.01624020057699359,0.027927698011199344,0.0004535514173555824
its discretion,0.01429453943357473,-0.019860771706675384,-0.00028390058434229657
its employees,0.006865303575536275,0.07682975326664819,0.0005274595798090896
its entirety,0.014301989518693011,0.008011307148643428,0.0001145776308709287
its expense,0.017451017653672622,0.10269771967251597,0.0017921797189969983
its intellectual,0.0076561831963671955,-0.02436619178465619,-0.00018655202810114512
its interest,0.008209866391664815,0.009886312265053614,8.116530280236731e-05
its knowledge,0.006515648457526557,0.10461974583482621,0.0006816654855755058
its legal,0.006298500902468313,0.08446158291232918,0.0005319813561972075
its material,0.0077385425905899365,0.021015069113907894,0.00016262600738216736
its obligations,0.01066266898626585,0.030882249377118996,0.0003292872026595346
its or,0.006920506601053043,0.003508672397262886,2.4281790486190408e-05
its other,0.01008827946508673,0.034225380516232265,0.0003452752034466854
its own,0.012384085805838567,0.0712435670486828,0.0008822864474449009
its possession,0.0057596950584364705,0.06796485318859462,0.0003914568290577086
its principal,0.005309497366556654,-0.005556627070252284,-2.9502896796441916e-05
its properties,0.007222190611637434,-0.021248077529718665,-0.00015345766605047846
its reasonable,0.004819347379172931,0.019439799009612093,9.368714440862258e-05
its respective,0.016587749428628642,-0.011663948184976989,-0.00019347864984090612
its responsibilities,0.0076561831963671955,0.0032538507200277453,2.4912077206163725e-05
its right,0.01002988544904967,0.10366660467317784,0.001039764169763891
its rights,0.00949855520894743,0.028464455221404093,0.0002703711994131187
its sole,0.00596378945924934,0.1569732645001868,0.0009361555002101727
its subcontractor,0.009717390122743402,-0.00032066395495620597,-3.1160167486112707e-06
its subcontractors,0.024478537084013773,0.003351136860593996,8.203092791565562e-05
its sublicensees,0.024846592432271098,0.030280808535730525,0.0007523749082069322
its subsidiaries,0.011647890919377782,-0.017562505907475125,-0.00020456615308119816
its successors,0.006811424630819635,-0.028317726726224634,-0.00019288406131182594
its terms,0.004194921134415015,0.0431602540509974,0.00018105386188525027
its third,0.008318948361898223,-0.0004868708523916528,-4.050253479959531e-06
itself,0.012608905489033411,0.10204611157618249,0.0012866897763874432
itself and,0.011957079541391748,0.02858239463258561,0.0003417619661052747
itself or,0.015030077187068678,0.08741060368404044,0.0013137881203393975
iv,0.010396442770152987,0.04250000741663635,0.0004418488948381373
iv if,0.007824407676386914,0.024227803795440792,0.00018956821399904294
iv the,0.005309497366556654,0.01227856731163061,6.519302080619133e-05
ix,0.014483117405269363,-0.053543987271782306,-0.0007754838540034716
jan,0.008825981502142751,-0.03799071882810388,-0.00033530538162995115
january,0.0046854340186417605,-0.09340265829395442,-0.000437631992602066
japan,0.02622641311697952,0.06609197389890645,0.0017333554111893482
japanese,0.03199718936891112,0.0370400389243914,0.0011851771396955905
jcc,0.05595646787840841,0.02082451486965736,0.0011652662973874203
joint,0.01691439339961588,0.09096445533399346,0.0015386085829009522
joint development,0.04692370580267885,-0.01042480147530506,-0.0004891703174785471
joint patent,0.032120037283068094,0.027828778390543478,0.0008938613994464962
joint venture,0.008686295476083544,-0.006397780231392779,-5.557300948092382e-05
jointly,0.01252823048847575,0.1650811699821472,0.0020681749468435843
jointly by,0.01171743623961945,0.0736276662594118,0.0008627274848666381
jointly owned,0.01985145956644528,0.11285646098787785,0.0022403654721129666
journal,0.013247873796826097,0.053934613888905705,0.0007145189580807668
judgment,0.007877038464073087,0.1267297509978733,0.0009982551231526525
judicial,0.009755925420379685,0.0056743447338467555,5.5358484032933154e-05
june,0.005094409561542902,0.03485265294523587,0.00017755368840934597
jurisdiction,0.01045323259676233,0.018878040009147137,0.0001973365431866003
jurisdiction for,0.007577054427323699,0.060726829617534096,0.00046013049321086863
jurisdiction in,0.011249772088577359,0.044144318769931766,0.00049661352516724
jurisdiction over,0.005309497366556654,-0.010320510045805144,-5.47967209097239e-05
jurisdiction the,0.0062177891400181096,0.005694877576915153,3.540954795147568e-05
keep,0.01383077142316521,0.07044237876191267,0.0009742724391600417
keep and,0.0077385425905899365,0.01771937621244617,0.00013712214749870088
keep the,0.0161227061381546,0.04131172323838741,0.0006660567738332926
kept,0.01008827946508673,0.020306424876175434,0.000204856889087647
kind,0.0060711061411256265,0.033130113056680184,0.00020113643283459738
kingdom,0.017724296201652286,0.024752636782250582,0.00043872306610052265
know,0.01960709223900164,0.08145181365540284,0.001597033223375457
know basis,0.007577054427323699,0.05173795411520034,0.0003920212942892491
know how,0.022534364088352014,0.08163060818302452,0.0018394938455498818
knowledge,0.012396091430923014,0.1053778869727959,0.0013062739217122492
known,0.008660058852487013,0.05252862161602876,0.00045490095463483055
known as,0.013673819921606649,0.028299499869629364,0.0003869622650888428
known to,0.0050495738276492615,0.025862232182849762,0.0001305932507551066
knows,0.012700148634890796,0.03028690081802621,0.00038464814207912854
korea,0.023030850746133365,0.03432851055983026,0.0007906148030405138
label,0.018587872807841316,0.10777540117294158,0.00200331544881671
labeling,0.018319610465048364,0.03431459901659242,0.0006286300872483049
labels,0.011444013011291419,0.0686132376395438,0.0007852107842937693
labor,0.0072533477580100985,0.015298866435963523,0.00011096799856339196
laboratory,0.021989011704729857,0.11615392545547568,0.0025541100263907737
language,0.01902341436835677,0.06560149890371428,0.0012479644968306591
language of,0.007824407676386914,0.038926952420977344,0.0003045803453410433
last,0.011319911515187997,0.0383980759691825,0.0004346628223246125
later,0.012021197275078006,0.10515398717876129,0.0012640768241369128
later of,0.01111048324533123,0.006017391267285917,6.685612485578264e-05
later than,0.012751068293667138,0.10260796810795837,0.0013083612088189969
launch,0.010208150246922627,0.2122560797296729,0.0021667419527032893
launch of,0.0077385425905899365,0.09279311555356627,0.0007180834768248061
law,0.010867630617595242,-0.02441392496649106,-0.00026532151846151114
law and,0.004068344964146193,0.006224528949205577,2.5323531004682704e-05
law any,0.0067079391274018334,-0.029039508779593295,-0.00019479525718316292
law in,0.00944589929422172,0.04026088023921954,0.00038030022023638905
law including,0.013048728697589126,0.06453180124821818,0.0008420579668547424
law means,0.007288344898710119,0.015284831538216647,0.00011140112396920484
law or,0.008705816094678732,0.003961179558298725,3.448530075254943e-05
law principles,0.006977342049417754,-0.032296908395587104,-0.00022534657701472319
law rule,0.006425965915541734,0.06367171234662529,0.0004091522533235919
law shall,0.007222190611637434,0.0063814909681006405,4.608834415806553e-05
law statute,0.007222190611637434,0.002383821910655455,1.721641622295144e-05
law the,0.004962785178094638,0.010450577477951972,5.186397101010969e-05
law this,0.0037534510336219708,0.04815942025357617,0.00018076402572942034
law to,0.013975463833367986,0.04418283256226702,0.0006174755785297161
lawful,0.0056672731745598705,0.0060169178667006775,3.409951721948275e-05
lawfully,0.005889903137864939,0.006961063622593808,4.099999047359275e-05
laws,0.010009260228988298,-0.04281241319106152,-0.00042852058466030606
laws and,0.008155192372052523,0.05293892888912822,0.00043172714906124937
laws as,0.013247873796826097,-0.006369432259634808,-8.43814347330748e-05
laws of,0.00679032113782348,-0.047377877156740425,-0.0003217110007226187
laws or,0.010935998731146571,0.07090525142480533,0.0007754197396132997
laws regulations,0.01257779905335983,0.01859742854749345,0.00023391471917959017
laws rules,0.004760864299035681,0.025323146274740055,0.00012056006303866832
laws the,0.011532744409268832,-0.002925954654456899,-3.3744287182961914e-05
laws to,0.0077385425905899365,0.008466152979059258,6.551568540689994e-05
lead,0.015186349188640386,-0.0009624844618895854,-1.4616625126895885e-05
lead time,0.0077385425905899365,-0.06141456713888125,-0.0004752592434868777
lead times,0.014487546898181363,-0.0023115859538351026,-3.348920991536335e-05
least,0.010340480511317338,0.17689687226335613,0.0018291986601522267
least five,0.0077385425905899365,0.04482888036875935,0.00034691020002210535
least once,0.013399719539933146,0.01596346340668398,0.00021390593253555105
least one,0.00944589929422172,0.06636325156087593,0.0006268605910811364
least the,0.006140182457047066,0.07056074509688846,0.00043325584920008434
least thirty,0.006140182457047066,0.09506959404082667,0.0005837446535280702
least three,0.008106380888247012,0.03140550545326258,0.0002545849891920651
legal,0.010126130493333628,-0.02814530621044411,-0.0002850030434617904
legal and,0.012021722060283258,0.016796358569549107,0.00020192115434797625
legal counsel,0.009397445052668898,0.04374615758885701,0.0004111021122066783
legal department,0.013558630366746273,0.05405691493440845,0.0007329377283622905
legal proceeding,0.006920506601053043,0.015693258400375925,0.00010860529835183271
legal proceedings,0.007222190611637434,-0.004546186470726136,-3.283342524763142e-05
legal representatives,0.007356742126528927,0.04595377681850159,0.0003380700857937791
legal right,0.008106380888247012,0.02061376464338053,0.00016710302773992192
legality,0.00656203038512981,0.01789215446287243,0.00011740886124080481
legally,0.00707813156966942,0.026101202438238675,0.0001847477449844296
legislative,0.0074275397412975714,0.060111599392777534,0.0004464812934028141
length,0.005993388641282742,0.11560755962863291,0.0006928810347246658
less,0.010732851223782222,0.19459228368238027,0.0020885300300590125
less than,0.009933764411639462,0.16833412366395242,0.0016721915269174866
level,0.014148700590239016,0.05050225690017411,0.0007145413120118959
level of,0.01725288439484594,-0.012444760137387285,-0.0002147080079719299
levels,0.0054942364680646396,0.04648862798289734,0.00025541951521392486
liabilities,0.007713015136874019,0.04101625245077938,0.00031635897601070746
liabilities damages,0.007577054427323699,0.041151859658466565,0.0003118098804177876
liability,0.008647216524151785,0.0027042205586893884,2.338398070004985e-05
liability claim,0.023887909275263023,-0.015562677370408982,-0.00037175982510451866
liability for,0.004345552634747737,0.05863089392543463,0.0002547836355752875
liability shall,0.007500912372361329,0.006731164932132397,5.04898783198366e-05
liability to,0.004962785178094638,0.05190008001486734,0.00025756894783970935
liability which,0.008434266890400183,-0.02103980978958275,-0.00017745537108859543
liability with,0.006920506601053043,0.020281308041754747,0.00014035692618095388
liable,0.006087505412799021,0.06420179230315405,0.0003908287581568488
liable for,0.0035964532461095515,0.009271183925667182,3.334337952474443e-05
liable under,0.011444013011291419,0.002374114954247946,2.7169402426715026e-05
libor,0.01022442326298793,0.0023177895825337246,2.3698061726368895e-05
license,0.013453815429600984,0.20418881527491897,0.00274711863349765
license agreement,0.008703224135805775,0.04533044929153775,0.0003945210603610311
license fee,0.0168055728597393,0.09959167479702906,0.001673695147024934
license from,0.01574150688086015,0.06872753634733471,0.0010818749863161353
license granted,0.013452456144223308,0.16486388298635862,0.002217824155640353
license of,0.007288344898710119,0.03668537000217878,0.0002673756293126729
license or,0.015422500267380315,0.14021715378033578,0.002162499091668535
license subject,0.01867133991726528,0.041287785605653805,0.0007708982794743347
license to,0.0091847826024287,0.2182605696900122,0.0020046758832850007
license under,0.01708142152797647,0.021866928475704667,0.0003735182228156234
license with,0.019018483497589857,0.0904413338884299,0.0017200570160571184
licensed,0.011667215405670416,0.19725405964001844,0.002301405603463054
licensed by,0.013972814894945744,0.06115931385394431,0.0008545677715830547
licensed or,0.007824407676386914,0.04702134999588672,0.0003679142118618918
licensed to,0.009210221938946292,0.09651558578103686,0.0008889299656107585
licensee,0.014056023358510927,-0.03775323513457268,-0.000530660354910909
licensee for,0.00897549618816888,-0.03851256122126003,-0.00034566934643804004
licensee of,0.00715813681928165,0.025466303541751667,0.0001822912850332153
licensee or,0.013102491568900407,-0.022266680574265205,-0.0002917489944917083
licensee with,0.008686786659555298,-0.03279568200864935,-0.0002848890929637529
licensees,0.018088425817266343,0.03866095344136003,0.0006993157883488289
licensees and,0.0147080083407518,0.01849667514210161,0.00027204925226620696
licenses,0.01462994591017227,0.1788754541427123,0.0026169382187653813
licenses and,0.012916970499458608,0.043828252282236954,0.0005661282417724841
licenses granted,0.016520457684208675,0.11050959872222667,0.0018256691493894266
licenses of,0.007577054427323699,0.06881069224781466,0.0005213823603435127
licenses or,0.011813667018774022,0.06270844524498245,0.0007408166913892458
licensor,0.0062177891400181096,-0.024498934607508443,-0.00015232920954457983
licensor and,0.0074275397412975714,-0.05307494917912223,-0.00039421629429527925
life,0.005823748850792255,0.03421163131266205,0.00019923994854084394
like,0.01088116487623029,0.07614586595325233,0.0008285557220806692
likely,0.01019778601159776,0.06378304589908633,0.0006504458532468004
likely to,0.011089979436348886,0.05597633649974793,0.0006207764207043501
limit,0.010107859420392142,0.15044736921260046,0.0015207008581687982
limit of,0.007577054427323699,0.008188489554594997,6.204463103273788e-05
limit or,0.0062177891400181096,0.11359092999751519,0.0007062844509431072
limit the,0.005637383368709824,0.038246445955598125,0.00021560987834234798
limitation,0.008339895760754753,0.09362325411637674,0.0007808081801132353
limitation any,0.0046854340186417605,0.04094914609095117,0.00019186452212887386
limitation of,0.004041263685139943,0.07183051000322421,0.0002902860315611114
limitation the,0.0069582607878335215,0.14595290995065746,0.0010155784101798567
limitations,0.00707813156966942,0.08449664175128878,0.0005980783475108443
limitations on,0.0074275397412975714,-0.006248174067433117,-4.640856119640437e-05
limited,0.0074343214671609295,0.017795062014437608,0.0001322942115433935
limited by,0.005889903137864939,-0.015927463206546148,-9.381121551846453e-05
limited to,0.0074919137604414305,0.07113057040043215,0.0005329040991710456
limiting,0.015365308819442793,0.07998266917973369,0.0012289584121499373
limiting any,0.0077385425905899365,-0.006792259620724581,-5.256219036132142e-05
limiting the,0.014601913279757956,0.09009508447744236,0.0013155606104720803
liquidated,0.011357528220928155,0.052975363305119406,0.0006016691837518155
liquidated damages,0.013102491568900407,0.04355364446508668,0.000570661259398684
list,0.006516877808846684,0.05078939736662711,0.0003309882966232684
list of,0.004594946880437563,0.017057608005660464,7.837880269333635e-05
list the,0.008007945512605858,-0.0096101934751771,-7.695790571481855e-05
listed,0.013036985101945611,-0.012083897757466149,-0.00015753759503752014
listed in,0.01306209691891872,0.006399857999465934,8.35955654563413e-05
listed on,0.015038118410033108,0.007351264689455745,0.00011054918886353076
lists,0.0052110619909154976,0.08233570821926449,0.0004290564795965179
literature,0.00656203038512981,0.06812021542156879,0.00044700692343792265
litigation,0.015036730041612285,0.10402738451533235,0.0015642316978920505
litigation or,0.006515648457526557,0.04894297027822532,0.0003188951888000869
local,0.012859738791596851,0.0744007304094518,0.0009567739589695669
local or,0.007222190611637434,0.02860386417224786,0.00020658255928136088
location,0.004151840672109671,0.08763450759063218,0.00036384451289509043
lock,0.007500912372361329,0.03293929097942889,0.00024707473524440807
logo,0.008126537657924197,-0.0012970913514160503,-1.0540861713050322e-05
logos,0.004458113097210674,0.06533716200064264,0.00029128045764964056
long,0.009921222780973417,0.07220845770765696,0.0007163961955881618
long as,0.01088363329621905,0.08832442905107019,0.0009612906968897646
longer,0.004314513176468528,0.0597846045299471,0.0002579414639944168
loss,0.0055968454612338936,-0.026448255959589707,-0.00014802680132498192
loss of,0.007411035757978525,0.013105920049730399,9.712844212975968e-05
losses,0.0034209056183277507,-0.007230625585724119,-2.473528769022802e-05
low,0.007914090218371736,0.05260529415367318,0.0004163230438961528
lower,0.010208150246922627,-0.0001225135809750625,-1.2506370418819597e-06
ltd,0.013854803724261948,-0.10613671246929461,-0.0014705033192005026
ltd by,0.0076561831963671955,-0.0591424879654571,-0.0004528057225524817
ma,0.007356742126528927,-0.029939740128261585,-0.0002202589474589106
made,0.010510757921360196,-0.012189660913188615,-0.00012812257500199197
made and,0.004361253297591291,-0.02630619375150307,-0.00011472797424581818
made available,0.009832909409265206,0.13007562655556928,0.0012790218522743242
made by,0.01139259265702514,0.05210903012523899,0.0005936569539694996
made in,0.009733884048328789,0.057991081527283335,0.0005644784634237576
made on,0.006658121164349814,-0.06346123463055348,-0.0004225325894094574
made or,0.008864005188099064,0.09466530757313882,0.000839113777461296
made the,0.007577054427323699,-0.018834608974675073,-0.00014271085731847242
made to,0.01176424513858524,0.06186904201081776,0.0007278425767046888
made under,0.00610247061151615,0.013110637036979357,8.00072772164217e-05
made use,0.008434266890400183,0.020104426572826455,0.0001695660993936718
made within,0.0068652284858365525,0.03538808898519825,0.00024294731656050175
mail,0.0027820167668822157,-0.04291391744577243,-0.00011938723786673812
mail or,0.0054942364680646396,0.0077813264629596,4.275244762270907e-05
mailing,0.005607929926004842,-0.004453863474974069,-2.4976954267647e-05
maintain,0.010047344723764508,0.1119159277517603,0.0011244579062018587
maintain any,0.0076561831963671955,0.020612677722186865,0.0001578144368087395
maintain at,0.006811424630819635,0.025153428230066974,0.00017133068059583213
maintain or,0.007824407676386914,0.02390734692359939,0.00018706082879105614
maintain such,0.01296651246879226,0.06515912841559116,0.0008448866510563988
maintain the,0.00727912876154759,0.15776605075189487,0.0011483993976238948
maintained,0.007331281938766863,0.06164159501338457,0.00045191191219840784
maintained in,0.006658121164349814,0.022062039128946224,0.00014689172965315058
maintaining,0.012575787764403764,0.04921506662181011,0.0006189182326468757
maintaining the,0.006920506601053043,0.0032764979748229075,2.267502586309886e-05
maintenance,0.011889726650191642,0.09584516823288686,0.0011395728510306563
maintenance of,0.012575787764403764,0.09960066709658212,0.00125255685059965
maintenance or,0.015156577968685773,0.060394990998692166,0.0009153813899897532
majeure,0.003741822615301676,0.10876702428905252,0.00040698691128384344
majority,0.0124317844892539,0.03793333059950285,0.00047157899097263994
majority of,0.013771157604846948,0.027889948751696255,0.0003840768798507135
make,0.011080981263454174,0.06291019892471836,0.000697106735564979
make any,0.01069095065580472,0.1428903930230936,0.0015276341409984366
make available,0.011453411263467167,0.138404691638149,0.0015852058541250757
make have,0.007824407676386914,0.034281808739634365,0.0002682348474628231
make or,0.011623842254693982,-0.017449400205562956,-0.00020282907542848853
make payments,0.006977342049417754,0.020681981138016725,0.00014430525665954896
make such,0.01210296797640444,0.05351427356195194,0.0006476815392008511
make the,0.004704028850670971,0.08467519351161817,0.0003983145532147993
make use,0.006920506601053043,0.05812379457016637,0.0004022461040010874
makes,0.007262998947301395,0.06440975340563466,0.00046780797118106703
makes any,0.006257741435522016,0.05856266417313808,0.00036647001017080683
making,0.010140257099291524,0.050249843087056954,0.0005095463281018144
making authority,0.008318948361898223,0.06694878176899081,0.0005569434584282277
management,0.009387074960539166,-0.020468403021560923,-0.00019213843348591875
management and,0.005360576676941627,-0.010485278037753853,-5.620713690043157e-05
management of,0.011195835018483332,-0.024820975692529435,-0.00027789154885134463
manager,0.004508344529880566,0.09757252474425161,0.0004398905581973829
managers,0.006029097980452392,0.07089443625234111,0.0004274295024343006
managing,0.01170794870285247,-0.0009583089186505323,-1.1219831661046454e-05
mandatory,0.012700148634890796,0.042126045699405375,0.0005350070417826505
manner,0.010229407276206604,0.022099949521019558,0.00022606938443411613
manner and,0.005259679403504634,0.029314003680288945,0.0001541822613914748
manner as,0.005697612467989664,0.020891782491262167,0.00011903328040074349
manner of,0.007914090218371736,0.03263540974884922,0.00025827957706592124
manner set,0.007914090218371736,0.039988325130489166,0.00031647121276427297
manner that,0.012575787764403764,0.012710253219109003,0.00015984144691534455
manuals,0.01465228277349869,0.14839527964090626,0.002174329599550972
manuals and,0.01808108225382105,0.028901801239297323,0.0005225758454913221
manufacture,0.020373935673149095,0.10858553797253304,0.0022123147656866763
manufacture and,0.022026441255366312,0.030819140653247232,0.0006788359911396219
manufacture of,0.013218111394107182,0.04837071664184676,0.0006393695207847245
manufacture or,0.013771157604846948,0.05448254021492781,0.0007502876480121827
manufacture the,0.00715813681928165,-0.037471109794803344,-0.0002682233306815271
manufacture use,0.013558630366746273,0.061823387194545346,0.0008382404549910752
manufactured,0.0151427569945185,0.0014352251320604728,2.1733265407217464e-05
manufactured by,0.014765469077804027,-0.012121460950993515,-0.00017897905684970375
manufacturer,0.005791467762223785,0.0018313456401935122,1.0606179236669804e-05
manufacturer or,0.00897549618816888,0.02605445910319102,0.00023385169836549297
manufacturers,0.006658121164349814,0.025147977497373526,0.00016743828121585554
manufacturing,0.020559166269900633,-0.01336887625158421,-0.0002748529496980457
manufacturing and,0.014932813100932477,-0.024082958801149197,-0.00035962632269501783
manufacturing of,0.012575917971474929,0.019775923255183046,0.00024870038866736546
manufacturing practices,0.0077385425905899365,0.0001876722146709697,1.4523094263016364e-06
march,0.007996389849855064,-0.024657110313397776,-0.0001971678666368106
march 31,0.012575917971474929,-0.002694997552998668,-3.3892068159836906e-05
mark,0.007331281938766863,0.0994614356266332,0.0007291798266133591
mark or,0.007222190611637434,0.05733138590739857,0.00041405819705257665
marked,0.02808648678684227,0.049381470868967284,0.001386952029076086
marked by,0.0456596825370382,0.04152128446367186,0.0018958486671413137
market,0.013914544787982625,0.10815380766863576,0.001504911000796091
market and,0.00894732558105754,0.04034896888762804,0.00036101536149756914
market or,0.0070960542288348435,0.04633501658619022,0.00032879579038956776
marketed,0.012575917971474929,0.09651379741043555,0.001213749599349187
marketing,0.016738661854667995,0.11182711900838815,0.001871836331263125
marketing activities,0.012340240616199498,0.002679977584880719,3.3071568243449286e-05
marketing and,0.0072533477580100985,0.09976607881162163,0.0007236380640737345
marketing distribution,0.013558630366746273,0.04684154194272934,0.0006351071530099092
marketing materials,0.025147987689836268,0.10127871123829756,0.002546955783463189
marketing promotion,0.013900512133821133,0.06642413443601977,0.0009233294867064591
marketplace,0.007356742126528927,0.08982621401286857,0.0006608282926950733
markets,0.005791467762223785,0.03574411814671842,0.0002070109079358379
marks,0.003923704706664994,0.22234374652833125,0.0008724112047507418
marks and,0.005728414974598702,0.1512763372741486,0.0008665736357436767
masculine,0.0077385425905899365,-0.046520348717985334,-0.00035999969988322544
material,0.011140105094218245,0.004272659549267587,4.7597876410656076e-05
material adverse,0.005923811919134318,-0.048961396201546235,-0.0002900381023961773
material breach,0.003923704706664994,0.039850340270000645,0.0001563609676796031
material obligations,0.0076561831963671955,0.011340209814123505,8.682272382217074e-05
materially,0.011928454801816061,0.06394275780995085,0.0007627382964394697
materially adversely,0.020729230021948302,0.04739762226874357,0.0009825162145022045
materials,0.014716975725847077,0.11295366678607223,0.0016623363722360442
materials and,0.013008057289806368,0.0951592424164373,0.0012378368770075887
materials for,0.017655984425587662,0.08290749993273801,0.0014638135275768325
materials from,0.007914090218371736,0.0434199356435283,0.0003436292879587776
materials in,0.0055220648402078635,0.03448153995979493,0.00019040929944820606
materials shall,0.011444013011291419,0.06396824370186774,0.0007320534132336348
materials that,0.006609503751760677,0.09320494434052327,0.0006160384293013337
materials the,0.0067079391274018334,0.05517717300027634,0.00037012511770797364
materials to,0.015196711043751835,0.06940015643103387,0.0010546541236735973
materials used,0.008007945512605858,0.022275103320768173,0.00017837781368037732
materials which,0.00715813681928165,0.00999230087141705,7.152625677703051e-05
matter,0.011369112788704226,0.010640955865912474,0.00012097822741918276
matter hereof,0.003741822615301676,0.041214275223065686,0.00015421650710293472
matter in,0.00715813681928165,0.041287784548707455,0.0002955436107646708
matter of,0.010150893307379422,-0.020174801746804562,-0.0002047922600293451
matter shall,0.02555719540118185,0.0020496001363827657,5.238203117982331e-05
matter to,0.012829068340572373,0.02088471157590429,0.0002679313920804191
matters,0.013367805581114299,-0.0022003579553236717,-2.9413957355625027e-05
matters and,0.0077385425905899365,-0.002109735953275787,-1.6326281529323538e-05
matters as,0.008007945512605858,-0.024906891429591783,-0.00019945302945656082
matters of,0.008106380888247012,-0.008287255726142459,-6.717965143441684e-05
matters relating,0.015438949431295972,-0.0017747937509864505,-2.7400950972459906e-05
maximize,0.01867133991726528,0.06038293718389594,0.0011274303453633983
maximum,0.003975109398067259,0.017825465742561733,7.085817639818312e-05
maximum extent,0.006759018437786806,0.03257644502903315,0.00022018479258878343
may also,0.0054397054459851225,0.08389459073426404,0.00045636186210586913
may amend,0.008209866391664815,-0.03897492732237712,-0.0003199789459415626
may arise,0.006470308909173226,0.0158616616498232,0.00010262985068714236
may assign,0.007411035757978525,0.011986509904366113,8.883245351462102e-05
may be,0.010054777703119463,-0.0378222210252265,-0.00038029402464690354
may continue,0.013247873796826097,0.10041262281687666,0.0013302537546862824
may deem,0.007288344898710119,0.013966513848562059,0.00010179276996093151
may disclose,0.008587417562366244,0.07090743551780324,0.0006089117570679354
may elect,0.01257779905335983,0.04007753929305072,0.0005040872357811247
may from,0.005309497366556654,-0.010678831830778323,-5.6699229483418874e-05
may have,0.006335456411253475,0.07411861430864186,0.0004695752502149086
may immediately,0.008106380888247012,0.04577107312393575,0.00037103775240642927
may in,0.005360576676941627,0.056646615953259746,0.00030365852830671364
may include,0.004941659068899578,0.10429148229794763,0.0005153729493066327
may make,0.010208150246922627,0.032017550282195585,0.0003268399638190525
may not,0.00800564297445841,0.025652553424984893,0.00020536518410364934
may only,0.005856554858055854,0.05340890403750871,0.00031279217640431053
may participate,0.0074275397412975714,0.014695286625660595,0.00010914982542185276
may request,0.009646896486099892,0.014286178206679035,0.00013781728234180883
may require,0.01170794870285247,0.03742091002058241,0.0004381220949350369
may terminate,0.0032142807851832243,0.022592799999328193,7.261960292132817e-05
may upon,0.007356742126528927,0.06573323269957647,0.00048358244211390303
may use,0.009032729198202664,0.07297221742101441,0.00065913827895639
mean,0.011623879029205251,0.17147997783390528,0.001993262518272113
mean an,0.008007945512605858,0.04441620038425946,0.0003556825125541331
mean any,0.005235224255677302,0.10212729946884927,0.0005346593153461393
mean that,0.012963044992779548,0.06216106229428569,0.0008057966473197976
mean the,0.004760864299035681,0.15470121034293466,0.0007365114693392871
meaning,0.009690115716240334,0.02195628675584548,0.00021275895936309776
meaning given,0.008556578580126829,-0.02951089591996757,-0.00025251229990914676
meaning of,0.005993388641282742,-0.03742453579048393,-0.00022429978771196582
meaning or,0.006382576608996469,-0.056317753068429156,-0.000359452373405795
meanings,0.009425836039891859,-0.026519664892332824,-0.0002499700131080056
means,0.01553836035047549,0.1045169803962199,0.0016240225041400473
means all,0.014746380321228882,0.1197393737731334,0.0017657223450844041
means an,0.014387202513392865,0.07973929750889142,0.001147225421536104
means any,0.01493550023845403,0.12449670146937032,0.0018594205144825207
means each,0.007222190611637434,-0.0146079179970631,-0.00010550116821395864
means in,0.008106380888247012,0.02357379488068676,0.0001910981602842544
means of,0.00894732558105754,0.03497301088639047,0.00031291491495040523
means that,0.006920506601053043,-0.020961812099629537,-0.00014506635900551977
means the,0.014029370657596386,0.06714739259125586,0.00094203565935387
means with,0.01879220150798318,0.1096140560069908,0.0020598894285907255
measures,0.008438873865677928,0.10191202522025236,0.0008600227262294975
medical,0.018918577901593542,0.07056636466798488,0.00133501526720353
medical device,0.009136984351435114,0.04338404262464454,0.0003963993185633712
medicinal,0.015470259293452707,0.01929156904439867,0.00029844557529439306
medicines,0.009312531979216915,0.020199154607558327,0.00018810527323603361
meet,0.010100996908411314,0.12536780356335425,0.0012663397962077582
meet at,0.007914090218371736,0.020517384177460782,0.0001623764294254174
meet its,0.012700148634890796,0.06078479420426718,0.0007719759211354418
meet the,0.004799664052381227,0.05281909028939741,0.0002535138889414991
meeting,0.01781716941832501,0.05338460402598818,0.0009511625342612268
meeting and,0.013900512133821133,0.0074423553843928686,0.00010345255132496211
meeting of,0.017392136333688878,-0.03246462646185944,-0.0005646292094469431
meetings,0.019497481216228664,0.07500791450109895,0.0014624654040536623
meetings and,0.01660860698590301,0.01562974357226548,0.00025958826828220114
meetings of,0.011912687481018865,0.007560752791233926,9.006888512321083e-05
meetings the,0.008318948361898223,0.06543408019500009,0.000544342734250513
meetings with,0.013900512133821133,0.04978688842385362,0.0006920632466409761
member,0.007548241621159619,-0.011478226689991591,-8.664042843849974e-05
members,0.0107988652907056,-0.012910119204988557,-0.0001394146381816227
members of,0.011957079541391748,-0.0058601858219908464,-7.007070800088074e-05
membership,0.006977342049417754,0.028960266697082137,0.0002020656865879038
memorandum,0.008007945512605858,0.013100534906900895,0.00010490836972045342
merchantability,0.0043299732137535235,0.07323469002059162,0.0003171042461067042
merchantability fitness,0.00656203038512981,0.038802469291339764,0.0002546229825078379
merger,0.008958622063074113,0.1049426696724632,0.0009401417158856274
merger consolidation,0.012575917971474929,0.018375300378621468,0.00023108627026275578
method,0.009569375302703244,0.02399093090182585,0.00022957822166079237
method of,0.005993388641282742,0.034977555918993514,0.00020963408634472767
methodology,0.007824407676386914,0.053831296878169045,0.00042119801252340876
methods,0.004345552634747737,0.07691745590552035,0.00033424885316832683
methods of,0.007035825129555003,0.06297076802740081,0.0004430513121145654
milestone,0.029196757995023487,0.14376843837432124,0.004197572302537506
milestone event,0.027491540321032404,0.03194282730664382,0.0008781575248683736
milestone payment,0.020729230021948302,0.06317572508311538,0.0013095841370512676
milestone payments,0.025972831835913132,0.07836783026144845,0.0020354344767259847
milestones,0.02160414955530406,0.11435360203666917,0.0024705123205879236
million,0.005187185676830007,0.03879333119129353,0.00020122821191200055
minimize,0.005923811919134318,0.0015065379572050627,8.924447507519618e-06
misappropriation,0.006029097980452392,0.11039215039433552,0.000665565091000285
misappropriation of,0.007356742126528927,0.11301409382113713,0.0008314155449054521
misconduct,0.00918578779920891,-0.0035566966013725154,-3.267106024637545e-05
misconduct of,0.01002988544904967,-0.024467126615323083,-0.00024540247721908487
modification,0.008875278396150151,0.07671011187892125,0.0006808235987252509
modification of,0.00854967168931364,0.05410322372444629,0.00046256480017750043
modification to,0.013399719539933146,0.0011327441969271276,1.517845454931031e-05
modifications,0.0072277598724167546,0.08179039971344383,0.0005911613689977562
modifications or,0.006658121164349814,0.06760271575325312,0.00045010707252425916
modifications to,0.006140182457047066,0.07841754349160873,0.00048149802487190127
modified,0.0032503089746093007,0.03274777050471707,0.00010644037236992763
modified by,0.006515648457526557,-0.024157587186561517,-0.00015740234568968286
modify,0.011023073218381904,0.09333818164106532,0.0010288736103000926
modify or,0.013132573075894122,0.049578895139005555,0.0006510984634350823
modify this,0.007356742126528927,-0.026096808816311108,-0.00019198749278692744
monetary,0.005386609618697299,0.049399082467047065,0.0002660935727718168
monitoring,0.005993388641282742,-0.0031229813250498264,-1.8717240800491757e-05
month,0.008874681468313304,0.07347944025312715,0.0006521066267164621
month and,0.006977342049417754,0.023928924090826875,0.00016696028825625184
month period,0.00498413484815129,0.17782532713539514,0.0008863054098594261
month the,0.0070960542288348435,0.009414513788001557,6.680590037777239e-05
monthly,0.003911055605711474,0.004354179237327522,1.7029437114422314e-05
months,0.006526480167660644,0.13035310648844795,0.0008507469642898116
months following,0.006609503751760677,0.03569217897122802,0.00023590759081884514
months of,0.005791467762223785,0.00785399315283858,4.548614814939098e-05
more,0.011425279774591473,0.1099813403598002,0.0012565675835952861
more of,0.004722796660365082,0.10057332428981319,0.0004749873600777441
more than,0.00986255095352191,0.13654388131424952,0.0013466709868534342
most,0.007964613185786194,0.06388257479888179,0.0005087999975851468
multiple,0.005466786724991373,0.15554131922340356,0.000850311219118148
multiplying,0.008556578580126829,0.08186217895304625,0.0007004601669521448
must,0.005016475999972158,0.0013686035641713309,6.865566933141837e-06
must be,0.0034507954241777983,-0.0071211437479689315,-2.4573610260403527e-05
mutual,0.007609307307292944,0.05211904194233018,0.00039658980670088045
mutual agreement,0.0051172066966813775,0.1265399692428543,0.0006475311780073896
mutual covenants,0.008227509543674946,0.0049097069610536444,4.039466087871618e-05
mutually,0.011201468482570812,0.1384000674303848,0.0015502839933071305
mutually acceptable,0.01257779905335983,0.018131019144938407,0.00022804831543765523
mutually agree,0.013724806842753769,0.11194837572678148,0.0015364698332101005
mutually agreed,0.009098034156108423,0.13215879308479966,0.0012023852135155729
name,0.009789155348851037,-0.03478071726928115,-0.0003404738444934592
name address,0.008106380888247012,0.01861462900338674,0.0001508972727948628
name and,0.008028464890720578,0.040205353557133686,0.0003227872694524555
name in,0.007824407676386914,0.0069175894402338485,5.412603991825878e-05
name of,0.009461267231957008,0.03262533739524048,0.00030867703562913033
name or,0.005550282432954849,0.09586223454862888,0.0005320624763990523
name the,0.007356742126528927,0.04772860693963195,0.00035112705331333125
named,0.010326750379659718,0.0851815671891929,0.0008796487813110076
names,0.014722935297701642,0.05622088512510392,0.0008277364540764217
names and,0.0057596950584364705,0.03371656635401038,0.00019419714061663895
names of,0.012575917971474929,0.018632760247220746,0.00023432406445120701
national,0.008397201253077859,-0.021544180181234968,-0.00018091081681440144
nationally,0.005958300365683749,-0.00627278171294,-3.7375117574064736e-05
nations,0.011532744409268832,0.028689686546721393,0.00033087082212537633
nations convention,0.007356742126528927,0.0009992965222901005,7.351566822425435e-06
natural,0.0052110619909154976,-0.00020014039067793078,-1.0429439827087435e-06
natural person,0.008106380888247012,-0.013630516096316962,-0.00011049415518012709
nearly,0.0077385425905899365,-0.005123248336844679,-3.964647545684161e-05
necessary,0.010943425403793963,8.583495536666416e-05,9.393284310930735e-07
necessary and,0.01052763215173791,0.024843401515075223,0.00026154219254864025
necessary corporate,0.007035825129555003,0.01129075003595852,7.943974283452101e-05
necessary for,0.012272952909559908,0.05621183530103696,0.000689885207609564
necessary in,0.010986705956897746,-0.023900888092359754,-0.00026259202957947534
necessary or,0.009871932752267425,0.042367795404602025,0.00041825202709605606
necessary to,0.010576750773320326,0.0738383767191803,0.0007809701080653078
need,0.01004365610996742,0.04580546860401876,0.00046005437461467386
need for,0.011912687481018865,0.050222342320715915,0.0005982830686314364
need to,0.00953303170836246,0.06476993520567632,0.0006174538460642944
needed,0.014194573623227826,0.060849892600097356,0.000863738280477588
negligence,0.008234613662093803,0.030174861802657785,0.0002484783292519583
negligence or,0.009425836039891859,-0.018569867790508874,-0.00017503652907580554
negotiate,0.009907513984123524,0.08289977871038948,0.0008213307168539293
negotiate in,0.010691190509362253,0.009823673348737285,0.00010502676327309498
negotiate with,0.008318948361898223,0.07341521253412231,0.0006107373620491466
negotiated,0.00986046394700813,0.0052705416883270404,5.196998629895214e-05
negotiation,0.010113941633292762,0.031043008655201827,0.0003139671776605133
negotiation of,0.016067360140190487,0.0026977876155669257,4.334632520105956e-05
negotiations,0.00871310385508142,0.06221918084775951,0.0005421221845046215
neither,0.011327619563400825,0.09366095657056557,0.0010609556839755736
neither it,0.013247873796826097,0.040069002515756236,0.000530829088493446
neither party,0.011536291611239436,0.13972851560585217,0.001611948902434731
net,0.01713597920351633,0.17070741579429946,0.002925238726937131
net sales,0.03249548640997274,0.17823950158936858,0.0057919793016176415
neuter,0.007824407676386914,-0.024361403132207065,-0.00019061354967519716
neutral,0.008556578580126829,-0.02368989231045128,-0.0002027044251091187
never,0.0068652284858365525,0.016737158369632413,0.00011490441641115811
new,0.00904893057910678,0.015425432587172948,0.0001395836686340195
new drug,0.014487546898181363,0.048876815958147975,0.000708105163427448
new or,0.017899384897420264,0.012217448533078162,0.00021868481375798861
new york,0.007005705533219557,-0.041309312692838204,-0.00028940088050571347
next,0.004268831413714691,0.10082855792618543,0.0004304201154748518
ninety,0.01463474066540914,0.19910777281211403,0.0029138906195724894
ninety 90,0.015666589517998503,0.1897543732516128,0.0029728038749780926
no,0.010765163488375341,-0.068004631962242,-0.0007320809810403303
no additional,0.005728414974598702,0.06298748936170333,0.0003608184772719578
no amendment,0.00656203038512981,-0.01819242411586705,-0.0001193792398274879
no authority,0.006977342049417754,-0.0003579864992455634,-2.4977942543099266e-06
no cost,0.006759018437786806,0.07069444230896425,0.00047782503901534507
no event,0.010719950861584721,0.08633449375987312,0.0009255015307656325
no later,0.013536300649451069,0.11772644000503112,0.001593580486297665
no less,0.011315189085239269,0.2116163302218073,0.0023944787899841825
no longer,0.00498413484815129,0.026738242158328044,0.00013326700451963077
no material,0.0076561831963671955,0.0037452886160009875,2.867461576737211e-05
no more,0.00975201144907676,0.13870608323188746,0.0013526633117339605
no obligation,0.009717952047065109,0.08042462815681396,0.0007815626798309605
no other,0.008060843964940764,0.03255178516491931,0.0002623948609946881
no provision,0.007288344898710119,0.0675216525888739,0.000492121092198596
no third,0.005823748850792255,0.01911212492484557,0.00011130421556726741
no waiver,0.0045773264628167385,0.00475548780552851,2.176742017584795e-05
no way,0.005697612467989664,-0.017155762917716713,-9.774688869785747e-05
non,0.01127105125762247,0.07962842498454709,0.0008974960595645758
non breaching,0.005578900288572575,0.07725634696481577,0.0004310054563760737
non compliance,0.0068652284858365525,0.05557967866660194,0.0003815671932155978
non confidential,0.0076561831963671955,0.03388900340785082,0.0002594604184328181
non disclosure,0.012290637994374935,0.06278438556059929,0.0007716601546245866
non exclusive,0.01081409606108741,0.21422127566667476,0.0023166094533881077
non performance,0.006759018437786806,-0.00045298458205366625,-3.0617311421338807e-06
non use,0.011912687481018865,0.07261606769009689,0.0008650525204926357
none,0.005027524154696555,0.01633928799724871,8.21461650767114e-05
none of,0.005259679403504634,-0.00593597389706438,-3.1221319646130655e-05
noninfringement,0.007914090218371736,-0.006655484564569877,-5.2672105290986535e-05
nor,0.009942628083044318,0.05636941708212368,0.000560460149305561
nor any,0.011720189599428834,0.07398284732291933,0.0008670929977302105
nor its,0.007824407676386914,0.01281577875898624,0.00010027587770068829
nor the,0.010664289044768495,-0.009780890672992522,-0.0001043062452520725
nor will,0.006298500902468313,0.03349559113691707,0.00021097201100458182
normal,0.007732683479701771,0.015900897775153473,0.0001229566095383559
normal business,0.00793312939836295,0.04870935482675364,0.0003864176147514116
normally,0.014642735767148835,0.002116077853293756,3.0985168868496005e-05
not affect,0.006981900790514849,0.00554318785250396,3.870198764936971e-05
not agree,0.0074275397412975714,0.039949088105072555,0.0002967234395290245
not already,0.013102491568900407,0.02376538818085595,0.00031138579827131045
not and,0.008126537657924197,0.08002139492151383,0.0006502968792693063
not apply,0.012082819270988875,0.06280056503772588,0.0007588078774668245
not available,0.01222823167156043,-0.02178763196515612,-0.00026642421124462446
not aware,0.008106380888247012,0.016206546592293914,0.00013137643956025614
not be,0.009904387104949388,-0.013658964617486169,-0.00013528367302438997
not been,0.010483053175342828,0.011937163840308362,0.00012513792330073217
not being,0.007356742126528927,0.016890598811965637,0.00012425977982228706
not conflict,0.006382576608996469,0.039751092941101636,0.00025371439598791996
not constitute,0.009425836039891859,0.029541028284544184,0.0002784488890599213
not directly,0.005578900288572575,0.09004189105203249,0.0005023347319738044
not disclose,0.004920751887054668,0.038517881358190405,0.00018953693737866324
not dismissed,0.006257741435522016,0.05422924861104405,0.0003393526160505551
not engage,0.012340240616199498,0.0190408324873919,0.00023496845442716447
not exceed,0.009991208322637567,0.06631220536320975,0.0006625390581173528
not expressly,0.0067079391274018334,0.030599952773600753,0.00020526262050668474
not for,0.006470308909173226,0.026396993717485405,0.0001707967036256355
not grant,0.00715813681928165,0.02293178242250916,0.0001641488360903186
not have,0.009302933526162826,0.09714341316186226,0.0009037187151493756
not in,0.003741822615301676,0.05457789220953754,0.00020422079136514474
not include,0.01238469649312008,0.09857682518308092,0.0012208440611478134
not intended,0.005697612467989664,0.007216690971818981,4.111790845866427e-05
not less,0.007720511740534431,0.06284537752276458,0.00048519847500282256
not limited,0.0074121079910758544,0.09254493615809495,0.0006859530608310203
not modify,0.0076561831963671955,0.08764972327526191,0.0006710623385062949
not more,0.005958300365683749,0.054547344759313145,0.00032500946422649304
not otherwise,0.0055220648402078635,-0.0010538094030581708,-5.819203852907962e-06
not paid,0.007356742126528927,0.01292786623194071,9.5106978114649e-05
not preclude,0.0074275397412975714,0.03221808026823227,0.0002393010715806103
not previously,0.017392136333688878,0.04881827016631027,0.0008490540103073246
not provide,0.011190862642193971,0.02979708597446806,0.00033345509627791655
not reasonably,0.006298500902468313,0.0031777262465100624,2.0014911631440874e-05
not release,0.007356742126528927,0.005639697503651009,4.1489800205989404e-05
not relieve,0.008823094917641671,0.04602633782911519,0.0004060947473777248
not require,0.010396232615272878,0.050330194018796216,0.0005232444045912212
not so,0.01171743623961945,-0.04082485281284867,-0.0004783626098264031
not specifically,0.0074275397412975714,0.022680693135486957,0.0001684617496240044
not subject,0.01002988544904967,0.054017329504203716,0.0005417876271907343
not such,0.007035825129555003,0.022508615699991144,0.00015836668397349395
not take,0.0062177891400181096,0.049555077739778235,0.00030812302420314626
not terminate,0.0076561831963671955,0.04406685444104692,0.0003373839104883025
not the,0.010758237129639699,0.029069920599477484,0.0003127410991489766
not to,0.009379942258454716,0.07680605958700286,0.0007204364040255192
not unreasonably,0.006029097980452392,0.10219109414929017,0.0006161201193557056
not use,0.004095794707219461,0.08598907301645793,0.00035219359013951613
not yet,0.006920506601053043,0.019568350872633904,0.000135422901385785
noted,0.006609503751760677,-0.005007811109693937,-3.309914631763088e-05
nothing,0.00630130630978416,0.09083010323604372,0.0005723483026396289
nothing in,0.008129136888326087,0.07862228704948526,0.000639131333898533
notice,0.010826118173195096,-0.019746251143275998,-0.00021377524835469473
notice by,0.01026970086267994,-0.034918856487157486,-0.0003586062105899582
notice from,0.004612722546028404,0.004044824024628052,1.865765097311916e-05
notice if,0.005791467762223785,0.04721034847722197,0.0002734172112491818
notice of,0.008658931745751608,0.14285513036495115,0.00123697282336056
notice or,0.007871019200860724,-0.01886713956668759,-0.0001485036177947171
notice provided,0.0077385425905899365,0.04912927586540714,0.0003801889937292954
notice required,0.011813667018774022,0.017329252645048338,0.00020472202043281002
notice the,0.005993388641282742,0.0031201540431640726,1.8700295801351973e-05
notice thereof,0.005140264376146855,0.05570114195333765,0.00028631859569344057
notice to,0.010182230249860202,0.09495931136038226,0.0009668975726395778
notices,0.006306551055388614,-0.014789225092324214,-9.326900311437705e-05
notification,0.009119630160335684,0.0672929543006716,0.0006136868556184957
notification of,0.010664289044768495,-0.0012077054386538735,-1.2879319878743834e-05
notifies,0.005386609618697299,0.08732325958829265,0.0004703763100342983
notify,0.010839424778290417,0.061073678565273154,0.0006620035447417661
notify the,0.011634116032653087,0.032662090924001755,0.0003799945556789017
notwithstanding,0.011298602915035818,0.12890202853124225,0.0014564128353171239
notwithstanding any,0.011742362480548616,0.07408228431436592,0.0008699010358063456
notwithstanding anything,0.008958622063074113,0.11641170158219766,0.0010428884381942756
notwithstanding section,0.012575917971474929,0.04499899946264728,0.0005659037260406966
notwithstanding the,0.01163226538460536,0.11417228793950958,0.0013280823528799533
november,0.005259679403504634,-0.021425480165124577,-0.00011269115673470281
now,0.004649902678182369,0.02113996567798146,9.829878302272934e-05
now therefore,0.00316141684399339,-0.023482863219629693,-7.423911932773017e-05
null,0.005637383368709824,0.042440997589034295,0.00023925617395987567
null and,0.005791467762223785,0.038178311102550405,0.00022110845796657108
number,0.008613212694512663,0.09568918328990393,0.0008241912882401496
number of,0.009176491760982912,0.11831501411217897,0.0010857167522009873
ny,0.0062177891400181096,0.024516767856535036,0.00015244009292670862
objection,0.005993388641282742,-0.04096863168516133,-0.00024554093179074215
objection to,0.008318948361898223,-0.03341376476052004,-0.0002779673836193808
objective,0.01489186660568811,0.030687163909202505,0.00045698915144273014
objectives,0.006340100829744757,0.020644289457393713,0.0001308868767183128
objects,0.007824407676386914,0.010518489871717971,8.23009528962681e-05
obligated,0.008481045631382857,0.10966463058047005,0.0009300707361017104
obligated to,0.00886487647536082,0.11122888370579155,0.000986030314544116
obligation,0.008956802407588036,0.06706477614006091,0.0006006859483956503
obligation of,0.0038859928611340772,0.05876752941630577,0.00022837019977825108
obligation to,0.010413837211170089,0.09427126767795385,0.0009817256352888518
obligation under,0.005791467762223785,-0.005179886353580716,-2.9999144828745627e-05
obligations,0.010879715662119802,0.001736508242967359,1.8892715928412113e-05
obligations and,0.00833155718380164,0.06906605104095226,0.0005754277537070566
obligations as,0.006470308909173226,0.0015014417285458843,9.714791792814884e-06
obligations for,0.008106380888247012,0.04521609572638407,0.0003665388942375072
obligations hereunder,0.005676848339302737,0.04721759126381738,0.00026804710455187713
obligations in,0.0057596950584364705,0.043394131252778044,0.0002499369633417693
obligations of,0.006689695342703984,0.09749943994033235,0.0006522415492850881
obligations on,0.012340240616199498,0.0016673042056142636,2.0574935077681376e-05
obligations or,0.008664184090828546,0.033755771639427654,0.0002924662196119705
obligations that,0.008007945512605858,0.051434993067246186,0.0004118886219237675
obligations the,0.00715813681928165,0.006580136220774155,4.710151535781229e-05
obligations to,0.009991208322637567,0.04606351106386244,0.00046023013511117003
obligations under,0.010472958851537734,0.05904760205070332,0.000618403106558991
obliged,0.007356742126528927,-0.01926223773456168,-0.00014170731579306504
obliged to,0.007500912372361329,-0.01582546188412479,-0.00011870540284496425
obtain,0.012854114043362065,0.027049840064659075,0.00034770172904583207
obtain all,0.012575917971474929,0.07752913712396138,0.00097500006887017
obtain and,0.013045362335291988,-0.0413530399134332,-0.0005394653893365277
obtain any,0.006382576608996469,0.04882417967653594,0.00031162406715689906
obtain from,0.01938170379705285,0.014858097428458943,0.0002879752433461439
obtain such,0.015888236990140962,0.04996649932954168,0.0007938795829154778
obtain the,0.005578900288572575,0.020407131038935086,0.0001138493492420533
obtained,0.010531599358655877,0.04565045152229571,0.00048077226597456065
obtained by,0.0055220648402078635,-0.010121824314006366,-5.589337016313563e-05
obtained from,0.01111048324533123,0.05033486940312144,0.0005592447231593164
obtained in,0.0070960542288348435,0.04009191397125476,0.00028449439567780507
obtaining,0.01570005492622846,0.11965530595512118,0.0018785948757100738
obtaining and,0.012340240616199498,0.01193436723610037,0.00014727296329556633
obtaining the,0.0067079391274018334,0.02411188305805598,0.00016174104380047108
obtains,0.00986046394700813,0.049039018984869884,0.0004835474786969567
occur,0.007548241621159619,0.052743325320046934,0.00039811936341914027
occurrence,0.008001211666850208,0.06286963532619708,0.0005030332596625861
occurrence of,0.009390698886004805,0.06626871168279602,0.0006223095169766062
occurring,0.013673819921606649,0.018614984299262637,0.0002545379431516524
occurs,0.010758237129639699,0.014258650004336595,0.0001533979378951912
of 1934,0.03220993704315528,-0.054016003304655544,-0.0017398520657658225
of access,0.014487546898181363,0.00036346667337746263,5.265740476481958e-06
of accounts,0.0077385425905899365,0.02776440992296022,0.00021485606869142552
of activities,0.008318948361898223,0.013013432594302328,0.00010825807376304429
of actual,0.006977342049417754,0.010395379159513994,7.253211612931797e-05
of agreement,0.00498413484815129,-0.06184188863769248,-0.0003082283122346144
of all,0.011750770987659828,0.10113634473399717,0.0011884300254982167
of an,0.011490643502392324,0.1079430706768987,0.0012403353437017814
of and,0.0057422276891595835,0.015549598160567779,8.928933311291723e-05
of another,0.005923811919134318,-0.04005039933538783,-0.00023725103294905961
of any,0.012317125966835058,-0.06635231199668948,-0.0008172697850539653
of arbitration,0.013771157604846948,0.023192858809437885,0.00031939251397173203
of at,0.005334875374044817,0.08618707968020095,0.0004597973289467425
of bank,0.00897549618816888,-0.013898292222774809,-0.00012474406886757246
of bankruptcy,0.012340240616199498,0.04843117739219685,0.0005976523823455505
of both,0.01015565628346447,0.0543586730023373,0.0005520479990369772
of breach,0.008159864427185609,0.0016712014684467547,1.3636777413039027e-05
of business,0.00719996052115259,-0.017881489637903855,-0.00012874601945230688
of capital,0.012700148634890796,-0.003162124462184529,-4.015945067176764e-05
of certain,0.00516358862428463,0.05623456563738499,0.0002903721634167885
of change,0.01257779905335983,0.0906359256440197,0.001140000459765743
of claim,0.00617861266647852,0.10751144053910952,0.0006642715483062943
of clinical,0.021061389889911707,0.04474849750973111,0.00094246555304019
of common,0.00656203038512981,-0.011177976249059104,-7.335021979058518e-05
of competent,0.009556408606602835,0.06449479222271025,0.0006163385874781698
of confidential,0.004839224633488535,0.08317385646128615,0.00040249697504969546
of confidentiality,0.004630656219607212,0.08760046766867916,0.0004056476504504696
of costs,0.017458247261075057,0.029794985545264184,0.0005201682247893794
of counterparts,0.005923811919134318,-0.05714142221656411,-0.000338495038002769
of court,0.0076561831963671955,0.04468294620731363,0.00034210082191661395
of creditors,0.004900059141623133,0.03905472075008283,0.00019137044143498205
of customer,0.006811424630819635,0.04116723826501272,0.0002804075407011282
of data,0.019270348933637705,0.005227981491786972,0.00010074502756533472
of days,0.0068652284858365525,0.04444190118474473,0.0003051038059782428
of dealing,0.006920506601053043,0.009952965059415612,6.887956039373604e-05
of december,0.0062177891400181096,-0.06337750432501697,-0.0003940679581135413
of delaware,0.005550282432954849,-0.036287120162949243,-0.00020140376558293888
of determining,0.015901299533088626,0.05886872720517583,0.0009360892644211841
of development,0.007356742126528927,0.0007453682190379238,5.483481776772135e-06
of directors,0.005386609618697299,0.009808754296637405,5.28359302417055e-05
of disclosure,0.005094409561542902,0.06303385522084769,0.0003211202747379974
of dispute,0.006977342049417754,-0.0027223377383969382,-1.8994681574833784e-05
of documents,0.007500912372361329,-0.010238795531228483,-7.680030807826961e-05
of doubt,0.013184912297812853,0.050546691408178746,0.0006664536931614472
of each,0.010777900220993663,0.07029698573385247,0.0007576538980760769
of either,0.010478732465397968,0.09684285103773704,0.0010147903272108344
of expiration,0.015888236990140962,0.044341519949581264,0.0007045085774620105
of federal,0.007288344898710119,-0.014377986516364854,-0.00010479172468027066
of first,0.00617861266647852,0.1857938241615735,0.001147948075318181
of foreign,0.007824407676386914,-0.016214108907055033,-0.00012686579819813483
of god,0.004314513176468528,0.0577049026397346,0.00024896856278596845
of good,0.0070960542288348435,0.03684759598805172,0.00026147253933341225
of goods,0.00991600934571192,0.051981357437208116,0.0005154476261501475
of government,0.0068652284858365525,0.058849737587386576,0.0004040168948689324
of gross,0.012340240616199498,0.05029429183590734,0.0006206436628764546
of health,0.013102491568900407,0.050001985962111806,0.0006551505994968464
of information,0.0054942364680646396,0.012677159998148604,6.965131477331832e-05
of intellectual,0.00991600934571192,0.0943278238389427,0.0009353555827476235
of interest,0.00975201144907676,0.0188430679700035,0.0001837578145792057
of inventions,0.008434266890400183,0.04458149228296969,0.00037601220428688255
of invoice,0.007356742126528927,-0.02649024972174688,-0.00019488193607024648
of its,0.011567859725876208,-0.03124511553018778,-0.0003614391135720084
of itself,0.006609503751760677,0.03157061876716539,0.0002086661231869857
of joint,0.01888534886149456,-0.04330036138644983,-0.0008177424306118934
of june,0.007035825129555003,0.04352047712407404,0.00030620246659978376
of law,0.0055968454612338936,-0.009084335394546355,-5.0843621321293176e-05
of liability,0.006394866026154621,0.06778931040290935,0.00043350355803201503
of license,0.006298500902468313,0.04338672468545887,0.00027327132458650693
of marketing,0.013972814894945744,0.040656575089807606,0.0005680867979923438
of material,0.005094409561542902,0.018844830064395635,9.600328246570826e-05
of materials,0.017939751193650363,0.06645001175405311,0.001192096677682855
of may,0.006977342049417754,-0.0060730827410321745,-4.237397557859702e-05
of merchantability,0.004799664052381227,0.04156391970534889,0.0001994928512858228
of more,0.0057596950584364705,-0.01453703775530535,-8.372890452353663e-05
of net,0.01489186660568811,0.13026769619022635,0.001939929154695156
of new,0.004283944031145198,0.00316632283636538,1.3564349815526202e-05
of non,0.005360576676941627,0.06435293527755201,0.00034496884394157935
of november,0.007356742126528927,-0.02002654780428803,-0.00014733014788075114
of obtaining,0.01867871359862398,0.01771265604672164,0.0003308496293676488
of of,0.011532744409268832,0.10359687712899511,0.0011947563055271285
of on,0.008825981502142751,-0.006213966621217491,-5.4844354453798065e-05
of one,0.0039492433387297585,0.010033419652981213,3.9624415729216296e-05
of or,0.008259026732589958,0.042690906901799136,0.00035258534134046825
of origin,0.007824407676386914,0.042350317745820855,0.0003313661512678256
of other,0.0052844346219792565,0.0886891624633845,0.00046867208071585213
of party,0.012586213531836572,0.09086629934198576,0.0011436626463660138
of patent,0.007577054427323699,0.06760464879683896,0.0005122441034737524
of patents,0.008434266890400183,0.03485992733572762,0.0002940179309294837
of payment,0.005360576676941627,0.06683927618239913,0.0003582970650070287
of performance,0.005637383368709824,0.06944245212593023,0.0003914737246971472
of performing,0.006257741435522016,0.008891502606968396,5.564072428767816e-05
of personal,0.007035825129555003,0.05043081646288292,0.0003548224057735278
of pharmaceutical,0.008007945512605858,0.05447982492931412,0.0004362714695702538
of pocket,0.012266183895464694,0.0708941043532746,0.0008696001211015304
of product,0.02107625714662542,0.0918967552952632,0.0019368396455434786
of products,0.01620046235119217,0.14977891386590805,0.0024264876550870985
of providing,0.006140182457047066,0.05903600761262032,0.00036249185827710834
of public,0.006298500902468313,0.04001809942548191,0.00025205403534646445
of quality,0.007288344898710119,0.06034468904015176,0.00043981290653003846
of receipt,0.010172855384291753,0.07694544473558158,0.0007827548817750846
of reference,0.02095986051875202,-0.014139051754821146,-0.00029635255264846724
of regulatory,0.02279705115651569,0.04587701707509259,0.0010458607051692297
of related,0.007288344898710119,0.07905258442110777,0.0005761625003954319
of request,0.008106380888247012,0.024914710184818015,0.00020196813047842195
of rights,0.011893612883204566,0.1134213462141491,0.0013489895845630092
of royalties,0.008318948361898223,0.046963749104127296,0.0003906890036783789
of rule,0.0076561831963671955,-0.035772188569008455,-0.00027387842901932123
of said,0.0056672731745598705,0.08298577688064863,0.0004703030671857107
of section,0.012671300672493075,0.10906986451619592,0.001382057047592802
of sections,0.016443192857970478,0.08456229209679894,0.0013904740774596978
of securities,0.006425965915541734,-0.0039649822512404145,-2.5478840802198836e-05
of shares,0.0068652284858365525,-0.07824905036852275,-0.0005371976095796416
of similar,0.005386609618697299,0.005837035861503292,3.144183351625471e-05
of specific,0.00715813681928165,0.01382687659038979,9.897467441733267e-05
of study,0.01783802701800501,0.03473003661650055,0.0006195153315014402
of such,0.013786741261915151,0.04313944278992988,0.0005947523359279543
of technical,0.007914090218371736,0.00609770117451768,4.825775721980422e-05
of termination,0.013331830902401358,0.10934987035343717,0.0014578339807515357
of that,0.004361253297591291,0.04045740683633331,0.00017644499897695107
of their,0.010131525137643396,0.03878284873550817,0.0003929294068732224
of third,0.009496997424957538,0.10880070009520734,0.0010332799686377616
of this,0.01182479082783851,-0.12566366207842344,-0.0014859465187375394
of three,0.010240339161176847,0.13167200183331482,0.0013483659568042433
of time,0.012189240999579937,0.05801679424878943,0.0007071806871215376
of twelve,0.007035825129555003,0.13209812886961025,0.0009294193346679991
of value,0.011190862642193971,0.032217572239259286,0.0003605424255945123
of voting,0.01632918774806094,0.04790188469234559,0.0007821988686272775
of war,0.0076561831963671955,0.05751139034397566,0.00044031774035126106
of whether,0.009032729198202664,0.0381056582026568,0.00034419809146386896
of which,0.008138415620935539,-0.015198478844086686,-0.00012369153763917338
of whom,0.007914090218371736,-0.002800339444896812,-2.2162139008978396e-05
offer,0.00807750206858638,0.1720219925535939,0.0013895080006940056
offer for,0.01052763215173791,0.08658257311785784,0.0009115094805357588
offered,0.004508344529880566,0.1252154906225132,0.0005645145722043187
offering,0.004900059141623133,0.08615516168900805,0.00042216538763224304
offering for,0.0076561831963671955,0.009692905465421585,7.42106599483365e-05
office,0.008103240766353017,-0.05384078957154616,-0.0004362848809487872
office or,0.007914090218371736,0.01836072510129211,0.0001453084349263483
officer,0.007096938340199534,-0.00970202635112065,-6.885468278889433e-05
officer employee,0.0076561831963671955,-0.007906560668201862,-6.053407692894488e-05
officers,0.007751877890041733,0.0130105278039784,0.00010085602282143338
officers and,0.011031951815380848,-0.057067692944087,-0.0006295680387741173
officers directors,0.004393026001378605,0.1289460708440889,0.0005664634419936903
officers or,0.0070960542288348435,-0.06288309620675366,-0.0004462218607601626
offices,0.01103802783064938,-0.039721831050452995,-0.0004384506766192529
official,0.01693556823952289,0.00639169005620953,0.00010824690311281639
official or,0.007914090218371736,0.01037092491438198,8.207643542037816e-05
offset,0.0068652284858365525,0.023109665256397762,0.0001586531322163692
often,0.007824407676386914,0.03315094680201168,0.0002593865226371544
omission,0.0076911899574581616,0.0031958479715451997,2.4579873824311476e-05
omission of,0.0062177891400181096,-0.0076120265507017785,-4.732997602048303e-05
omission to,0.008434266890400183,-0.009154182720388216,-7.720882022724381e-05
omissions,0.004594946880437563,0.07688802110759912,0.0003532963727313801
omissions or,0.008007945512605858,0.044607888057223474,0.00035721753699466716
omit,0.0070960542288348435,-0.042000724850876775,-0.00029803942119219283
omit to,0.007356742126528927,-0.03651198539483737,-0.000268609261077409
omitted,0.02571664356269738,0.11234705930358865,0.0028891892794276138
omitted and,0.037097794421326775,0.05832828142722768,0.0021638505933365853
on account,0.011830682013507664,-0.03517199567946737,-0.00041610869666424387
on an,0.010369767748248208,0.11014814711294911,0.0011422107034611587
on any,0.009556408606602835,0.070616140620374,0.0006748366939896181
on behalf,0.011653574438725122,0.042269239615272236,0.0004925877303248839
on contracts,0.007288344898710119,0.00880130735427738,6.414696355752739e-05
on exhibit,0.01575813887912288,0.11766179229522876,0.0018541308637547251
on its,0.004123623079362684,0.04154446543509259,0.0001713137164879331
on january,0.0076561831963671955,-0.04033783576084909,-0.00030883386033003253
on march,0.013399719539933146,-0.025258893694368838,-0.00033846209139352826
on need,0.007914090218371736,0.0364224822341777,0.00028825081037832406
on non,0.006977342049417754,0.027202708788034873,0.00018980260388482158
on one,0.007914090218371736,-0.020113351012231714,-0.00015917887450458027
on or,0.007457949109248277,0.031481541692333664,0.00023478773582210236
on product,0.01910931522088669,0.020030549955912975,0.000382770093155259
on quarterly,0.015022153892912128,0.017279521537680635,0.0002595756317349281
on reasonable,0.012340240616199498,0.01327434990087265,0.00016380867180039246
on site,0.011273179077245387,0.023544941291806766,0.000265426339545767
on such,0.011298796263792567,0.11157129747744021,0.0012606213590845906
on termination,0.013558630366746273,0.020230736551435577,0.00027430107894793815
on terms,0.00656203038512981,0.011784650779168597,7.733123649104803e-05
on the,0.011000343818304992,-0.01743600741591643,-0.00019180207639359631
on which,0.010989575814637696,0.06200440460932671,0.0006814021052956669
once,0.012570351668633233,0.07034435556012374,0.0008842532872941309
once the,0.006811424630819635,0.0034918437917311994,2.378443080997252e-05
oncology,0.015767487264485448,0.0064390866693305555,0.00010152821705358755
one,0.011236288920098435,-0.021808413088247314,-0.00024504563034840303
one and,0.00358569308730611,-0.02726160606849295,-9.775175242865747e-05
one another,0.020162619028608764,0.04343054649671731,0.0008756735632175901
one copy,0.006470308909173226,0.08928600870583428,0.0005777080575938778
one hundred,0.013312898299870866,0.15852041217468515,0.002110366125735195
one month,0.011273179077245387,-0.034688108579907416,-0.00039104525987222847
one of,0.01364841271243353,0.013394724423851834,0.00018281672710604324
one or,0.01320824101786033,0.12394348552157486,0.001637075429362643
one party,0.008126537657924197,0.07687798836983968,0.0006247518675529607
one year,0.0042389416078646444,0.07534034103860866,0.00031936330637927045
ongoing,0.011957079541391748,0.08234095642135167,0.0009845573654443736
only,0.008563739142667934,0.014980043413357421,0.00012828518413783392
only after,0.013558630366746273,-0.01031256259149232,-0.0001398242243119794
only and,0.003824665191180024,0.007802678472592106,2.9842632752092743e-05
only as,0.006515648457526557,0.059176229562568426,0.00038557150887158644
only for,0.005309497366556654,0.01872370185703476,9.9413445702118e-05
only those,0.0076561831963671955,0.00170901930074658,1.308456485264318e-05
only to,0.0072277598724167546,0.1026316377290239,0.0007417968328182523
open,0.014615486889319506,0.04880659279830065,0.000713332117155919
open for,0.0074275397412975714,0.004988575764617961,3.7052844744173826e-05
operated,0.008823094917641671,0.08006399832784838,0.0007064122567325104
operated by,0.01080664159023023,0.012199390077430785,0.0001318344361862055
operating,0.004054758885914354,-0.02321544870156151,-9.41330469131454e-05
operation,0.0032503089746093007,0.0455053327924815,0.00014790639156798553
operation and,0.0062177891400181096,0.022352689055029844,0.00013898430725656623
opinion,0.008193519544287348,0.02085869110610211,0.0001709060932461003
opinion of,0.010208150246922627,-0.035289885704759154,-0.00036024445547090845
opportunity,0.012570351668633233,0.09763670970356521,0.0012273277767420694
opportunity to,0.013231441654652464,0.10416992853214514,0.0013783183315423954
option,0.0036400771076737807,0.09785035873648698,0.0003561828508143534
or above,0.017012150548699492,0.014993645989999426,0.0002550741628557747
or access,0.008007945512605858,0.08901139471607088,0.0007127983988873486
or action,0.005360576676941627,0.007611415258956612,4.0801575115680425e-05
or activities,0.015901299533088626,0.012317848323848623,0.0001958697958006706
or additional,0.0068652284858365525,-0.002069834921376073,-1.4209889663210278e-05
or administrative,0.00949505074299284,0.012821554701355311,0.0001217413124934271
or advisable,0.008556578580126829,-0.021816770269932232,-0.00018667690917924997
or affiliates,0.0070960542288348435,0.05798780162899475,0.0004114845849702642
or after,0.007633290829760132,0.02095687638719807,0.00015996993234681568
or against,0.012087366828615763,0.054521176528715354,0.0006590174606302983
or agent,0.012290637994374935,0.02684942450033004,0.00032999655689085764
or agents,0.005071867148328047,0.033387704203259955,0.0001693380001066084
or all,0.004819347379172931,0.06299618073454115,0.0003036004785209152
or an,0.011984978719736345,0.0730256830432997,0.0008752112572681583
or any,0.01104617912374156,-0.012042954540660586,-0.0001330286330352136
or appropriate,0.005889903137864939,0.013426567671245497,7.90811830576248e-05
or approval,0.010664289044768495,0.08483950893004133,0.0009047530456461787
or approved,0.0076561831963671955,0.0878913057273985,0.0006729119380168803
or are,0.009302550985233277,0.08225230660499976,0.00076515627584605
or arrangement,0.006920506601053043,-0.007324787719323037,-5.0691241762887345e-05
or as,0.01173657072605031,0.07862299864633043,0.000922764384306815
or assets,0.00986046394700813,0.016585637822890645,0.00016354208379074762
or assign,0.00715813681928165,-0.007298728107466041,-5.224529439997855e-05
or at,0.004123623079362684,0.03881971383508812,0.00016007786790462426
or authority,0.005334875374044817,0.03585890142968612,0.00019130277017753296
or authorize,0.007288344898710119,0.052834616589311656,0.00038507690829401464
or becomes,0.0052844346219792565,-0.0023080813445618053,-1.2196904967546838e-05
or before,0.0046854340186417605,-0.009076478302004455,-4.2527240205675474e-05
or by,0.01045076116942389,-0.0008514913152429463,-8.89873237344266e-06
or cause,0.011061254940156367,-0.012863979449140304,-0.00014229175623187317
or caused,0.007500912372361329,-0.010333711375934878,-7.751226351216093e-05
or changes,0.013399719539933146,0.017118156263575025,0.00022937849297265524
or charges,0.0076561831963671955,0.01293304853415902,9.901778886502967e-05
or circumstance,0.0070960542288348435,-0.01605290682448694,-0.00011391229735699226
or claim,0.004542540687404734,0.08280942156382802,0.00037616516675413977
or claims,0.006298500902468313,0.03180351302057797,0.00020031445546177308
or combination,0.008209866391664815,0.0677294931590078,0.0005560500896106301
or commercialization,0.03113787999843946,0.0443718251624197,0.0013816445672191612
or conduct,0.013725295945480455,0.016617789903169918,0.0002280840843808241
or consequential,0.005005712861255362,0.014757188832335016,7.387024993399339e-05
or constitute,0.00617861266647852,-0.04506878614367773,-0.0002784625729301388
or consultant,0.014487546898181363,0.022994315006061514,0.00033313121704187164
or contractors,0.01977185308723511,0.04909058532279556,0.000970611840968694
or control,0.00874271552077893,0.08980210132015852,0.000785114225010312
or controlled,0.019147318175177508,0.14574689824930262,0.002790662233824619
or controls,0.012963044992779548,0.0995644598033977,0.0012906585721132351
or covenants,0.012340240616199498,0.031986236019148254,0.00039471784888283663
or create,0.005728414974598702,0.06051212028629851,0.0003466385359927503
or data,0.006298500902468313,0.003639109244156711,2.2920932858501824e-05
or death,0.018466440547210878,0.04406687691508472,0.0008137583626536715
or decision,0.016420398101214668,0.05005149714601491,0.0008218655086993746
or default,0.005466786724991373,-0.007253797384744192,-3.965496324869669e-05
or defending,0.007356742126528927,0.01436191505322319,0.00010565690548967698
or defense,0.0168055728597393,0.04814777897319297,0.0008091510075686183
or delay,0.0078100181735132855,0.009045628389181373,7.064652211035423e-05
or delayed,0.016251201828509067,0.05030539505976265,0.0008175231281790857
or delays,0.007824407676386914,0.01027770042382699,8.041691809179693e-05
or desirable,0.011813667018774022,0.03461083877101417,0.0004088809244812353
or destroy,0.006977342049417754,0.034723761231405734,0.00024227955935382923
or disclosure,0.010147689079987877,0.040871959850996044,0.0004147559406576555
or distributed,0.007824407676386914,0.014080556006007511,0.00011017201050120104
or distributor,0.015587526175657836,0.0800054560394934,0.0012470871402110457
or during,0.01574150688086015,0.00798837253135306,0.0001257490211691684
or either,0.007577054427323699,0.01479981599869382,0.00011213901133647911
or employees,0.012652739111361474,-0.006081596304996975,-7.694885142774663e-05
or enforce,0.0077385425905899365,0.06304712641689085,0.00048789287299141773
or enforceability,0.005889903137864939,0.01874102314641699,0.00011038281103688087
or entities,0.007824407676386914,0.07249474308100619,0.000567228424260722
or entity,0.006752555164122114,0.09634050236210052,0.0006505445567393206
or equitable,0.005993388641282742,-0.016954049111296554,-0.00010161220536739453
or equivalent,0.006759018437786806,0.03747371292156278,0.0002532855165691725
or error,0.008007945512605858,0.02958251228200382,0.00023689514648028018
or expenses,0.005360576676941627,0.06387604261434372,0.0003424124242537804
or expiration,0.004253831158791154,0.14545904620121622,0.0006187582230587756
or facsimile,0.006257741435522016,0.03310116107275232,0.0002071385072088506
or failure,0.004542540687404734,0.033926339229541656,0.00015411177632488834
or filing,0.007222190611637434,0.012802358158786484,9.246107090120766e-05
or final,0.008209866391664815,-0.02547608594315516,-0.00020915526177587397
or for,0.006257817461191693,0.14174299829724613,0.0008870018097461713
or foreign,0.010396232615272878,0.05441248272615283,0.0005656848275956022
or governmental,0.0052110619909154976,0.00346389847708187,1.805058969431141e-05
or grant,0.014765469077804027,0.01407108551818825,0.00020776617810994464
or group,0.017234272731483424,0.024203836951917034,0.00041713552717769463
or has,0.01088116487623029,0.07464677866306398,0.0008122439061122684
or her,0.010461300616020073,-0.01209481882990443,-0.0001265275356759304
or if,0.01032486886112504,0.1428182293903761,0.0014745794894337073
or ii,0.012529115575478651,0.10857187797157204,0.0013603096073525908
or iii,0.009855614470601463,-0.033286535593865296,-0.00032805926187508944
or implied,0.006414901079213358,0.033591607934572165,0.00021548684199199897
or improvements,0.008209866391664815,0.03178526746072641,0.000260952799075895
or in,0.009139436266541548,0.026029116568541483,0.00023789145195256552
or indirectly,0.010615435805843313,0.08882975378349957,0.0009429665489376069
or information,0.0054397054459851225,0.040728888260056724,0.0002215531552771501
or instrumentality,0.013399719539933146,0.0049478986705584265,6.630045449749098e-05
or intellectual,0.01489186660568811,0.0506174056751458,0.0007537876532402715
or interest,0.004839224633488535,0.1255361297881283,0.0006074975316635243
or interests,0.01660860698590301,0.007604526989768093,0.00012630060008675034
or international,0.008106380888247012,0.025781227442171317,0.00020899244941276698
or interpretation,0.009699049663319165,-0.02988103397630684,-0.00028981763252752737
or is,0.008978509276329484,0.07001710398345311,0.0006286492176171599
or its,0.013836645726284926,0.09017760942693848,0.0012477556340838396
or iv,0.00498413484815129,0.03722034220582061,0.00018551120464814673
or joint,0.012290637994374935,0.0715965492154722,0.0008799672680538176
or jurisdiction,0.007824407676386914,0.03211012504515292,0.0002512427088930382
or know,0.012963044992779548,0.021871211086398303,0.0002835174933595601
or less,0.0074275397412975714,0.03718096850031618,0.0002761631211560316
or license,0.0057596950584364705,0.14121011526861826,0.000813327203113905
or licensed,0.006298500902468313,0.14229831928686648,0.0008962660924480527
or licensee,0.014085203964171752,-0.011342396084188976,-0.00015975996228822473
or licenses,0.007035825129555003,0.046896913239825797,0.00032995848067132706
or made,0.012087366828615763,0.06916211847775941,0.0008359878966848625
or make,0.016121567052942584,0.07706365658687031,0.0012423869070101701
or manufacturing,0.008825981502142751,0.03761513138774625,0.0003319904538289176
or material,0.009805807312913018,-0.0048659980070773455,-4.771503884241921e-05
or materially,0.007500912372361329,0.02536361027282574,0.00019025021810318947
or materials,0.005823748850792255,0.023644513330615617,0.00013769970733671486
or misappropriation,0.007222190611637434,0.11296050689249654,0.0008158223123647942
or modification,0.005360576676941627,0.04720701636344252,0.00025305683090587165
or modified,0.005235224255677302,-0.012208650205263053,-6.391502168367282e-05
or modify,0.005697612467989664,0.07522052659728035,0.00042857741018941263
or more,0.012258734285712607,0.1479673395180389,0.0018138922981154612
or non,0.00498413484815129,0.06796430813517888,0.00033874327660703726
or not,0.007241881682859211,0.08572100658674625,0.0006207813874368115
or of,0.0039492433387297585,0.016254108111785348,6.419142818746163e-05
or omission,0.004879576478452771,0.019245782815985917,9.391126913829542e-05
or omit,0.007577054427323699,-0.030332433595663406,-0.00022983050026752352
or on,0.013177493453023232,0.07948900616439887,0.0010474658583186894
or order,0.006609503751760677,-0.01442230970100386,-9.532431007783942e-05
or organization,0.0074275397412975714,0.006628019339758984,4.922987705214874e-05
or other,0.011683095084533237,0.02251967206844007,0.0002630994700480926
or otherwise,0.009914745390400794,0.07196395611048738,0.0007135043021214598
or outside,0.008209866391664815,0.05988026690351891,0.0004916089907751188
or part,0.013596180504210117,-0.06552141252793724,-0.0008908409516206488
or partially,0.008434266890400183,0.029367352703522726,0.000247692090566026
or partnership,0.00715813681928165,0.07110983578061221,0.0005090139337142719
or party,0.013399719539933146,-0.012073709129542972,-0.00016178431614260617
or pending,0.008318948361898223,-0.009559341338238563,-7.952366696656565e-05
or perform,0.011532744409268832,0.04015161116990528,0.0004630582692428611
or performance,0.009595527596969057,0.058399820040600375,0.0005603770848576075
or permit,0.006029097980452392,0.012333432569499309,7.435947339681404e-05
or permitted,0.01096489583043359,0.05771099040586503,0.0006327949980714624
or policies,0.007356742126528927,0.04064279060631353,0.0002989985297931609
or political,0.008106380888247012,0.010429414528450037,8.45448066090331e-05
or portion,0.0070960542288348435,0.04633718688215167,0.0003288111909274028
or potential,0.006029097980452392,0.014644149208723081,8.829101041975582e-05
or prior,0.010595277268227246,-0.06121644720386465,-0.0006486052315007405
or proceeding,0.009119630160335684,0.003937309494913381,3.5906806420388126e-05
or proceedings,0.011190862642193971,0.080457485763192,0.0009003886717121587
or product,0.02260213837923993,0.1017186136911862,0.0022990581823926397
or products,0.019924938042409177,0.11356640170053306,0.0022628035175824733
or provide,0.009972472891647197,0.09959175751130923,0.0009931761020130325
or provided,0.011532744409268832,0.027673981885518138,0.0003191569598724162
or provisions,0.006811424630819635,0.04743489156683165,0.0003230991887785757
or pursuant,0.006425965915541734,0.03373221105057936,0.00021676203846688317
or quality,0.008434266890400183,0.004995477278229968,4.213318860952144e-05
or reasonably,0.015156577968685773,0.03431327090672955,0.0005200717658584836
or received,0.007222190611637434,0.002843725025929019,2.053792418434298e-05
or reduced,0.008209866391664815,0.03613650373556338,0.00029667586753087183
or reference,0.007824407676386914,0.0269955257170974,0.00021122399864895725
or regulation,0.004458113097210674,0.0398812965253035,0.00017779533037319808
or regulations,0.011195835018483332,0.0875857642667953,0.000980595766698813
or regulatory,0.011472665800594585,0.0522461068858922,0.0005994021236839847
or reject,0.0207269086561345,0.007163304976962427,0.00014847316793353387
or rejection,0.017012150548699492,-0.025524022384469304,-0.0004342185114129676
or remove,0.0077385425905899365,0.03922248466758639,0.0003035248681088781
or reputation,0.007824407676386914,0.03239879181064624,0.00025350135534888194
or request,0.006977342049417754,-0.011858029107126394,-8.273752511237264e-05
or required,0.011893409127370474,-0.002875881397621201,-3.420403406370295e-05
or restrict,0.0076561831963671955,0.001692209295182318,1.2955864370511238e-05
or right,0.006340100829744757,0.09055344528063335,0.0005741179735599899
or rights,0.005889903137864939,0.005468644549003764,3.220978668904527e-05
or sale,0.014875590787276046,0.09207881253535592,0.0013697267354542586
or section,0.010332380910338494,0.09356705553129918,0.0009667704584081775
or settlement,0.015738218401264402,0.12311518551542631,0.001937613678153963
or shall,0.010505050524174508,-0.02547172174908144,-0.0002675817239118152
or similar,0.012202809695286332,0.05935409572834998,0.0007242867348088622
or subcontractor,0.008686786659555298,-0.017479489345005757,-0.000151840594858035
or subcontractors,0.0070960542288348435,-0.0005797731153106536,-4.114101466664915e-06
or subject,0.0074275397412975714,0.05459798142057212,0.0004055286767959259
or sublicense,0.01574150688086015,0.041987147566911784,0.0006609409723322324
or sublicensees,0.03328159044553173,0.013560162157452572,0.00045130376329933445
or subsequent,0.00610247061151615,0.014833889095026384,9.05233722568884e-05
or substantially,0.009086934995986893,0.10102444661296874,0.0009180025793775952
or such,0.01025532011000803,0.12517590399431341,0.0012837189655213169
or support,0.0077385425905899365,0.06419581856331721,0.0004967820760900144
or take,0.015888236990140962,0.0010867227082855834,1.7266107931809175e-05
or termination,0.010381897223453966,0.11938795090779343,0.0012394734360434792
or that,0.011751878445687917,0.05171637997026244,0.0006077646110615335
or the,0.01059856917074247,0.004320349745594653,4.578952562048456e-05
or their,0.010638370145108563,0.04875809558834688,0.000518706668439419
or third,0.009076245286739117,0.05938239776154717,0.00053896920779851
or threatened,0.01154781445508616,0.030348528984720947,0.00035045918170036186
or through,0.010072633961805823,0.04082560677788242,0.00041122139334222844
or to,0.01049370572365251,0.05526443576354444,0.0005799287258863328
or trademark,0.006811424630819635,0.0956707746017108,0.0006516542705716866
or transferred,0.012963044992779548,0.059202846543919906,0.0007674491634494569
or under,0.01537673386851348,0.011313504548332931,0.00017396474855993228
or understanding,0.006977342049417754,0.031007452765165207,0.000216349604023722
or understandings,0.0070960542288348435,0.007496047970178782,5.3192362898336e-05
or unenforceability,0.005889903137864939,0.023590394469629194,0.0001389451384101407
or unenforceable,0.008874067796716291,-0.002163353086658584,-1.919774195924373e-05
or use,0.011928454801816061,0.10270385348260158,0.001225098274239552
or used,0.005958300365683749,0.09198239541554934,0.0005480587402409348
or value,0.008106380888247012,0.049061793903768317,0.00039771358844462127
or waiver,0.009646896486099892,-0.036944602231633615,-0.0003564007534487045
or warranties,0.009544919756466565,0.053639007443470325,0.0005119800218644371
or was,0.007222190611637434,0.019832937272985008,0.00014323725337414645
or which,0.004839224633488535,0.055505827536135206,0.0002686051679150317
or will,0.008193519544287348,-0.035665987870903665,-0.0002922299686865647
or willful,0.011195835018483332,0.033093518008813425,0.00037050956780788213
or with,0.01150038147519829,0.01884539472755046,0.0002167292284175208
or withdrawal,0.014487546898181363,0.026012811275772926,0.0003768618233113012
or within,0.010955185286918544,-0.009501190223186682,-0.00010408729934126905
or without,0.006382576608996469,0.02929014773514015,0.0001869466118083564
or written,0.004253831158791154,0.002830479184423072,1.204038054900864e-05
oral,0.0095218133779904,0.008278547316378951,7.882678258742362e-05
oral or,0.004542540687404734,0.020881448981305516,9.485483160954644e-05
order,0.010321720875500607,-0.002461824627285749,-2.5410266647276818e-05
order and,0.005697612467989664,-0.024992417410288993,-0.00014239710904206452
order for,0.011842666285936608,0.04162077334837835,0.0004929009293274492
order from,0.007577054427323699,0.013062458676697492,9.89749603480036e-05
order of,0.005027524154696555,-0.007687707354516786,-3.865013441907149e-05
order that,0.006759018437786806,0.0009199342613404229,6.217852633951705e-06
order to,0.010450343525053453,0.07226997388222264,0.0007552460536158676
order writ,0.013558630366746273,0.03830297619126725,0.0005193358961236756
ordered,0.005412982869974456,0.028158674537265012,0.0001524224229114014
ordered by,0.006920506601053043,0.0168547056571436,0.00011664310175906836
ordering,0.011273179077245387,0.0002616400577014789,2.9495152242495876e-06
orderly,0.012700148634890796,-0.0003576698712404896,-4.542460526976471e-06
orders,0.01174476593187105,0.04109647198979122,0.00048266844414579274
orders for,0.01002988544904967,0.05932434132138215,0.0005950163477937869
orders including,0.008556578580126829,-0.00409402583389659,-3.503085375680544e-05
orders or,0.006759018437786806,0.0181241041828122,0.00012250115433999666
ordinance,0.005697612467989664,0.011611338522245027,6.615690713439194e-05
ordinary,0.0050495738276492615,-0.05045529232670925,-0.0002547777235993436
ordinary course,0.005728414974598702,-0.05514152074730023,-0.00031587351317097966
organization,0.011551414422531724,0.05260506292932854,0.0006076628826200346
organizations,0.006257741435522016,0.030264430855300197,0.00018938698298570305
organized,0.010521415199151058,0.048647254268963304,0.0005118379604624367
organized and,0.00617861266647852,-0.0052966847601474834,-3.272616354939098e-05
organized under,0.00715813681928165,-0.03543337506684352,-0.000253636946697389
organized validly,0.0067079391274018334,0.08482765083500313,0.0005690187181216983
origin,0.006470308909173226,0.06337079191377894,0.0004100285995010865
original,0.00960519091676892,-0.0056212969153672885,-5.399363007194703e-05
original and,0.005607929926004842,0.04787204892826702,0.0002684630958039966
originally,0.013394553705005625,0.007744243410004996,0.00010373068425994781
originals,0.007500912372361329,0.005854559306396567,4.391453633607316e-05
other address,0.00449146137701976,0.04964054039447149,0.0002229585699161579
other amounts,0.011623842254693982,0.03024447707293079,0.00035155703057145624
other and,0.00991600934571192,0.009450219410836057,9.370846399687855e-05
other applicable,0.005235224255677302,-0.014449767983660303,-7.564777583696773e-05
other appropriate,0.01750395067334246,0.03630049740436498,0.0006354021159838006
other business,0.005607929926004842,-0.00893450586700432,-5.010408282563936e-05
other country,0.01770025614210039,0.038892057383162204,0.0006883993775752377
other data,0.006977342049417754,0.03472637645638809,0.0002422978066730673
other disposition,0.007356742126528927,0.014169758435865694,0.00010424325880787179
other documentation,0.007356742126528927,0.021078890831348753,0.00015507196415948774
other documents,0.00498413484815129,-0.005118600134144225,-2.5511793302340102e-05
other entity,0.011195835018483332,0.018662659258902887,0.00020894405406884713
other expenses,0.006140182457047066,0.00958420920568577,5.884879322942076e-05
other good,0.004879576478452771,-0.021320099532837644,-0.0001040330561987065
other governmental,0.010505050524174508,0.07237671079233121,0.0007603210036470058
other in,0.00478017090563334,0.00876635980891044,4.190469810686713e-05
other information,0.011218419035248938,0.06781222428143244,0.0007607459477013919
other intellectual,0.013345087390330326,0.16568783338814064,0.0022111186160792273
other jurisdiction,0.01008827946508673,-0.02406813514698442,-0.0002428060735662551
other material,0.013132573075894122,0.034266692836656794,0.000450009847746613
other materials,0.00944589929422172,0.0890067133594629,0.0008407484509031457
other matter,0.007824407676386914,0.02966647710484928,0.0002321226111905393
other matters,0.013218111394107182,-0.027193534644391597,-0.00035944717012908095
other means,0.010955185286918544,0.041030358170075304,0.00044949517614180704
other party,0.013250149464634356,0.02778169126494042,0.0003681115616407873
other payments,0.01574150688086015,0.08623878486052931,0.0013575284252790405
other persons,0.006257741435522016,0.011111920247517804,6.953552376110822e-05
other product,0.016067360140190487,0.03773930374177964,0.0006063709846592119
other products,0.005923811919134318,0.07134678076418595,0.00042264491028274785
other provision,0.0072533477580100985,0.04779321836354788,0.00034666083326532706
other provisions,0.012627656225409997,-0.02544762532503844,-0.0003213438643576227
other public,0.00656203038512981,0.05675489650948524,0.0003724273554001399
other regulatory,0.01440745286489095,-0.029522635584240824,-0.00042534598062730195
other related,0.020162619028608764,0.03984127083800496,0.0008033043655223143
other relevant,0.011031951815380848,0.045592397181679636,0.0005029731288559953
other remedies,0.005140264376146855,0.058122074986685,0.0002987628315217931
other requirements,0.011813667018774022,0.036147590395666826,0.0004270355964654418
other rights,0.011139250532736773,0.0510573395973577,0.0005687404973099891
other similar,0.009606033564112942,0.08383537529239583,0.0008053254289187592
other than,0.01138206997052064,0.07300135743944673,0.0008309065583187701
other third,0.017138967500213088,0.011446406725640394,0.00019617959286497122
other to,0.0070960542288348435,0.012107928908548572,8.591852013393775e-05
other with,0.011532744409268832,0.013666327457198951,0.00015761026157724834
others,0.004180458527727395,0.010335354643106934,4.320652145486331e-05
otherwise,0.010805006407898386,0.018302471905023807,0.0001977583262141624
otherwise agree,0.0077385425905899365,0.01775126981350254,0.0001373689574888429
otherwise agreed,0.012575787764403764,0.093255894011396,0.0011727663308670482
otherwise and,0.006470308909173226,-0.026239462908236533,-0.00016977743062708325
otherwise be,0.005791467762223785,0.05158813202303066,0.00029877100352472655
otherwise expressly,0.011089979436348886,-0.0347152946765698,-0.000384991904089951
otherwise provided,0.007492696222455828,0.06388426315489545,0.00047866537721505924
otherwise required,0.010595277268227246,0.020060769540832118,0.00021254941549912407
otherwise set,0.006658121164349814,0.058792497038305525,0.00039144756883571573
otherwise shall,0.007500912372361329,0.039386761956684446,0.00029543665006814487
otherwise than,0.008209866391664815,-0.009273468260496097,-7.613393540601728e-05
out,0.010589756750773793,-0.0024299008225122107,-2.5732058638909473e-05
out in,0.013474063920421754,0.025394680369164084,0.00034216954653279636
out of,0.0076484286935579815,0.025147177800984737,0.00019233639625505596
out the,0.008126537657924197,0.015429552219765233,0.00012538883715883006
outside,0.01570005492622846,0.20055656005562697,0.0031487490086887803
outside the,0.01923434489212401,0.11171729090925246,0.0021488089037623123
outstanding,0.00874302626049436,0.020697641976854364,0.0001809600273339481
over,0.009762235767893018,0.04021816469051192,0.0003926192058607275
over any,0.00656203038512981,-0.021393729424034554,-0.0001403863025317604
over such,0.013102491568900407,-0.02482518286850159,-0.0003252717492309529
over the,0.008509366825566078,0.051850644235817256,0.00044121615194449233
overall,0.006340100829744757,0.045276877145290884,0.00028705996635711015
oversee,0.012456047189639032,0.04685821463611813,0.0005836681327297218
oversight,0.013102491568900407,-0.006285335746372033,-8.235355862454791e-05
owe,0.008209866391664815,0.027501618644353115,0.0002257846146246571
owed,0.00809353289146777,0.1592019442030003,0.0012885061717925995
owed by,0.006515648457526557,0.08682939922494741,0.0005657498411279862
owing,0.005728414974598702,0.06471554313646642,0.0003707174863922225
owing to,0.0070960542288348435,0.03999484171543989,0.0002838055656864274
own,0.011923082591981339,0.055522498096411924,0.000661999330516646
own all,0.011031951815380848,0.1155070662501004,0.001274268389207111
own and,0.006811424630819635,0.050054239373639065,0.0003409406789465471
own expense,0.015892947421392054,0.0715557176460373,0.0011372312582484463
own expenses,0.007914090218371736,0.007704845722079096,6.097684416316949e-05
own or,0.008007945512605858,0.01912786770402503,0.00015317492234616573
owned,0.014155424088800448,0.11861987572778113,0.0016791146462875484
owned and,0.006977342049417754,0.05185457689250594,0.0003618071198068479
owned by,0.013917081474013592,0.08967567410122909,0.001248023662703896
owned or,0.016976160502710943,0.0868872540745658,0.0014750119708096543
owner,0.014465650991059157,0.05514985717921306,0.0007977785861612543
owner and,0.013247873796826097,-0.061640825542203154,-0.0008166098775152819
owner of,0.011990228595434577,0.10102604923415699,0.0012113254244111706
owner or,0.013399719539933146,-0.050033083456626916,-0.0006704292860368695
owner shall,0.009136984351435114,-0.07283137195275952,-0.000665459105825914
ownership,0.009916362539881053,0.19773854080447079,0.001960847058724195
ownership and,0.01080664159023023,0.06535768960532827,0.0007062971267302985
ownership of,0.011141873014132664,0.1794051956408332,0.0019989099079057906
owning,0.007288344898710119,-0.0015475515183372447,-1.1279089214164356e-05
owns,0.009496997424957538,0.1284424326352334,0.0012198174519920935
owns or,0.011623842254693982,0.08997089723401963,0.0010458075169615273
package,0.005823748850792255,0.03422603963468749,0.00019932385898968144
package or,0.009136984351435114,-0.014603935944646604,-0.0001334359341955968
packaged,0.006920506601053043,0.01642594182608174,0.00011367583883591196
packaging,0.019703729998622927,0.0700482663448283,0.0013802121269301222
packaging and,0.019015859212023926,0.03551438134303055,0.0006753364756211981
packaging materials,0.0147080083407518,0.0060346047770653295,8.875701739421753e-05
packing,0.008556578580126829,0.020331042907453564,0.00017396416625355666
page,0.007564867801367089,-0.0036860716485119676,-2.788464472736029e-05
paid,0.011183510050496311,0.049044967741721235,0.0005484948896658068
paid and,0.00656203038512981,0.0050770331381635074,3.331564571893989e-05
paid by,0.011889726650191642,0.05766519319671527,0.0006856233843394353
paid for,0.005637383368709824,-0.010142380754206532,-5.7176488582886506e-05
paid in,0.011142576420106761,-0.00639814554681713,-7.129182570237563e-05
paid under,0.008007945512605858,-0.01680550550540794,-0.00013457757239910455
paid up,0.01977185308723511,0.07387849007491451,0.001460714652067967
panel,0.006759018437786806,0.05973783946818741,0.00040376915839902713
paper,0.018206940871771334,0.0493045111608699,0.0008976843194175481
papers,0.012119779173629061,-0.019573408812043253,-0.00023722539247712936
paragraph,0.007053818536396973,0.004339869362172555,3.061265095243407e-05
part,0.009177926772654438,-0.028258916059678594,-0.00025935826227031864
part of,0.009453001621034888,0.007541773227551896,7.129239454552559e-05
partial,0.004859299674676837,0.0042201302867641115,2.0506877729566715e-05
partially,0.007222190611637434,0.03693446653866714,0.00026674775748139874
participate,0.010372801169389802,0.07954525297227362,0.0008251070930502074
participate in,0.010259086815950695,0.0714080632357441,0.0007325815200943958
participating,0.016732099492064962,0.010659269384100022,0.00017835195584748356
participating in,0.018869553726378333,0.022131000481283827,0.00041760210260008993
participation,0.009349668515067149,0.010613840337854341,9.92358888307864e-05
particular,0.01303868656613821,0.12612724757164867,0.0016445336485364436
particular purpose,0.0043299732137535235,0.08127894029942259,0.0003519356343387716
particularly,0.012456047189639032,-0.00524098050826257,-6.528190053089694e-05
parties acknowledge,0.004458113097210674,0.03980602305479621,0.00017745975272845705
parties agree,0.010618684153212979,0.08358695759125032,0.0008875835019894951
parties all,0.012340240616199498,0.03925869938797861,0.0004844617967267
parties and,0.00965557477442157,-0.023905683783427365,-0.00023082311730456006
parties as,0.01154781445508616,0.026364935431066862,0.00030445738247828716
parties by,0.007035825129555003,0.006831018211203704,4.8061849590834885e-05
parties cannot,0.006759018437786806,0.024268361839442976,0.0001640303051276768
parties do,0.007356742126528927,0.06288329696794391,0.00046261619985910177
parties each,0.0057596950584364705,0.026502399014273245,0.0001526457366392212
parties except,0.0070960542288348435,0.052670253599747086,0.00037375097579028896
parties expressly,0.0070960542288348435,0.007420324525746807,5.2655025230252535e-05
parties fail,0.007914090218371736,0.04567023489395543,0.0003614383592449922
parties for,0.01141583269567922,0.11304809603934919,0.001290538150950287
parties from,0.006029097980452392,0.08059261584771908,0.00048590077744685857
parties further,0.00715813681928165,0.06913124365946705,0.0004948509006015622
parties have,0.0062386803424889685,0.040667840438915484,0.00025371365671773995
parties hereby,0.007779921355435577,0.012314649788765007,9.580700687632309e-05
parties hereto,0.00489844621346737,-0.08421759410601974,-0.0004125353549559643
parties hereunder,0.006920506601053043,0.04752401309628768,0.0003288902463413902
parties if,0.012014664210652193,0.054000311893843474,0.0006487956146750171
parties in,0.007756403445065891,0.0796733045946041,0.0006179782942373713
parties including,0.011357528220928155,0.01949649213352609,0.00022143195961562634
parties may,0.012941459882525114,0.07437277388935272,0.0009624922696411695
parties means,0.008106380888247012,0.014383890308080918,0.00011660129349206858
parties mutually,0.011532744409268832,0.05495441508926605,0.0006337752233853718
parties no,0.0068652284858365525,-0.004703817857812337,-3.229278434963993e-05
parties or,0.009390698886004805,0.08075580004608578,0.0007583534015312045
parties prior,0.007914090218371736,0.047187215554768555,0.00037344388105419243
parties provided,0.006609503751760677,0.07262567568753828,0.00048001967593093843
parties pursuant,0.013102491568900407,-0.00016543811698116527,-2.167651532920477e-06
parties recognize,0.013725295945480455,0.07942371374128457,0.0010901139761882533
parties relating,0.011031951815380848,-0.04153332357528228,-0.0004581936244151355
parties shall,0.01409513409307547,0.002436722448315269,3.434592965661088e-05
parties the,0.006981900790514849,0.05129585921191166,0.0003581425999817844
parties to,0.0106104915614046,0.034069516755686424,0.00036149432003734343
parties under,0.00986046394700813,0.051621499229263776,0.0005090119320406634
parties which,0.0070960542288348435,0.0636531372440935,0.0004516861137195543
parties will,0.00727912876154759,0.15872844645859635,0.0011554047998925353
parties wish,0.008007945512605858,-0.02652567130432457,-0.00021241613049032392
parties with,0.008026489370251565,0.04447546465051314,0.00035698184425434295
partner,0.01659248022169916,0.06488510654927308,0.0010766048471016563
partners,0.015795968148418722,0.0335737541353292,0.0005303299509445014
partnership,0.00813974540010012,0.040283639181868405,0.0003278985667299063
partnership interests,0.009504822649092193,0.06542265537233884,0.0006218307365467592
partnership or,0.009595527596969057,0.006585929219835313,6.319546558061464e-05
parts,0.005386609618697299,0.09043076318633875,0.00048711521880566986
party,0.01576049418662849,-0.11142139812963756,-0.0017560562974881712
party 11,0.012340240616199498,0.016079575736347277,0.0001984258335929286
party 13,0.013102491568900407,0.0482878772242567,0.0006326915042109214
party acknowledges,0.005607929926004842,0.03635026197443412,0.00020384972194454492
party after,0.013725295945480455,-0.03519307430643516,-0.0004830353600871069
party agrees,0.009363114416214251,0.06512283947070031,0.0006097525970729206
party an,0.007577054427323699,0.03327716766279732,0.00025214291056819144
party and,0.011086645878240552,0.09625787142869408,0.0010671769335231403
party any,0.013080604788986393,0.06242046906503981,0.0008164974865829367
party are,0.007824407676386914,0.04630120413987958,0.0003622794970980313
party as,0.013139508875429728,0.08765599297477014,0.0011517566976765982
party at,0.004253831158791154,0.11406495824227254,0.00048521307349719083
party be,0.00516358862428463,0.06201557638998938,0.0003202229247758036
party becomes,0.005728414974598702,0.02577613881313408,0.0001476564195644921
party by,0.00991131910832287,0.043013293972647304,0.00042631848246300815
party claim,0.017655984425587662,0.07975880793916484,0.0014082202707773322
party claims,0.012885862359023323,0.13831868243877898,0.0017823555035875625
party confidential,0.010935998731146571,0.12398235904461953,0.0013558709211965178
party consent,0.007824407676386914,0.013605858491662478,0.00010645778362599797
party does,0.007035825129555003,0.08957078809366528,0.0006302044017434562
party during,0.0070960542288348435,0.032133855640099795,0.00022802358220369855
party each,0.01382014686360225,0.06668562862248868,0.0009216051812544314
party except,0.004900059141623133,0.026703137600758365,0.00013084695351061644
party expense,0.007500912372361329,0.04019102348214195,0.0003014693452950632
party fails,0.0062177891400181096,-0.010075659240867462,-6.264832460638882e-05
party for,0.010745406862168396,0.13080609033864685,0.001405564660738315
party from,0.009219258350931672,0.07666599934231443,0.0007068036546691544
party has,0.009012821161408571,0.07150643264992143,0.0006444746893640486
party having,0.013247873796826097,-0.031329804973396734,-0.00041505330236673454
party hereby,0.009032729198202664,0.04747664724428068,0.00042884369779618215
party hereto,0.011207633156016956,0.033647636801125945,0.00037711036983391544
party hereunder,0.009972472891647197,0.06285188048922759,0.0006267886743678714
party if,0.011136857271453719,0.042824892730513354,0.00047693471800504315
party in,0.01131481739106598,0.12945566183868096,0.0014647671739442638
party including,0.005140264376146855,0.08689636229492788,0.00044667027552136856
party is,0.011008972753555859,0.02993522862990236,0.0003295561163580604
party its,0.013305413512697229,0.033038894900699355,0.00043959615865634874
party makes,0.005958300365683749,0.07015925413484693,0.00041802990956775753
party may,0.011920191909428264,0.04788613891269172,0.0005708119656408258
party means,0.01429453943357473,0.023972732145317442,0.0003426791649817647
party no,0.006920506601053043,-0.0025928754032759987,-1.794401134407962e-05
party nor,0.013578669788269685,0.03512765373709463,0.00047698681053268556
party not,0.006425965915541734,0.06342329837099234,0.0004075559535832303
party notwithstanding,0.007035825129555003,0.04523042190910105,0.00031823333908842836
party of,0.010354383644784386,0.06347155680346064,0.000657208849674756
party on,0.01338217155998084,0.00647672849587769,8.66726918792519e-05
party or,0.011929771958339804,0.08917881684349258,0.001063882948457419
party other,0.00949505074299284,0.04188371366570058,0.0003976879865608097
party possession,0.007824407676386914,0.029205677720650646,0.00022851712895154117
party prior,0.012266183895464694,0.024939144949275387,0.00030590813814346143
party promptly,0.007035825129555003,0.05733250408622504,0.00040338147299017705
party provided,0.0052844346219792565,0.10557244812054843,0.000557890699975335
party pursuant,0.01026970086267994,0.061042958060550656,0.0006268929190549724
party reasonable,0.011647890919377782,0.05364711502619391,0.0006248757439644194
party reasonably,0.015438949431295972,0.0648039470429334,0.0010005048613442307
party right,0.006257741435522016,0.005436439818572094,3.4019834714400383e-05
party shall,0.013885889388566568,0.05985759397365942,0.0008311759289839635
party so,0.0068652284858365525,-0.00906779030040927,-6.225245227396211e-05
party subject,0.0074275397412975714,0.0013398349222525764,9.951677131809354e-06
party such,0.006140182457047066,0.054484451882647784,0.00033454447563165894
party that,0.014403410127396123,0.10324903603012048,0.0014871382112001245
party the,0.01278281426764619,0.10137775575432785,0.0012958930226783726
party then,0.013102491568900407,0.003235540796642721,4.2393646008844555e-05
party this,0.00715813681928165,-0.04591885154295811,-0.0003286934219287765
party to,0.01069549926783559,0.013460027088171048,0.00014396170986658065
party under,0.015148201418612653,0.11057148610548209,0.001674959142681173
party unless,0.005958300365683749,0.003650358575683231,2.1749932836370203e-05
party upon,0.005697612467989664,0.04544351061568773,0.00025891951267316307
party was,0.012700148634890796,0.03736980426296545,0.0004746020685964369
party whether,0.006382576608996469,-0.007182595186225901,-4.584346402749607e-05
party which,0.007662117724497369,0.08473495966636192,0.0006492492363442013
party who,0.0054397054459851225,0.10765829694744157,0.0005856294242104814
party whose,0.007356742126528927,0.038672088806875844,0.00028450058484641135
party will,0.0061819039647613375,0.0848096832630274,0.0005242853172138624
party with,0.013758895986399417,0.14056109436214362,0.0019339654770632077
party within,0.005923811919134318,0.028948037028292704,0.00017148272678374192
party without,0.009585575474595721,0.02435873932397872,0.00023349253425600076
party would,0.00715813681928165,0.03407152855259741,0.00024388866302155353
party written,0.012504162366999607,0.0495200078513882,0.0006192062185888534
passage,0.008318948361898223,-0.014895675556434985,-0.00012391635576957223
passage of,0.008434266890400183,-0.012695773554002546,-0.00010707954253454193
patent,0.01906947987019932,0.2918678484043996,0.005565768059906085
patent and,0.012575917971474929,0.04358838834258197,0.0005481639963051049
patent application,0.007356742126528927,0.04683964970021081,0.0003445872241413989
patent applications,0.013048728697589126,0.1587511364181999,0.0020715005095550514
patent or,0.010332380910338494,0.11867453216899371,0.001226190470726262
patents,0.021995068044148827,0.15608341051338046,0.0034330652348046175
patents and,0.022673001257321884,0.07113855629061315,0.0016129245762211356
patents copyrights,0.0077385425905899365,0.04107518819175531,0.00031786209323839533
patents for,0.016855314622733663,0.010226198862449559,0.0001723657992212284
patents means,0.008556578580126829,0.010335539840430449,8.843685881267464e-05
patents or,0.01867871359862398,0.08036749928211427,0.0015011615017282308
patents that,0.016093063670032756,0.015934925065737335,0.0002564417636601118
patents the,0.014487546898181363,0.01781808436902358,0.00025814033293198143
patient,0.023090965325734108,0.17858827936999425,0.004123775766515053
patients,0.027267330342093034,0.047708788573839936,0.0013008912982639671
pay,0.007933381285334527,0.0551035420880207,0.00043715740955674684
pay any,0.008587417562366244,0.08756374843636654,0.0007519464711490737
pay for,0.005578900288572575,0.05962581884203463,0.00033264649794420304
pay to,0.010946386247813604,0.20069982850004403,0.0021969378426314307
payable,0.009468982386984742,0.11053295320177459,0.0010466345870490123
payable by,0.008159864427185609,0.07998337213108271,0.0006526534730187706
payable in,0.0057596950584364705,0.04440482514062647,0.0002557582519332018
payable to,0.010031725404495895,0.09066471741128558,0.0009095235489462349
payment,0.011157336018986833,0.05632757860227526,0.0006284657216014778
payment and,0.01026970086267994,0.044777197789889034,0.0004598484267712137
payment due,0.006759018437786806,0.04311012868401895,0.00029138215463064593
payment for,0.005466786724991373,0.0019750077061738603,1.0796945909866922e-05
payment is,0.005578900288572575,0.04711725633183394,0.00026286247494641633
payment obligation,0.007914090218371736,0.034562919109671617,0.0002735340600442257
payment obligations,0.014932813100932477,0.061426292356117074,0.0009172673432371335
payment of,0.005565361673810652,0.014082577709545085,7.83746382531624e-05
payment or,0.005993388641282742,0.010428808973361825,6.25039052430543e-05
payment period,0.010903264409937372,0.01635993207895305,0.0001783766651854415
payment shall,0.013218111394107182,0.09564736230870903,0.0012642774895490446
payment to,0.008587417562366244,0.03000719621146499,0.00025768432374370426
payments,0.014111790169902005,0.20988284634903728,0.002961822687939397
payments and,0.006658121164349814,0.08063336051098241,0.0005368666841708205
payments are,0.012119779173629061,0.044592871886770004,0.0005404557599855839
payments as,0.013900512133821133,0.0029209160777155137,4.060222938015773e-05
payments due,0.005728414974598702,0.09498153913647776,0.0005440936710998319
payments hereunder,0.0077385425905899365,0.004432519318299628,3.430123952827435e-05
payments in,0.01664999198813029,0.05933322536562151,0.000987897726967527
payments made,0.009699049663319165,0.1190504517114925,0.001154676243590346
payments or,0.01489186660568811,0.10460949463408459,0.0015578306397792338
payments required,0.0077385425905899365,0.012075304021392208,9.344525446386553e-05
payments shall,0.01002988544904967,0.14197454476801843,0.001423988420704199
payments that,0.008209866391664815,0.0319021276970033,0.0002619122060022266
payments to,0.005140264376146855,0.14505888618268312,0.0007456410250883873
payments under,0.006977342049417754,0.004162071093163726,2.904019365099738e-05
penalties,0.0052110619909154976,0.036413766036090124,0.00018975439213675892
pending,0.009643011989063468,0.03878720974208282,0.00037402552856522403
pending or,0.005889903137864939,0.007053418549823318,4.1543952049279126e-05
per,0.0028479308867034605,-0.0024652946800847865,-7.02098886423919e-06
per year,0.006140182457047066,0.035493927578020994,0.00021793919144626357
percent,0.0092731228518764,0.2322704628318429,0.0021538725367018703
percent 50,0.00975201144907676,0.14247459679788024,0.0013894138991755233
percentages,0.008318948361898223,0.01264016092479574,0.00010515284601945944
perform,0.008028139304236659,0.033412377340925004,0.0002682392197786663
perform all,0.005728414974598702,0.040913799827670856,0.00023437122360056353
perform its,0.009907513984123524,0.041243367476993816,0.00040861924003066156
perform or,0.00656203038512981,-0.037251839120014923,-0.00024444770020750527
perform such,0.005607929926004842,0.017317492230982858,9.711528292548512e-05
performance,0.009763021034405767,0.049457513308297195,0.00048285474273830864
performance and,0.0054397054459851225,0.0319732090534677,0.00017392483941376907
performance of,0.00982175479359165,0.051750879020387545,0.0005082844440910728
performance or,0.005259679403504634,0.07766044899098302,0.0004084690640247957
performed,0.010565008909465367,0.05203889913893626,0.0005497914330416312
performed by,0.008261841156818937,0.05194401960204272,0.0004291532389987662
performed in,0.006340100829744757,0.014011291269966433,8.883299940650965e-05
performed or,0.007577054427323699,-0.020515867948812178,-0.0001554498480719357
performed under,0.00715813681928165,-0.020755069882726893,-0.00014856762991431106
performing,0.014533936685489274,0.09218042153958536,0.0013397444102980452
performing any,0.007577054427323699,0.04009506001510956,0.0003038024520012953
performing its,0.01052763215173791,0.026584592129460984,0.00027987280684295206
performs,0.007500912372361329,0.025286688123678205,0.0001896732318029401
period,0.011691115322229224,0.07877498505544006,0.0009209674347900335
period after,0.007577054427323699,0.01610552064551145,0.00012203240651142577
period and,0.008512338347721495,0.040809172188973716,0.0003473814813629705
period as,0.0057596950584364705,0.03778015673715419,0.0002176021820659423
period beginning,0.0067079391274018334,0.021584231686467555,0.00014478571226456217
period commencing,0.013218111394107182,0.03468648795215577,0.0004584898616219517
period for,0.005958300365683749,0.08522730017689013,0.0005078098538102031
period from,0.006759018437786806,-0.05910850978979681,-0.0003995155074993386
period if,0.006340100829744757,0.04659441052602238,0.0002954132608375023
period in,0.011472665800594585,0.048700583193740585,0.0005587255152758391
period is,0.007222190611637434,0.020213134620786225,0.00014598311109000588
period means,0.007914090218371736,-0.005258906322790412,-4.161945908852888e-05
period of,0.008770036680347726,0.09590061306838146,0.0008410518942775399
period or,0.006257741435522016,0.0660282994002595,0.00041318802507405735
period prior,0.007577054427323699,0.03848105406357343,0.00029157304106048167
period shall,0.011588673132482326,0.04668184655974709,0.0005409806610016035
period to,0.00656203038512981,0.015299819897030194,0.00010039788305132577
periodic,0.01026970086267994,0.06456422401612331,0.0006630552670766424
periods,0.0043299732137535235,-0.004738043061583994,-2.051559954226943e-05
permissible,0.010595277268227246,0.06626649746907069,0.000702111914279083
permissible under,0.007914090218371736,0.0632398821911358,0.0005004861330598488
permission,0.005550282432954849,-0.0048196374233191374,-2.6750348923859982e-05
permission of,0.0074275397412975714,-0.026309251182909225,-0.00019541300872483842
permissions,0.017012150548699492,-0.022654695411444267,-0.00038540508897442143
permit,0.005859741819122645,0.07211631117194518,0.00042258296441510877
permitted,0.01077699146065975,0.06905985730683246,0.0007442574924701143
permitted assigns,0.004839224633488535,-0.004609357006894642,-2.2305713972307532e-05
permitted by,0.00884679062168058,0.09768663913325058,0.0008642132429475364
permitted to,0.007331281938766863,0.03665499313287351,0.00026872808912065897
permitted under,0.013789404048372037,0.0705882818001109,0.0009733703388220754
perpetual,0.006257741435522016,0.05606724058040388,0.00035085429455537483
person,0.010479794366191628,-0.028144085381898002,-0.00029494422742683084
person and,0.006920506601053043,0.008129819504135423,5.626246954373897e-05
person as,0.007500912372361329,0.00898763786981313,6.741548409598452e-05
person at,0.0077385425905899365,0.009344337811791146,7.231155613740575e-05
person in,0.011190862642193971,-0.023235356795270314,-0.00026002368633823837
person means,0.006759018437786806,0.018360515301300576,0.00012409906144875737
person or,0.00853097850631781,0.09140870303823587,0.0007798056809095777
person other,0.005889903137864939,0.024270132422146998,0.0001429487291096012
person that,0.006609503751760677,0.017985841389095404,0.00011887748613979855
person whether,0.007577054427323699,0.0010831218279814558,8.206873042037827e-06
personal,0.003333804682572777,0.0912398763809967,0.00030417592711632816
personal information,0.0074275397412975714,0.012905426325571215,9.585556691156809e-05
personally,0.004377077104146139,-0.003167922755660733,-1.3866242161506136e-05
personnel,0.013184149057009239,0.098274862291771,0.0012956704330117654
personnel and,0.006340100829744757,0.0655489523716466,0.0004155869673203761
personnel of,0.01624020057699359,-0.018356903827729754,-0.0002981198001349126
persons,0.007570263459878144,-0.03174615238816831,-0.00024032673741587382
persons or,0.007288344898710119,0.038820781963638556,0.0002829392481886229
pertain,0.007222190611637434,0.07117808725064895,0.000514061713495947
pertaining,0.0163446854447276,0.07296974795191843,0.0011926675772551628
pertaining to,0.01672127512444908,0.06644532341914462,0.001111050533624517
pertains,0.008106380888247012,0.008656977410784632,7.017675623277065e-05
petition,0.008475408617727173,-0.017357249437316823,-0.00014710978146107513
petition in,0.0068652284858365525,-0.062256671890186834,-0.0004274062772938904
petition is,0.008106380888247012,0.07764332179476952,0.0006294063398971324
pharmaceutical,0.027951881654825813,0.053592304215270864,0.0014980057450346737
pharmaceutical product,0.021061389889911707,0.05238847600990082,0.0011033741189828072
pharmaceutical products,0.017458247261075057,0.059543739666073466,0.0010395293299393933
pharmaceuticals,0.01938170379705285,-0.04774024659896496,-0.0009252873187793986
pharmacovigilance,0.03469231658502816,0.05556571757192199,0.00192770346527938
pharmacovigilance agreement,0.027491540321032404,0.038034244439671704,0.0010456199645932371
phase,0.021397962675474943,0.05389322746623908,0.0011532052697834647
phase clinical,0.010535426112280295,0.03586513544958133,0.0003778544845359888
photographs,0.007288344898710119,0.06284997564207688,0.00045807229935498624
phrase,0.0070960542288348435,0.043612139002967364,0.00030947410340053955
physician,0.0185223132399542,0.02194809102991465,0.00040652941707510816
place,0.008613212694512663,-0.026456171229109125,-0.00022787262987876338
place and,0.012575917971474929,-0.02010375378746015,-0.0002528231585498273
place of,0.00707813156966942,-0.0028204923116898987,-1.996381567338215e-05
plan,0.020298342173417482,0.12277052205394723,0.002492038065460118
plan and,0.018831343070511503,0.11859057969392567,0.0022332198911471494
plan as,0.012575917971474929,0.0435588507606428,0.0005477925340975621
plan for,0.01923342613996771,0.08593302832633024,0.0016527865532982254
plan in,0.017234272731483424,0.06860386489349043,0.0011823377180082552
plan including,0.020418515216235895,0.04412633873990922,0.0009009943189976159
plan or,0.018869553726378333,-0.00987244247955396,-0.00018628858377852316
plan shall,0.017392136333688878,0.07695452512749408,0.0013384035925116636
plan the,0.01111048324533123,0.0889056914557839,0.000987785195334075
plan to,0.006515648457526557,0.06010427475486013,0.00039161832509725683
planned,0.013485611036918307,0.02732530776878237,0.0003684984720338811
plans,0.01371180711219578,0.06618600852692444,0.0009075297824473331
plans and,0.010461300616020073,0.052911469444851325,0.0005535227878979504
plans for,0.008106380888247012,0.05984915723103042,0.00048516006435531545
plural,0.005466786724991373,0.01008671210639898,5.514190384207171e-05
plural and,0.006759018437786806,-0.03423433144957684,-0.0002313904774729946
plus,0.01083983922751159,0.01666785843177251,0.00018067690566733746
pmda,0.03967760426771578,0.016571073404773557,0.0006575004928458747
pocket,0.012211161484975714,0.07054635986734216,0.000861452992517325
pocket costs,0.01222823167156043,0.07514838763948202,0.0009189318937998143
pocket expenses,0.010208150246922627,-0.0036602518044588084,-3.736440036148518e-05
policies,0.006257817461191693,0.10775919855936282,0.0006743373943488034
policies of,0.005412982869974456,0.0590785266327971,0.0003197910526466604
policy,0.0039492433387297585,0.05346395558091499,0.00021114217044007223
political,0.013744327839717048,-0.002993537777425309,-4.114416461351137e-05
political party,0.008007945512605858,0.022736300114967526,0.00018207105247891424
political subdivision,0.007222190611637434,0.00906758067439665,6.548779601689252e-05
portion,0.00980448400104127,0.08725190316157375,0.000855459888608052
portion of,0.007926271608848564,0.09686516591467068,0.0007677796144758599
portion thereof,0.012652739111361474,0.0448794722783082,0.0005678482541930131
portions,0.007604705167094896,0.10754919378373785,0.0008178799096840815
position,0.015973635057636958,0.019866050295589,0.0003173330374583995
position of,0.007577054427323699,-0.012119001269323611,-9.182633222246999e-05
positions,0.012575917971474929,-0.007965685412961438,-0.00010017580633997744
positive,0.008209866391664815,-0.017402315277184784,-0.0001428706833313145
possesses,0.0074275397412975714,-0.03151656434269439,-0.00023409053416452455
possession,0.0073701946157719925,0.11561985420027728,0.0008521408269032264
possibility,0.004594946880437563,0.06006321935046325,0.0002759873023834482
possibility of,0.0047417406962018864,0.049700017385941646,0.0002356645950408608
possible,0.009921222780973417,0.040867557015948186,0.00040545613766935514
possible in,0.0074275397412975714,0.015871780353226506,0.00011788827933873588
post,0.015920614102951508,0.02329039875851826,0.0003707974509382301
postage,0.006643409561439622,0.024065113052228648,0.00015987440214830124
posted,0.012340240616199498,0.04697924373947617,0.0005797351717122198
posting,0.005923811919134318,-0.013582086931179621,-8.04577284496403e-05
potential,0.006708477562186816,0.07855892064268362,0.0005270107564410578
power,0.009677568222491469,0.019735075432634846,0.00019098753887533907
power of,0.011357528220928155,0.03499077528037904,0.0003974087177190602
power to,0.01105010882513344,0.04884423773875725,0.0005397341424939573
powers,0.015030077187068678,0.02318572983668446,0.00034848330908388865
practicable,0.013552848290557954,0.05251546233956929,0.0007117340939966923
practicable after,0.011190862642193971,0.012668186559212341,0.00014176793570983316
practicable and,0.012963044992779548,0.05569193277690622,0.0007219370303218894
practice,0.018798122758796432,0.044674633419879164,0.0008397992432311182
practice and,0.021153097622422973,-0.01925134697617091,-0.00040722562195008057
practice or,0.017012150548699492,0.0012908586272365517,2.1960281303635777e-05
practices,0.004253831158791154,0.03279872497834223,0.0001395202382814939
pre,0.014200931486901212,0.08868521005324687,0.0012594125918676013
pre clinical,0.023421000036315625,0.009841109893929325,0.00023048863518310478
preceding,0.004095794707219461,0.09760739627572258,0.00039977985705157707
preceding sentence,0.005697612467989664,0.004619118311355898,2.6317946081900727e-05
preclinical,0.01494368569602723,0.0527008409013332,0.0007875448023458598
preclude,0.008782668803765659,0.030058226752844076,0.000263991450398718
preference,0.014280455205571167,0.03847188577023594,0.0005493960414157051
prejudice,0.01015565628346447,0.08120785945757998,0.0008247191081670717
prejudice to,0.005550282432954849,0.08026424052202703,0.0004454892041638694
preliminary,0.0057596950584364705,0.028415914197025785,0.00016366700058156417
premises,0.00449146137701976,0.0722909465070961,0.0003246919941448236
premises and,0.0057596950584364705,0.062268007031428686,0.0003586447323976072
preparation,0.013737555676406688,0.015735922314653587,0.00021617310891716406
preparation and,0.013102491568900407,-0.0074054838332782,-9.703028948915588e-05
preparation of,0.01052763215173791,0.024978434107291423,0.000262963766007988
prepare,0.01150038147519829,0.06784015099478817,0.0007801876157751167
prepared,0.013935612856913828,0.03605678097868145,0.0005024733405854392
prepared by,0.014055042645429457,0.021067377602662984,0.0002961028906327936
preparing,0.005578900288572575,0.041451326264448064,0.00023125281605844525
prescribers,0.010903264409937372,-0.023421965155431504,-0.00025537587909000957
presence,0.0068652284858365525,0.03697328118552037,0.0002538300232096791
present,0.012710168154791516,0.05330281130556134,0.0006774876948168069
presentation,0.020031667280914246,0.08645712923829015,0.001731880446964431
presentation of,0.007577054427323699,0.03257153483317517,0.000246796292212438
presentations,0.014642735767148835,0.05378297932066043,0.0007875299549624606
presented,0.01257779905335983,0.020649283565305137,0.00025972253928025364
presented to,0.007824407676386914,0.009752148974957492,7.630478930092617e-05
preserve,0.009805807312913018,0.023064570624491274,0.0002261667352988353
president,0.0031701318683152262,-0.06024321296464801,-0.00019097892926893165
press,0.012131737717085917,0.10305533897383208,0.0012502403427759128
press release,0.012156760809945082,0.11896096991456002,0.0014461800569703794
press releases,0.010208150246922627,0.032394209593834246,0.0003306849586641624
prevail,0.006140182457047066,0.026813160062026966,0.000164637695030853
prevailing,0.00793312939836295,0.016284077640122595,0.00012918369505208135
prevailing party,0.0052844346219792565,0.021167027104092538,0.00011185577087323992
prevent,0.008556519194945144,0.0940648677989942,0.0008048678468920712
prevent the,0.01026970086267994,0.00636707088128468,6.53879133222736e-05
prevented,0.00991600934571192,0.061601698707080176,0.000610843020091137
prevention,0.015901299533088626,0.06786648237342834,0.0010791652644769635
prevention of,0.018460831394585056,0.01989337180978833,0.00036724818285029375
previously,0.012272952909559908,0.05930792979816741,0.0007278834295763935
price,0.012412969934495111,0.014158600031431103,0.0001757502765046958
price in,0.008106380888247012,0.019683004263820435,0.00015955792958751843
price of,0.008703224135805775,0.04050799270672178,0.00035255013981818527
price paid,0.015901299533088626,0.020750730504973926,0.0003299635812899898
prices,0.01083983922751159,0.09408702614087228,0.0010198882367617357
prices and,0.013102491568900407,0.02891329539035079,0.0003788362090811982
pricing,0.014772315797310538,0.016893663935310565,0.00024955853862604355
pricing and,0.021542998638454738,0.009277591619770882,0.0001998671436328632
primary,0.008159864427185609,0.06772074559276954,0.0005525921029449268
principal,0.006219649837813941,0.07848369138873082,0.00048814107841695906
principal place,0.008823094917641671,0.03168938566545247,0.00027959845760804053
principle,0.00715813681928165,-0.02010030023601728,-0.00014388069919805092
principles,0.007709095659676959,0.007385252680262983,5.693361938303299e-05
principles of,0.005550282432954849,-0.007281376190110402,-4.0413694355705475e-05
prior,0.011522898278715481,-0.012460899669977345,-0.00014358567935842827
prior agreements,0.005094409561542902,-0.013716494525526,-6.987744086169052e-05
prior and,0.007500912372361329,-0.04946352353583617,-0.0003710215556705393
prior notice,0.005637383368709824,0.043013004273325765,0.00024248079492869125
prior or,0.0068652284858365525,-0.007389218081889359,-5.0728670463845365e-05
prior to,0.011678514645027543,0.07750908355925185,0.0009051909674693862
prior written,0.009671759884784257,0.09358822177847162,0.0009051628090853141
priority,0.0057596950584364705,0.09616087556846596,0.0005538573198266177
private,0.005187185676830007,0.09830142792740101,0.0005099077589569518
privilege,0.00617861266647852,-0.04416163216747682,-0.00027285761988233757
privileges,0.007356742126528927,0.00495496909405979,3.6452429869918534e-05
pro,0.005235224255677302,-0.016645548199176217,-8.714317768137297e-05
pro rata,0.006029097980452392,0.033494834013230244,0.00020194363610475454
procedure,0.008126537657924197,0.0654502555889689,0.0005318839667645195
procedures,0.012421404076900728,-6.882751217214864e-05,-8.549343402980616e-07
procedures for,0.0067079391274018334,0.007606050798505782,5.102092575630289e-05
procedures in,0.007577054427323699,-0.01780577040846636,-0.00013491529150537934
procedures set,0.012575917971474929,0.023880225540235344,0.00030031575753432027
procedures to,0.012963044992779548,0.035999847717808,0.00046666764569915726
proceed,0.009699049663319165,0.027475648533629906,0.0002664876796595788
proceed with,0.00715813681928165,0.013685574675932248,9.796321598081916e-05
proceeding,0.011168855454491849,0.04195881920359118,0.0004686319867260667
proceeding by,0.013399719539933146,0.0017828942816795687,2.3890283343856787e-05
proceeding in,0.006658121164349814,0.01799737472609014,0.00011982870156651519
proceeding or,0.009699049663319165,0.08040082507657026,0.0007798115953894919
proceedings,0.012668948442053168,0.05429205834007607,0.0006878232879233664
proceedings and,0.01429453943357473,0.04983129963023,0.0007123154775906007
proceedings or,0.01612900758479603,-0.03750706959527617,-0.0006049518099856819
proceeds,0.005889903137864939,-0.022456353823652624,-0.00013226574885093692
process,0.008724130994520359,0.05421833818388479,0.0004730078846214159
process and,0.006382576608996469,0.008331664165438261,5.317748481634033e-05
process development,0.0147080083407518,0.0032253008832857357,4.743775229280075e-05
processes,0.009219258350931672,0.04058787445317972,0.0003741901004990434
processes and,0.014765469077804027,0.03759016300116041,0.000555036389423247
processing,0.004839224633488535,0.023070470468404897,0.00011164318899687475
procure,0.005309497366556654,0.05748852566084823,0.00030523517560349827
produced,0.008703224135805775,-0.030574712635665906,-0.00026609857695605334
produced by,0.007288344898710119,0.000849815902376024,6.193751396925031e-06
producing,0.00715813681928165,0.002297492486485129,1.6445765559532152e-05
product,0.020267688695980866,0.12902032887509876,0.002614943861093573
product and,0.018332139150669273,0.09064448919276676,0.0016617073891231373
product are,0.008007945512605858,0.045988511599833845,0.00036827349509731185
product as,0.014135958978965024,0.054801853058041375,0.0007746767467997418
product at,0.015295410168484586,0.06540823347814315,0.0010004457594442046
product basis,0.009504822649092193,0.029782137370790947,0.0002830739338202688
product by,0.01906094868305642,0.038129846346241295,0.0007267910444985317
product during,0.013247873796826097,0.058588436527536376,0.0007761722130701581
product for,0.024219575022770414,0.09702494040324872,0.0023499028231763106
product from,0.007035825129555003,0.05698533396024807,0.00040093884469359745
product has,0.013900512133821133,0.04376701136280826,0.0006083838725098035
product if,0.014765469077804027,0.0947454913510206,0.0013989616228048435
product in,0.03254960560909328,0.15055128431087056,0.004900384928261309
product including,0.023562546152978845,0.07684011892665421,0.0018105488486096731
product is,0.015029566649543467,0.02004539892672939,0.00030127365918596646
product manufactured,0.008318948361898223,0.051672586386644945,0.0004298615778762244
product materials,0.019223082347285963,0.02768609548148853,0.0005322120933154758
product means,0.01171743623961945,0.041290048141887935,0.00048381350643338946
product of,0.0067079391274018334,0.041176043277568394,0.0002762063918131923
product on,0.01795694095720849,0.08619481499979628,0.0015477952037688506
product or,0.015352894879957071,0.15663587895817654,0.002404814184074564
product outside,0.016855314622733663,0.03994468570889617,0.0006732802451296581
product provided,0.016420398101214668,0.019406722953965803,0.0003186661167440992
product quality,0.008556578580126829,0.056645689325111465,0.00048469329193576773
product sales,0.008106380888247012,0.017357907764377956,0.0001407098117611079
product shall,0.0189083329317245,0.10328789077683648,0.0019530018266240203
product sold,0.0076561831963671955,0.028027680101782408,0.00021458505342842167
product specific,0.02222244254975398,-0.0060407479865526815,-0.00013424017508870898
product specifications,0.013247873796826097,-0.03983632856782351,-0.0005277466533954239
product that,0.01592401817320515,0.09455854277576597,0.0015057519535930939
product the,0.015129346858951453,0.080966620852899,0.0012249720908807209
product to,0.017222200661414683,0.09394447214082931,0.001617930550240044
product trademarks,0.043569193749684085,0.03284131665517489,0.0014308696883440417
product under,0.012119779173629061,0.007801469932894692,9.45520928163904e-05
product units,0.00995502034097201,0.014952576464760994,0.00014885320285663503
product which,0.015129346858951453,0.10784411218067765,0.0016316109798771435
product will,0.01171743623961945,0.029328362993440774,0.00034365322338805694
product with,0.015438949431295972,0.06586668608348413,0.0010169124356499575
product within,0.01867133991726528,0.029210157847117914,0.0005453927862005124
product without,0.008007945512605858,0.003986518514805585,3.192382305155755e-05
production,0.01051044577330851,0.023815365712237416,0.00025031010988998216
production of,0.0055220648402078635,-0.05726589256387199,-0.00031622597187007845
products,0.01625862646332433,0.1403635580882058,0.0022821186600192646
products and,0.012368600796786304,0.18610770797291587,0.00230189194512188
products are,0.0056672731745598705,0.0639727403231171,0.0003625509951362861
products as,0.01285403615865153,0.0870489460101779,0.0011189302995873317
products by,0.006425965915541734,0.04728489575871128,0.0003038511284654226
products during,0.007914090218371736,0.07530315006602993,0.0005959559233501465
products for,0.017745499405800714,0.0952729100543514,0.0016906653687583976
products in,0.021047515712318183,0.1504844910081213,0.0031673246889536376
products including,0.01170794870285247,0.12112609589683328,0.001418138117336913
products of,0.007288344898710119,0.07820659288549382,0.000569996622302488
products on,0.007288344898710119,0.07291360860632484,0.0005314195273324538
products or,0.00707813156966942,0.20674460757321236,0.0014633655337228698
products other,0.007824407676386914,0.04486583101437043,0.00035104855259631806
products shall,0.012791913896536606,0.171969007196145,0.0021998127329259706
products sold,0.017637238962401998,0.09870183103501,0.001740827779991097
products subject,0.008106380888247012,0.06966676257229693,0.00056474531266211
products that,0.011768870656703406,0.09536936449735622,0.0011223897153813873
products the,0.009302550985233277,0.05642377185042112,0.0005248850144177126
products to,0.008475408617727173,0.18840543773430574,0.0015968130705999951
products will,0.01429453943357473,0.06137486778493051,0.0008773254677821245
products with,0.011912687481018865,0.044693846419446744,0.0005324238247195231
products within,0.0068652284858365525,0.05947944326946046,0.0004083399682551992
professional,0.004123623079362684,0.009947977986605622,4.1021711618558865e-05
professionals,0.007222190611637434,0.059664470704032545,0.0004309081801669806
programs,0.004109660912958752,0.1403748305712448,0.0005768929543618521
programs and,0.006515648457526557,0.06202558558433518,0.00040413691103975496
progress,0.015029566649543467,0.07480382224468383,0.001124269032067078
progress of,0.015022153892912128,0.026670620914984698,0.000400650171804421
project,0.005005712861255362,-0.00496873355443355,-2.487205345757909e-05
project in,0.009312531979216915,0.07097146170783852,0.000660924006766015
promise,0.006609503751760677,0.026052775784703542,0.0001721959192927778
promote,0.004253831158791154,0.22156823212653856,0.000942513849618141
promote the,0.0054942364680646396,0.17905472770628153,0.000983769014743236
promoting,0.01222179090438941,0.14826730420471312,0.0018120919899475005
promoting the,0.0076561831963671955,0.13651538847554973,0.0010451868232920437
promotion,0.008287930601598947,0.16332362587838747,0.001353614876881585
promotion and,0.01052763215173791,0.08727953870244096,0.0009188468778326708
promotional,0.009873728522560866,0.1752707352602776,0.0017305756579096172
promotional materials,0.011359752369278369,0.17316125441307537,0.0019670689700861475
prompt,0.004441643413967741,0.1053518646102415,0.00046793541559530025
promptly,0.01266634595188327,0.09342807899084464,0.0011833923701179154
promptly after,0.005923811919134318,0.07567523045787672,0.0004482858321696065
promptly and,0.00656203038512981,0.027440020429130282,0.00018006224782453564
promptly following,0.022654657315859233,0.04577539738389225,0.0010370259412293581
promptly notify,0.012710168154791516,0.06968484928456962,0.0008857061522481831
promptly provide,0.011273179077245387,0.033488303036753486,0.00037751963712638256
promptly upon,0.006382576608996469,0.045849347968962596,0.0002926369758844404
promulgated,0.005334875374044817,-0.04465163611816538,-0.0002382109139376106
promulgated thereunder,0.006759018437786806,0.01955119526799996,0.00013214688929718188
proper,0.004194921134415015,-0.0022740684749544284,-9.539537906693252e-06
properties,0.00894732558105754,-0.0037726370894130587,-3.375501233815192e-05
properties or,0.007035825129555003,0.01078329322956089,7.586936548390483e-05
property,0.010281559775425145,0.09498874265246463,0.000976632435573791
property and,0.01015565628346447,0.09438023918354554,0.0009584932690992539
property as,0.0068652284858365525,0.024968672834994786,0.0001714156440003395
property for,0.008007945512605858,0.03831692778137213,0.00030683986988368163
property rights,0.008103240766353017,0.17948646115243796,0.0014544220090188724
property that,0.007824407676386914,-0.008543028454121509,-6.684413741602016e-05
proportionate,0.008318948361898223,0.02502597436445928,0.00020818978844412545
proposal,0.026309129204907862,0.05374293163050667,0.0014139297321175295
proposals,0.014837475163457712,0.041268086845711933,0.0006123142136166668
propose,0.006977342049417754,0.0017107672914827975,1.1936608559631441e-05
proposed,0.015679576456187342,0.12470634968277787,0.0019553427444231495
proposed by,0.007824407676386914,0.017246793480047255,0.00013494594329834151
proposed to,0.008209866391664815,0.03740385652270973,0.00030708066458444736
proposes,0.015587526175657836,0.06079969641289556,0.0009477168593080594
proposes to,0.0168055728597393,0.06809467399972344,0.0011443700052625474
prosecute,0.006340100829744757,0.11246132432498955,0.0007130161356670605
prosecute and,0.008825981502142751,0.07773500597153278,0.0006860877247737046
prosecuting,0.0076561831963671955,0.052885009223423374,0.00040489731895609817
prosecution,0.02216610339953888,0.16923656615716537,0.00375131522442263
prosecution and,0.02305000198421451,0.07428681651593082,0.0017123112680931846
prosecution of,0.016420398101214668,0.082053435795737,0.0013473500813384594
protect,0.003936433613199637,0.11290240541810583,0.00044443282369892464
protection,0.013917081474013592,0.12959088853465728,0.0018035269540266391
protection of,0.013244607672382945,0.1058408470525691,0.0014018204949239666
protective,0.011359752369278369,-0.0012486590063598266,-1.4184457105916813e-05
protocol,0.014765469077804027,0.03273940617721903,0.00048341268953539375
protocols,0.00715813681928165,0.023301617616240736,0.00016679616700763473
provide,0.011791368375008493,0.02207331412182555,0.00026027457806772217
provide and,0.0068652284858365525,0.02011395526510464,0.00013808689864883847
provide or,0.0067079391274018334,-0.014882070578583284,-9.982802353083446e-05
provide reasonable,0.005823748850792255,0.05498887324012128,0.0003202413873385173
provide such,0.010283324329810817,0.050001763989101604,0.0005141843561625869
provide the,0.010450343525053453,0.10336015117961261,0.0010801490866284107
provide to,0.015527022182805638,0.06764688256839255,0.0010503546462370791
provided,0.012290695540869619,-0.02038571535704951,-0.0002505546208363257
provided above,0.007222190611637434,0.012582344022453677,9.087208687135734e-05
provided below,0.00715813681928165,0.0077927304871023605,5.578143102246604e-05
provided by,0.006958604775724895,0.04046142229783676,0.0002815550464343486
provided for,0.0068197566773702326,0.11871878115349256,0.0008096332005007863
provided further,0.012021722060283258,0.06677283406286848,0.0008027244522812193
provided herein,0.004283944031145198,0.12303827152334809,0.0005270890688948692
provided hereunder,0.015440061664663862,0.05973739139236452,0.0009223490067842683
provided however,0.011013398937364968,0.13936542516130548,0.0015348870253769388
provided in,0.011755008111826799,0.0495365088281592,0.0005823020631065913
provided or,0.011190862642193971,0.001151172323981706,1.2882611355174489e-05
provided pursuant,0.012829068340572373,0.028632897364363908,0.00036733339707601916
provided such,0.0067079391274018334,0.055079388414410096,0.0003694691846583847
provided that,0.013131575539473734,0.10349807636105346,0.0013590928079253942
provided the,0.0054397054459851225,0.005267777862727792,2.8655159928120242e-05
provided to,0.01174476593187105,0.07338681054187537,0.0008619109123008932
provided under,0.005235224255677302,0.02346988812894629,0.00012287012761069238
provides,0.006107640893174872,0.15481305056502548,0.0009455425184280988
providing,0.008729631963162282,0.08197477914376783,0.0007156096521866045
providing such,0.014184559152873723,0.05750696302607862,0.0008157109187455343
provision,0.008690617194466106,-0.037451629296737586,-0.0003254777735269982
provision hereof,0.00610247061151615,-0.019244136909059423,-0.00011743677993152837
provision in,0.005993388641282742,0.0496253493639729,0.0002974240051977229
provision of,0.008370501529669668,-0.018929711938935057,-0.00015845118274106207
provision that,0.0077385425905899365,0.007771638900954202,6.014115863371966e-05
provision to,0.006382576608996469,-0.004006656576417999,-2.5572792544927393e-05
provisional,0.012456047189639032,0.04502034374936931,0.0005607755262359147
provisions,0.010066781865662944,-0.0007416321588538943,-7.4658491677428436e-06
provisions in,0.01111048324533123,-0.023035266522126483,-0.0002559329427458257
provisions of,0.009726098839968372,0.038760901041559,0.0003769923546564358
provisions set,0.007035825129555003,0.07894349157701899,0.000555432601852404
provisions shall,0.0062177891400181096,0.008662221189799688,5.385986484237125e-05
public,0.00954599842016243,0.0844379581800315,0.0008060446153883219
public domain,0.010505050524174508,0.06937271082472683,0.0007287638322127032
public or,0.011273179077245387,0.08117377583004012,0.0009150865113082156
publication,0.016428436846518363,0.16152551713412866,0.0026536117573392527
publication of,0.008106380888247012,0.038681335676993854,0.00031356564026385026
publication or,0.012119779173629061,0.07119025542506524,0.000862810175066039
publications,0.007035825129555003,0.07946101888191616,0.0005590738334694303
publicity,0.004819347379172931,0.20410054803164573,0.0009836314412440708
publish,0.013789404048372037,0.08963765402226327,0.0012360498292611692
publish or,0.012829068340572373,0.052987325017032086,0.0006797780138276248
published,0.008402725732015623,0.0185284888229041,0.00015568980980758016
punitive,0.0078100181735132855,0.11275830040251032,0.000880644375358076
punitive damages,0.00617861266647852,0.07217655822659394,0.00044595099688165776
purchase,0.00818188055908792,0.018081530526463614,0.00014794092309302741
purchase any,0.007222190611637434,0.013321101732340282,9.620753586797515e-05
purchase of,0.005094409561542902,0.037940940915008665,0.00019328669217135445
purchase price,0.011647890919377782,0.0023932850598873496,2.787672331654437e-05
purchasing,0.005466786724991373,0.011588021044501162,6.334923961499961e-05
purpose,0.00795477120827451,0.02551625699831808,0.00020297598651315362
purpose of,0.008541866426024027,0.012297835592985017,0.000105046468964482
purposes,0.011121412416769009,0.03586612729199843,0.00039888199340664917
purposes and,0.005923811919134318,0.021676767582621183,0.00012840909417423578
purposes hereof,0.007824407676386914,0.025508367391716736,0.00019958786563184605
purposes of,0.011838601677834536,0.07967691182566794,0.0009432632220240268
pursuant,0.014507662566994506,0.0009974632201914183,1.4470859821524838e-05
pursuant to,0.014529585529198915,0.0046681619846188314,6.782645881967427e-05
pursue,0.015196711043751835,-0.044530243625610734,-0.0006767132450862784
pursuing,0.007356742126528927,0.014558191709933069,0.0001071008622385488
qualification,0.012360623104188223,-0.04908822271568258,-0.0006067610198430034
qualified,0.0045773264628167385,0.007268040163610898,3.326819257371106e-05
qualified to,0.007035825129555003,-0.012557927663042668,-8.835538302676953e-05
quality,0.013039902514391938,0.042582412881925824,0.0005552705128079002
quality agreement,0.02089623662130025,-0.014932753438091398,-0.0003120383492498927
quality assurance,0.01111048324533123,0.008533204851787077,9.480802953475949e-05
quality control,0.006029097980452392,0.017739021352804713,0.00010695029781339676
quality of,0.0060654507656467405,-0.021856057684321313,-0.00013256684181538604
quality standards,0.0077385425905899365,0.05827303502875642,0.00045094836345297085
quantities,0.016587749428628642,0.020589471595609133,0.00034153299569583104
quantities of,0.01714191251724913,-0.0011697027822749118,-2.0050942764939445e-05
quantity,0.01150038147519829,-0.03474016375918397,-0.0003995251357414743
quantity and,0.007222190611637434,0.0011968928056935503,8.644187984416347e-06
quantity of,0.010147689079987877,-0.009515715092623458,-9.65625181336909e-05
quarter,0.014929145041457512,0.13619380186275953,0.0020332570217566634
quarter during,0.007500912372361329,0.042235356725030676,0.00031680370980987683
quarter in,0.012700148634890796,0.04158188387640921,0.000528096105749166
quarter of,0.012963044992779548,0.03635543018810902,0.0004712770772603131
quarterly,0.010758237129639699,0.07969598309361654,0.0008573882844008832
quarterly basis,0.01440745286489095,0.0320501401342187,0.0004617608832969057
quarters,0.012829068340572373,0.028218251003864145,0.00036201387057999807
question,0.009210221938946292,-0.002643939310038896,-2.435126783856276e-05
questions,0.0056672731745598705,0.011502321698901407,6.518679920934186e-05
rata,0.006029097980452392,0.033494834013230244,0.00020194363610475454
rate,0.015570743075877629,0.0980328329760351,0.0015264440552702665
rate for,0.013558630366746273,0.06175121410253303,0.000837261886714055
rate of,0.004879576478452771,-0.004140024141385009,-2.020156442052892e-05
rates,0.005235224255677302,0.16551950098785814,0.0008665317063592382
re,0.01105010882513344,0.08771390659188943,0.0009692482133179677
reach,0.011195835018483332,0.10847891378711082,0.0012145120217447697
reason,0.007847765417684432,0.0625573741931748,0.0004909355978143417
reason of,0.007152126522519891,0.061217927130987594,0.0004378383602872264
reason to,0.010955185286918544,0.030241650337807725,0.0003313028828328864
reasonable,0.011643642274491564,0.042245571819012444,0.0004918923259419228
reasonable advance,0.006977342049417754,0.05204702167730075,0.00036314987289598786
reasonable and,0.01088589160499866,0.03653052119001456,0.0003976672939486052
reasonable assistance,0.01008827946508673,0.021309183575192518,0.0002149729990793781
reasonable attorneys,0.004224161138876652,0.10612466122711219,0.00044828766983201707
reasonable control,0.010483053175342828,0.02585444132102953,0.00027103348318713343
reasonable costs,0.005923811919134318,0.06049285501027103,0.0003583482955323077
reasonable efforts,0.007480174896473001,0.1903960482282603,0.0014241957403446955
reasonable opinion,0.007356742126528927,0.0015078955901992582,1.1093199010826082e-05
reasonable opportunity,0.012119779173629061,0.05498088526525071,0.0006663561881854745
reasonable period,0.013771157604846948,0.04095490275211501,0.0005639964204905558
reasonable prior,0.0074275397412975714,0.028187548507825993,0.00020936413675163063
reasonable request,0.014837475163457712,0.017096371254568768,0.0002536669838749165
reasonable terms,0.008209866391664815,0.027701969870978706,0.00022742947142665937
reasonable time,0.011768870656703406,0.05281098536690579,0.0006215256560361705
reasonable times,0.007356742126528927,0.07137906333054021,0.0005251173621559614
reasonably,0.01277706803045003,0.114080649389136,0.0014576162182029083
reasonably acceptable,0.013897179043224003,0.09108263661636658,0.0012657917087865568
reasonably and,0.013399719539933146,0.00818858962121259,0.0001097248043518561
reasonably be,0.00854967168931364,-0.00470301522690326,-4.020923613986576e-05
reasonably believes,0.017555352252749137,0.09752579629631908,0.0017120997077117385
reasonably determines,0.008007945512605858,-0.015738153802611208,-0.00012603027812032125
reasonably informed,0.0185223132399542,0.054202113609777,0.0010039485265478743
reasonably likely,0.007288344898710119,-0.005226933248027099,-3.809569227415662e-05
reasonably necessary,0.012539079829966994,0.10516236209557468,0.001318639253424306
reasonably possible,0.006811424630819635,0.06958144446417612,0.00047394876467129777
reasonably practicable,0.015827417183881046,0.0113791982076692,0.0001801033172508519
reasonably requested,0.009871932752267425,0.031020409158080738,0.00030623139315639363
reasons,0.01799462433353918,0.027049656947380447,0.00048674841511921934
rebates,0.012575917971474929,0.06673302534447538,0.0008392290527204798
recall,0.018726952577929442,0.012306820367677931,0.00023046924141060078
recall or,0.017458247261075057,0.02703018949920091,0.00047189973179076407
recalled,0.015767487264485448,0.038708379801477955,0.0006103338855486693
recalls,0.015587526175657836,0.042112772956498894,0.000656433950788962
receipt,0.009653310785819654,0.0036336660407493724,3.5076907583232514e-05
receipt and,0.004377077104146139,-0.020879943368052115,-9.139312205216892e-05
receipt by,0.012670023626195053,0.056791156532459565,0.0007195452950252042
receipt of,0.010352639807456328,0.07526477080928606,0.000779189062379292
receipts,0.006140182457047066,0.08577475783811088,0.0005266726633350288
receive,0.005457398885113035,0.03965052001419637,0.00021638870371962736
received,0.009796234307258187,0.044858142214549396,0.0004394408717220355
received from,0.010031725404495895,0.056549651751817726,0.0005672905780941057
received in,0.0070960542288348435,-0.009305174125079597,-6.603002020031564e-05
received on,0.0076561831963671955,0.03408719733663456,0.00026097782745999415
receives,0.006708477562186816,0.10439724200316705,0.0007003465555324332
receiving,0.013662741392596628,0.10650655294993262,0.001455171489571829
receiving party,0.01654898460301982,0.12553870206458972,0.002077538047549988
recipient,0.005334875374044817,-0.042650599280258626,-0.00022753563178850534
recognition,0.007356742126528927,0.03363035562405087,0.00024740985394960404
recognize,0.010955185286918544,0.03953781296301106,0.000433144066849316
recognize that,0.012340240616199498,0.03918812077181192,0.0004835908396208447
recognized,0.004441643413967741,-0.005723765575177483,-2.5422925670082345e-05
reconciliation,0.01494368569602723,0.011501457301147747,0.00017187416295462955
records,0.010658922267160257,0.19465627677705977,0.0020748261229815122
records for,0.012014664210652193,0.05205024908147575,0.0006253662647947389
records of,0.008193519544287348,0.06815908676239604,0.0005584628095084691
records shall,0.006811424630819635,0.0011228195670825467,7.648000855192297e-06
recourse,0.007288344898710119,-0.010002708796575345,-7.290319163080274e-05
recover,0.008625585185743993,0.043840138680948874,0.00037814685074735483
recovery,0.017736644230357337,0.09016140351393138,0.0015991607374362907
recovery plan,0.01645297168872405,0.051510429878015844,0.0008474996444570001
redacted,0.01429453943357473,0.0517533667567763,0.0007397905419249944
reduced,0.013974746280646317,0.14073706204584474,0.0019667647343742586
reduced by,0.008556578580126829,0.06708553857972019,0.0005740226824475058
reduced to,0.01026970086267994,0.11786980906880246,0.0012104876798778002
reduction,0.015112475547386626,0.05381845324940585,0.0008133300587298163
reduction in,0.0074275397412975714,0.015490542661163212,0.0001150566212300552
reductions,0.013725295945480455,0.030209054412800803,0.0004146282120488133
reference,0.011992642483762576,0.0009844533974590957,1.1806197637652356e-05
reference and,0.02230812948487991,0.01478363449844993,0.0003297952326485587
reference in,0.0077385425905899365,0.0064272727378449,4.9737723823150345e-05
reference to,0.00684245421439399,0.021873911595397613,0.00014967123858120995
referenced,0.005386609618697299,-0.0002953556238133559,-1.590965444169364e-06
referral,0.01452346019677869,0.01420005908219393,0.00020623399287214927
referred,0.01053423260257048,-0.007157248892622856,-7.539612462937916e-05
referred to,0.010202541478520935,-0.015782218780541164,-0.00016101874173156332
referring,0.012575917971474929,0.015406706701855344,0.00019375347969310586
referring to,0.013102491568900407,0.022973447560147166,0.00030100940296540386
reflected,0.016007117314454474,-0.03324694239255315,-0.0005321877072245081
reflected in,0.007356742126528927,-0.02669423188127413,-0.0001963825802163009
reflects,0.006920506601053043,0.028386223524820012,0.00019644704728248406
refundable,0.0068652284858365525,0.03703135876612829,0.0002542287390704571
reg,0.009136984351435114,-0.05010357667889999,-0.00045779559606603853
regard,0.0060711061411256265,0.0543479354300813,0.0003299520845470656
regard to,0.0036959678006977235,0.05017252530933029,0.00018543603802297635
regarding,0.011417744745018705,0.06851898570930205,0.0007823322890163953
regarding any,0.013673819921606649,0.0005265490351664933,7.199936686762356e-06
regarding the,0.010446268718440139,0.07151594658830471,0.0007470747957150433
regardless,0.007029677328116598,0.06922892600124243,0.0004866570115607956
regardless of,0.007053818536396973,0.06844956450237447,0.00048283080689514923
region,0.012340240616199498,0.07315378002737652,0.0009027352475223554
regional,0.011357528220928155,0.12261054583993762,0.0013925527345604967
register,0.014035638165646883,0.10669071665463693,0.0014974722945980397
registered,0.007669936839651788,-0.02656940651916069,-0.00020378566986899496
registered as,0.007914090218371736,-0.007013786422538755,-5.5507738520362454e-05
registered in,0.008434266890400183,0.05026293367566726,0.00042393099731506076
registration,0.015069655665881402,0.020421310114556192,0.0003077421116725429
registration and,0.016933274192469542,0.01386143764981749,0.00023471952442618018
registration of,0.017123210869502265,0.0025838215586484505,4.424332139790343e-05
registration or,0.011031951815380848,0.023745999322102657,0.0002619647203295028
registrations,0.01618286227591376,0.07909805547894318,0.0012800329381083232
regular,0.0050495738276492615,0.04512613348257337,0.0002278677425766095
regularly,0.0068652284858365525,0.0763751579880851,0.0005243329102300689
regulation,0.007262998947301395,0.03048884511350466,0.00022144044996381964
regulation or,0.0052110619909154976,0.04647785992411023,0.00024219900926962548
regulations,0.010445512505126597,0.026049797589874045,0.00027210348648104603
regulations in,0.006658121164349814,0.037809057418640435,0.0002517372854031672
regulations including,0.006340100829744757,0.033544961891763765,0.0002126784407237277
regulations or,0.01663414146640259,-0.03185314117526064,-0.0005298496564585787
regulations promulgated,0.006515648457526557,0.015366819902288102,0.00010012479639343188
regulatory,0.02355122706315294,0.07835204864179628,0.001845286888426148
regulatory activities,0.02712861589135206,0.030739875678721763,0.0008339302798359579
regulatory and,0.01574150688086015,0.006347148487672866,9.991368159254352e-05
regulatory approval,0.007288344898710119,0.11687926145140323,0.000851856368964341
regulatory authorities,0.025503067344997982,0.09252011789440678,0.002359546797428209
regulatory authority,0.026334043203391395,-0.014295020244911203,-0.00037644568072284625
regulatory body,0.0077385425905899365,-0.016307684984897226,-0.0001261977148095512
regulatory filings,0.032889714027837066,0.06786873403413088,0.0022321832538138974
regulatory or,0.01638245602355141,0.02112403307530663,0.00034606354289625635
regulatory requirements,0.011912687481018865,0.005429227877672162,6.467669496994379e-05
reimburse,0.012403553723839313,0.03530118066749736,0.0004378600909242612
reimburse the,0.006515648457526557,-0.0331069414874212,-0.00021571319223593794
reimbursed,0.012504162366999607,0.02434382629811766,0.0003043991566656982
reimbursed by,0.007577054427323699,-0.018871013082554945,-0.0001429866932252564
reimbursement,0.01794408787538593,0.05932610426226964,0.0010645528281864743
reissues,0.007356742126528927,0.04234648036622042,0.00031153213602040387
reject,0.016875395811670753,-0.0011769847922253331,-1.9862084233119558e-05
reject any,0.0077385425905899365,0.01765436671941482,0.00013661906876808513
rejection,0.01831704813226526,0.05113322401803925,0.000936609725496327
rejection of,0.015295410168484586,0.008752940305165878,0.00013387981214777275
relate,0.008823094917641671,0.043670500683914745,0.0003853089726351153
relate to,0.009164976684716532,0.01923748669003177,0.00017631111698668576
related,0.010527364616113463,0.07678456515947288,0.0008083391143234934
related information,0.017458247261075057,0.03001011298753373,0.0005239239728691637
related to,0.00962575685563294,0.11365365157855167,0.0010940024158499614
related transactions,0.008209866391664815,0.024312773765762373,0.0001996046242276825
relates,0.01697224012380882,0.04300639701197794,0.0007299148969471437
relates to,0.019543112290679402,-0.004781079184808602,-9.343716737934445e-05
relating,0.011326380967177786,0.05907472902998566,0.0006691028865264146
relating to,0.01141209955505214,0.05583253233592625,0.0006371664174282582
relation,0.008261841156818937,-0.012226739209592276,-0.0001010153772155013
relation to,0.008402725732015623,-0.0009911502537660354,-8.32836374161368e-06
relative,0.0057596950584364705,0.050285078359414176,0.0002896267173398085
release,0.011297831899628808,0.08145794935563679,0.0009202982187084612
release and,0.007288344898710119,0.06240017208355468,0.0004547939758838093
release of,0.009349668515067149,0.03650246657862814,0.0003412859624924904
released,0.009349668515067149,0.016449570304485173,0.00015379802956222855
releases,0.010505050524174508,0.08007017704001798,0.0008411412552849865
releasing,0.008434266890400183,0.03659228314652908,0.0003086290821869188
relevant,0.01587631212207086,0.04135950242491411,0.000656636369711483
relevant information,0.007824407676386914,0.03802168244561768,0.0002974971439966366
relevant to,0.005958300365683749,-0.004312236504967782,-2.5693600344464343e-05
relief,0.009412949969838207,0.0646649438549412,0.0006086878813089581
relieve,0.009496997424957538,0.037648123926154,0.0003575441359811668
relieve the,0.0067079391274018334,0.024066058211336356,0.00016143365351815333
relieved,0.006920506601053043,0.021639824291159914,0.00014975854685260017
relieved of,0.007500912372361329,0.00436917495965781,3.277279851190858e-05
remain,0.00790558965627302,0.05135695759854925,0.00040600703276874296
remain in,0.005981443073497219,-0.012054156719428624,-7.21012522162763e-05
remain liable,0.0074275397412975714,0.053810089979339205,0.0003996765818043402
remainder,0.004377077104146139,-0.006113308159476265,-2.6758421175433332e-05
remainder of,0.004525370158289139,-0.004647501495405295,-2.103166457791127e-05
remaining,0.0037534510336219708,0.08879410972654651,0.0003332843429326487
remains,0.0047417406962018864,0.056391076957290516,0.0002673918645110369
remains in,0.007914090218371736,0.027052940690274765,0.00021409941329509423
remedies,0.007523364022650585,0.06948802132631479,0.0005227836796515733
remedies available,0.0056672731745598705,0.04029733825967534,0.0002283760241252232
remedy,0.007713015136874019,0.00660147013146243,5.091723904959145e-05
remedy or,0.006920506601053043,-0.021541655859626703,-0.00014907917157415957
remedy the,0.00656203038512981,-0.04120464436111619,-0.0002703861283061121
remit,0.011031951815380848,0.02313603737243814,0.0002552356494915881
remove,0.004361253297591291,0.11432906543922447,0.0004986180136573482
remove such,0.0074275397412975714,0.022872804904561325,0.00016988866742357524
removed,0.005856554858055854,0.00743878824507276,4.356567143472965e-05
render,0.008625585185743993,0.013885219003317285,0.00011976813933582454
rendering,0.006920506601053043,0.01893004804984482,0.00013100552248720236
renewal,0.00918578779920891,0.21863073135366892,0.0020082955046006527
renewal or,0.012963044992779548,0.07394068478193472,0.0009584964236251498
renewals,0.010734723844348107,0.08610899775010632,0.0009243563113609837
replace,0.009794242448801282,0.07124541429605837,0.0006977948609808885
replacement,0.0047417406962018864,0.047900269320464574,0.00022713065639587754
replacement of,0.006658121164349814,-0.03108331347340975,-0.0002069564672954292
report,0.013662741392596628,0.08380970581079895,0.001145070336682549
report and,0.007500912372361329,0.043320962898995584,0.0003249467465916821
report on,0.007356742126528927,0.011518455938469318,8.473831003510452e-05
report the,0.01624020057699359,0.022411464083349004,0.00036396667193767566
report to,0.006140182457047066,0.03322601456180635,0.0002040137917299937
reporting,0.012025273432409615,0.06713803009567068,0.0008073531696137858
reporting of,0.013900512133821133,0.01023574022472708,0.00014228203119245983
reporting requirements,0.016420398101214668,0.014944840104942634,0.00024540022408215686
reports,0.011228452007327354,0.12623970476384286,0.0014174764663599838
reports and,0.01170794870285247,-0.009592197873377497,-0.0001123049606491143
reports of,0.0077385425905899365,-0.014151122706731002,-0.00010950906577070221
represent,0.00707813156966942,0.0694665571575676,0.0004916934312532244
represent and,0.00715813681928165,0.03984602458653727,0.00028522329569489433
representation,0.0035964532461095515,0.06543681769442619,0.000235340455412198
representation or,0.0052110619909154976,0.03637026618257039,0.00018952771170347184
representations,0.008435331859935632,0.0517366966059129,0.0004364162052076808
representations and,0.007951104540702296,0.06127371288658751,0.00048719369675823474
representations or,0.008366956119795805,0.07549111140010624,0.0006316308165193058
representations warranties,0.010113941633292762,0.037414410903820805,0.0003784071681252759
representative,0.01317142784610516,0.015953322691560044,0.00021012803873751528
representatives,0.010206006475877223,0.06810018054532818,0.0006950308836540275
representatives from,0.012829068340572373,0.04665108833377977,0.0005984900003961392
representatives in,0.012575917971474929,-0.000815366709538526,-1.0253984855827927e-05
representatives of,0.00478017090563334,0.02465204179026352,0.00011784097293027493
representing,0.012806719816563786,0.044295682344197645,0.0005672823928656506
represents,0.006940264149677427,0.029961971047948188,0.00020794399351774782
represents and,0.0034209056183277507,-0.013777275888564765,-4.713076049244266e-05
represents warrants,0.006759018437786806,0.04843255340292828,0.00032735652143948637
republic,0.007288344898710119,-0.05181391523998616,-0.0003776376848215516
republic of,0.007577054427323699,-0.049089001062461425,-0.0003719500328332211
reputable,0.00656203038512981,0.05062137837422304,0.00033217902302880466
reputation,0.0055220648402078635,0.11023443898854937,0.0006087217197187074
reputation of,0.007356742126528927,0.059913641958553095,0.0004407692137502587
request,0.011507709029680308,0.05379483690029165,0.0006190553303476656
request and,0.00874271552077893,0.028864299856767483,0.00025235236235417814
request by,0.013854803724261948,0.018256175702044644,0.0002529357311074686
request for,0.009643011989063468,0.043192111020819796,0.00041650204440672566
request from,0.005823748850792255,0.04290109867525585,0.0002498452241077464
request of,0.007202362233085288,0.017645218547891518,0.0001270872556638699
request shall,0.016420398101214668,0.0555491612921759,0.0009121393426061125
request the,0.012652739111361474,0.011707960883351855,0.00014813777458307624
requested,0.010666844315043058,0.06245468523699475,0.0006661944041680411
requested and,0.00656203038512981,0.058616560715570025,0.00038464365248737684
requested by,0.013456819700337085,0.06153610975298144,0.0008280803340060257
requested in,0.007914090218371736,-0.00866424718680741,-6.856963391066735e-05
requesting,0.010461300616020073,0.0613275660585302,0.0006415661045871137
requests,0.009393489334101092,0.06006211713917276,0.0005641928567303497
require,0.010947901718025808,0.05485935404827205,0.0006005948164348637
require that,0.013771157604846948,0.04592297227010031,0.0006324124888145673
require the,0.008905411352693087,-7.379614431969447e-05,-6.571850214095846e-07
required,0.010760698642430733,-0.008531429419132468,-9.180414096845237e-05
required by,0.010216113454302969,0.05654871109360859,0.0005777080482269062
required disclosure,0.0077385425905899365,0.039695000121518345,0.0003071814490738424
required for,0.004314513176468528,0.020653233520195994,8.91086481595671e-05
required hereunder,0.007577054427323699,-0.011172143560751196,-8.465193982968581e-05
required in,0.009717952047065109,0.020172412840450474,0.00019603454065709818
required of,0.007500912372361329,0.028848391717089274,0.000216389258353441
required or,0.007331281938766863,-0.00475131754006459,-3.483324846682173e-05
required to,0.00879300472970701,0.05269193468495654,0.0004633204309022357
required under,0.007840382522370326,0.0362281891753577,0.00028404286122760033
requirement,0.004283944031145198,-0.048968316264157104,-0.00020977752617506616
requirements,0.013063656533747185,0.04181297545300045,0.000546230349972
requirements and,0.005309497366556654,0.08319900198187484,0.0004417448819229063
requirements as,0.007500912372361329,0.0035883472610378567,2.6915878366647746e-05
requirements for,0.014788397481817286,0.03118656907714297,0.00046119937960694194
requirements of,0.013258363622222132,0.006743769730531242,8.941135127191817e-05
requires,0.00710261889140611,0.06328845266948296,0.00044951375953813114
requires such,0.008209866391664815,-0.006300895646210922,-5.172951140321421e-05
resale,0.012729029513097647,0.07253488963616962,0.0009232987509080838
resale of,0.015196836065124675,0.04862629234501693,0.0007389657932220492
research,0.01105010882513344,0.18225034098253454,0.0020138861012746834
research and,0.0057596950584364705,0.09235558480870416,0.0005319400054417038
reseller,0.012963044992779548,0.15792412898414165,0.002047177589466949
reserved,0.0054942364680646396,0.08067715748084774,0.00044325938077106755
resolution,0.01551545559993713,0.05644575819497442,0.0008757816550789129
resolution and,0.008106380888247012,0.006357792158239785,5.153868484300172e-05
resolution of,0.011530272168728926,0.048105322978678706,0.0005546674667087751
resolve,0.013099424381673554,0.0633878089599058,0.0008303438101902554
resolve any,0.005923811919134318,0.06700075735146098,0.0003968998849896109
resolve such,0.01664999198813029,0.05252595587418955,0.0008745567444741412
resolve the,0.01170794870285247,0.043530598836675864,0.0005096540181842504
resolved,0.01394390623104751,0.028305976343239732,0.0003946958799083839
resolved by,0.012806719816563786,0.05611903977690047,0.0007187008187973627
resolved in,0.012340240616199498,-0.010089769270922855,-0.00012451018056512382
resolving,0.01452346019677869,0.011194774570476095,0.00016258686288621982
resources,0.008028464890720578,0.07332048725840926,0.0005886509577246642
respect,0.01363689791610992,-0.00042060409862304385,-5.735735156019878e-06
respect of,0.009424057109901114,0.0051015802658094375,4.807758377573264e-05
respect thereto,0.011588673132482326,0.006709244407852,7.775124040853177e-05
respect to,0.013920524526154329,0.04198386969633305,0.0005844374878106717
respecting,0.007222190611637434,0.05038604612359468,0.00036389762927135623
respective,0.011379797136595468,0.042359881107536544,0.0004820468537340688
respective affiliates,0.014218258564489711,-0.03687054837036669,-0.0005242349901443984
respective officers,0.01052763215173791,0.026731155632796356,0.0002814157734929369
respectively,0.008587417562366244,0.0008212421447703934,7.0523492169565975e-06
responding,0.006920506601053043,-0.029419677585138925,-0.0002035990729288062
responding to,0.007222190611637434,-0.015080757935381859,-0.0001089161083772916
response,0.011360823630845847,0.001980814995391452,2.2503689807977016e-05
response to,0.012087366828615763,0.031545505770863604,0.00038130210004664385
responsibilities,0.01117868596961605,0.07100220127014573,0.0007937113111504329
responsibilities as,0.008434266890400183,0.03364166432588822,0.000283742775561796
responsibilities under,0.007824407676386914,0.06203664193188968,0.0004853999773491439
responsibility,0.010285203563444454,0.05954918694439068,0.000612475509760667
responsibility and,0.007356742126528927,0.04122805088327963,0.0003033041387277014
responsibility for,0.008193519544287348,0.07798768005235131,0.0006389935807225689
responsibility of,0.005466786724991373,-0.018885671451490747,-0.00010324393798355818
responsible,0.011235260276745384,0.04032378082174529,0.00045304817287474225
responsible for,0.01103054224554381,0.03537623529527292,0.000390219057912806
restraining,0.0070960542288348435,0.07123583860802478,0.0005054933737990707
restrict,0.0056672731745598705,0.028826182861850905,0.0001633658528579251
restrict the,0.007824407676386914,0.003156843235074198,2.470042844166465e-05
restricted,0.005360576676941627,0.07852092942896233,0.0004209174629486748
restriction,0.008060843964940764,0.11326112268834063,0.000912980237284726
restrictions,0.006537643628140786,0.14900284217591156,0.0009741274817262154
restrictive,0.0067079391274018334,0.017335790751701722,0.00011628742908779082
result,0.009472631984724733,0.06338212404233112,0.0006003955354631763
result from,0.01026970086267994,0.06540657707593595,0.0006717059810216813
result in,0.006475721085032223,0.05503006093510997,0.00035635932590809966
result of,0.009416616873314472,0.08149076473522807,0.0007673673102250486
resulting,0.007305552096880482,-0.013183315339065976,-9.631139701915007e-05
resulting from,0.0037769108909006697,-0.03601661533272101,-0.00013603154670353403
results,0.010413991011168036,0.11941593202925845,0.0012435964427429506
results in,0.009699049663319165,0.09298193442941143,0.0009018363998223476
results of,0.005235224255677302,0.09873622150500912,0.0005169062617369506
retain,0.009412949969838207,0.1418332325967075,0.0013350691224932331
retain the,0.01452346019677869,0.05175781031461804,0.0007517024979767767
retained,0.013005790433449954,0.03211453776335351,0.0004176749480172904
retained by,0.010396232615272878,0.062094778647333405,0.0006455517630115574
retaining,0.007500912372361329,-0.009832043696328889,-7.374929820739057e-05
retains,0.01471040188923688,0.08640227719551226,0.0012710122216912322
retains all,0.012829068340572373,0.022632622792858745,0.0002903554645359808
retains the,0.007222190611637434,0.0575777000931131,0.0004158371250521573
return,0.0030026062192665902,0.07769647772037123,0.00023329192721829474
return of,0.006029097980452392,0.06760258916054024,0.0004075826337811659
returns,0.008625585185743993,0.02154560551444176,0.0001858434557432529
revenue,0.007411035757978525,0.197053718920065,0.0014603721571592513
review,0.015337668794495565,0.007250983618407236,0.0001112131851734432
review and,0.016111938296460043,0.07504475601775022,0.00120911647843089
review by,0.012700148634890796,-0.0006045216283979811,-7.677514533660581e-06
review the,0.014135958978965024,-0.04389979007482292,-0.0006205656316828727
reviewed,0.005791467762223785,0.01370435086722354,7.93683062497287e-05
reviewed by,0.0077385425905899365,-0.007581270373455698,-5.8667983675764595e-05
revised,0.00986046394700813,0.043820222959642975,0.00043208772864341747
revision,0.014184559152873723,0.04343823284888379,0.0006161521833412946
right,0.011966336503344867,0.04160592882026872,0.0004978705447975498
right and,0.004630656219607212,0.20030662082978837,0.0009275510995739631
right but,0.010461300616020073,0.05888651818540799,0.0006160295689682859
right in,0.009699049663319165,0.1322889863287553,0.0012830774483127477
right of,0.010478732465397968,0.11331066072510967,0.0011873520992159011
right or,0.00684245421439399,0.03608215547305477,0.0002468904967810228
right to,0.012077690388220208,0.09647297596568828,0.0011651707345437924
right under,0.006759018437786806,0.054413343945886226,0.0003677807949918801
rights,0.013022208372835405,0.013751893061774389,0.00017908001697137556
rights and,0.010259681161015917,0.06330133520559511,0.0006494515162759978
rights are,0.008106380888247012,0.0068708942181595085,5.5698085575255135e-05
rights as,0.006811424630819635,0.027995514629985598,0.00019068933790315534
rights except,0.012829068340572373,0.01878811988881621,0.00024103407404449018
rights for,0.01867871359862398,0.0005869945006923051,1.0964302162398852e-05
rights granted,0.014889191438464807,0.18439748623478996,0.002745529473321467
rights in,0.010318253105559859,0.10424546232058247,0.0010756310653298733
rights including,0.006382576608996469,0.006564080364742093,4.1895745795575895e-05
rights of,0.011651084692053733,0.07925103410730827,0.0009233605103170877
rights or,0.009150713937935115,0.08800009422780322,0.0008052636887899623
rights set,0.012575917971474929,0.0510295630174234,0.0006417435986273274
rights shall,0.013972814894945744,0.08865506158068341,0.0012387607649669053
rights to,0.01272385441885975,0.08031171797166511,0.0010218746075999893
rights under,0.013319953662374323,0.07302599734733087,0.0009727029008151174
rights with,0.01296651246879226,0.08208652865525458,0.0010643759973282317
riot,0.0067079391274018334,0.03175256743286853,0.000212994289478404
risk,0.009717952047065109,0.05093843572727903,0.0004950172757502058
risk management,0.009504822649092193,0.017866464881916927,0.00016981758006885428
risk of,0.005958300365683749,0.06300258499978309,0.00037538832524322904
role,0.007035825129555003,0.01582036692942894,0.00011130933520085705
room,0.012340240616199498,0.024227990360616573,0.0002989792306969706
royalties,0.01923342613996771,0.23378011028989265,0.004496392484254155
royalties or,0.0193442110027139,0.06214678480204049,0.0012021805183509246
royalty,0.022317050530514828,0.28037785946155647,0.0062572068572411405
royalty free,0.014548031657872744,0.1452894107050684,0.00211367494649101
royalty or,0.008318948361898223,0.0752581839895309,0.0006260689464191431
royalty payment,0.023030850746133365,0.07427947974738619,0.0017107196115624874
royalty payments,0.017899384897420264,0.11973631364282851,0.0021432063640912206
rule,0.02076634128619248,-0.0496006652678749,-0.0010300243429748838
rule 24b,0.04926323481477589,-0.034450086631189994,-0.0016971227071016844
rule regulation,0.011623842254693982,0.014729956567218531,0.0001712186915558419
rules,0.01072776464768354,-0.048160753671335085,-0.0005166572306411438
rules and,0.00679720896016423,-0.06881269267691052,-0.0004677342512365237
rules for,0.013399719539933146,-0.0009212990588848379,-1.234514900146118e-05
rules of,0.011944249209661875,0.01543137917869693,0.00018431623855914354
rules regulations,0.005791467762223785,0.031274202431584984,0.00018112353517178514
rules the,0.00715813681928165,0.0067707280918546785,4.846579804764957e-05
ruling,0.007824407676386914,-0.011295845453426996,-8.838329987707441e-05
safety,0.021561005324094325,0.0502703715234795,0.0010838797480619412
safety and,0.01737395379183428,-0.012178946814493281,-0.00021159645918821356
safety data,0.023887909275263023,0.028052147739636293,0.0006701071601807065
safety of,0.008007945512605858,0.020787892006713167,0.0001664683065116939
safety or,0.017724296201652286,-0.007859417809258987,-0.00013930264922384737
said,0.003975109398067259,0.11218661572849474,0.0004459540705196996
sale,0.012974682777032726,0.157685621559789,0.0020459209182374944
sale and,0.009032729198202664,0.05801360464739227,0.0005240211805914859
sale import,0.009136984351435114,0.009251985843313694,8.453524987005644e-05
sale of,0.012648879122036192,0.18887877005537412,0.0023891047311492965
sale or,0.01287761184679654,0.09609367107431246,0.001237456997028736
sale to,0.007356742126528927,0.04980537000058274,0.0003664052636106471
sales,0.015482184586298292,0.11940124017420947,0.0018485920402100463
sales and,0.010597097687241605,0.1304890564832485,0.0013828052786689718
sales for,0.01977185308723511,0.08164873107156702,0.0016143467155061916
sales in,0.0168055728597393,0.06821601076959864,0.0011464091391892505
sales of,0.019392103414782532,0.14618343802597855,0.0028348043477282293
sales representatives,0.008825981502142751,0.03663749933871402,0.0003233618914482572
sales shall,0.013102491568900407,0.07726749612277609,0.0010123967164987185
sales taxes,0.012700148634890796,0.08373646218308001,0.0010634655158850283
sales to,0.013725295945480455,-0.0315716296816866,-0.00043332996086226344
same,0.00927611281394411,0.002670549960229419,2.4772322706362046e-05
same extent,0.007356742126528927,0.04515994765477838,0.0003322300893437494
same in,0.007356742126528927,0.08165736208465219,0.0006007321555893867
same instrument,0.00455985860483857,-0.014431068640786348,-6.580363251870567e-05
same is,0.0074275397412975714,-0.027396492314054867,-0.000203488535434796
same manner,0.011532744409268832,0.01891076909386104,0.00021809306654219974
sample,0.010664289044768495,0.1311097835881867,0.0013981926287814676
samples,0.015074831142567486,0.16706258029675392,0.002518440188215187
satisfied,0.005791467762223785,-0.004147048024753856,-2.401749494375578e-05
satisfy,0.0054942364680646396,0.07881826482170691,0.0004330461849329984
satisfy the,0.0067079391274018334,0.06833097120710402,0.00045835999537350116
saturday,0.006515648457526557,-0.021142045318706428,-0.0001377541349697861
saturday sunday,0.0074275397412975714,-0.03265459646412217,-0.0002425433129733026
save,0.005923811919134318,0.00683952333977332,4.0516049881346554e-05
scale,0.0074275397412975714,-0.002286059772056418,-1.697979980793071e-05
scheduled,0.008823094917641671,0.10991711061716693,0.0009698091000481829
scientific,0.02475584182593549,0.10413064211982863,0.0025778417055515733
scope,0.010779646751834345,0.03299949406028024,0.0003557228889590767
scope and,0.007288344898710119,0.007846916160042343,5.7191031365650605e-05
scope of,0.010407234151457627,0.02465986536378164,0.00025664099298429536
seat,0.013900512133821133,-0.02028569222103953,-0.000281981510861521
secondary,0.019642331429267884,-0.002854202742841808,-5.606319624122425e-05
secrecy,0.0074275397412975714,0.027396217657485674,0.0002034864954122131
section,0.01499023592285181,0.06163499469164436,0.0009239231115314679
section 10,0.010407234151457627,0.14772358266781838,0.0015373939145161934
section 11,0.015795968148418722,0.08450071484136962,0.0013347706001528878
section 12,0.015221552346239453,0.1615704066850438,0.002459352402959591
section 13,0.018855092447257492,0.11982219075862255,0.0022592584839867505
section 14,0.018928089225349862,0.056570014199645725,0.001070762276250203
section 16,0.017249200418333808,0.1257706777313148,0.002169443626937122
section 17,0.027604901279671443,0.1027542026164174,0.0028365196192975594
section 18,0.021486316957486554,0.04603203723242003,0.0009890589421745989
section 365,0.008209866391664815,0.031061658756642786,0.0002550120682955227
section above,0.019855647577612198,0.04319716162381524,0.0008577076175556297
section and,0.01422546962729391,0.05406481804997052,0.0007690974270750272
section below,0.019788488690071947,0.06956853997288405,0.0013766562664382343
section by,0.016420398101214668,0.08427526025042063,0.001383833323395379
section for,0.00617861266647852,0.03378595336938295,0.0002087503194371221
section ii,0.023906996947950926,0.027239457099928945,0.0006512136177518414
section iii,0.008209866391664815,0.015431802011393592,0.00012669303269616575
section in,0.005923811919134318,0.08128896449268924,0.0004815405367558789
section including,0.007914090218371736,0.02242028522821208,0.00017743616001769755
section of,0.003962134916096447,0.09871767240027315,0.0003911327366528928
section shall,0.014155967617696547,0.11607060069264066,0.0016430916647716075
section the,0.012178270234800535,0.07638091805597591,0.0009301874608678302
section then,0.0077385425905899365,-0.014550854288634936,-0.00011260240564206969
section this,0.0074275397412975714,-0.02422616182945711,-0.00017994077976739897
section to,0.00617861266647852,0.1102792417674171,0.0006813727200338103
sections,0.01486650558585204,0.1528131373606579,0.002271797360163796
sections 10,0.017247089672219735,0.09733147762257857,0.001678684722486261
sections and,0.016308755794606444,0.12837301639278775,0.002093604174966985
sections of,0.006759018437786806,0.01217640163276099,8.23005231417289e-05
sections or,0.008007945512605858,0.03417723262827231,0.00027368941665885973
secure,0.017041067198593905,0.10420765111977746,0.0017758095853397573
secured,0.006977342049417754,0.03491018133461565,0.0002435802761788126
securing,0.006425965915541734,0.0307099294616292,0.00019734095998912016
securities,0.021552945381810806,0.014377026780219659,0.0003098672729469056
securities and,0.025515302360434488,0.03983459320994757,0.0010163916901567227
securities exchange,0.03037030560836596,-0.042789353362282324,-0.0012995257383968757
securities laws,0.013048728697589126,-0.019703287794914252,-0.00025710285688635516
seek,0.007709095659676959,0.06555969232295718,0.000505405939536666
seeking,0.007871019200860724,0.014032514942522613,0.0001104501945489605
select,0.015495053539091828,0.05337612250037371,0.0008270658758524147
select the,0.0074275397412975714,0.03607859905917471,0.00026797522832236134
selected,0.017922869004907842,0.02277741156675124,0.0004082365637817552
selected by,0.016443192857970478,0.008614677322729837,0.0001416528006268315
selection,0.014387202513392865,0.08333253127989726,0.0011989220034775273
selection of,0.017724296201652286,0.04005716066137299,0.0007099849805593487
sell,0.009765542408100028,0.15952365989035247,0.0015578350657545624
sell offer,0.013558630366746273,0.03738455628667895,0.0005068833801159005
sell or,0.00949505074299284,0.11980638218255314,0.0011375676781577354
selling,0.014025078456804323,0.08159598751313703,0.0011443901266321728
sells,0.01002988544904967,0.03529207960148807,0.00035397551566166785
send,0.005412982869974456,0.01735124031245646,9.392196658413705e-05
sending,0.014837475163457712,0.01645907993589818,0.0002442111897622544
senior,0.017625513690428096,0.045430829269176354,0.0008007417032513692
sent,0.0051804738966073184,0.0054219668211047175,2.808835758500395e-05
sent by,0.006394866026154621,-0.035564541244627434,-0.00022743047654104275
sentence,0.009606033564112942,0.021647948646965166,0.00020795092129694074
sentence of,0.012456047189639032,0.02917406820559855,0.0003633935702826832
sentences,0.007577054427323699,0.009042221022938933,6.851340083469887e-05
separately,0.02386187404797692,0.0924923015689863,0.0022070396504466493
separately with,0.03289553087448395,0.11840081255826525,0.0038948575850744015
september,0.005360576676941627,0.04991460446537451,0.000267571064535853
seq,0.0067079391274018334,-0.0015987065452768132,-1.0724026188295746e-05
serve,0.008227509543674946,0.0993232987014415,0.0008171833879753874
serve as,0.006140182457047066,0.04091438563627488,0.00025122179292471345
service,0.00614868745318316,0.05859066577448369,0.00036025569152121586
service mark,0.010955185286918544,0.08332602851368645,0.0009128520815904928
services,0.002468956268259688,-0.06411552163318045,-0.00015829841902898048
set,0.01074832459812457,-0.00937639640954513,-0.00010078055217048084
set forth,0.010686052416555162,0.005860371958816379,6.262424193242188e-05
set out,0.016251201828509067,0.025597717145925306,0.00041599366768751923
setting,0.012321842417273228,0.058252799754194236,0.0007177818189361539
setting forth,0.00986046394700813,0.03567807192859837,0.000351802341950707
settle,0.010758237129639699,0.042505911780997344,0.0004572886783515151
settle any,0.01052763215173791,0.02395253337596836,0.0002521634604844199
settlement,0.011701776662818948,0.14579601017165802,0.001706072349358822
settlement of,0.00455985860483857,0.07813603952755514,0.00035628929218772896
settlement thereof,0.024963126059947337,0.08549791899359357,0.0021342953297002424
seven,0.004941659068899578,0.011011481117084469,5.441498552425692e-05
severability,0.003324354899519903,0.03324401118928653,0.00011051489147679914
severability in,0.007288344898710119,0.08324299770617488,0.0006067036776851378
several,0.006340100829744757,0.06150449192370822,0.0003899446802785322
shall also,0.012531404383050586,0.06301368354654818,0.0007896499501873765
shall and,0.013673819921606649,-0.016474602194196084,-0.00022527074368354301
shall apply,0.01607490747428142,0.048553641543158645,0.0007804952953457018
shall appoint,0.006811424630819635,0.04046757922591244,0.00027564186588902495
shall as,0.0077385425905899365,-0.0046664023736805085,-3.611115351355659e-05
shall assign,0.011444013011291419,0.021913516784955647,0.00025077857121018533
shall assist,0.015587526175657836,-6.886826031014531e-05,-1.0734858102564076e-06
shall assume,0.006977342049417754,0.026866565307611338,0.00018745721584422482
shall at,0.008683391433190416,0.08762235457643426,0.0007608592030849823
shall bear,0.01176424513858524,0.06207586549447887,0.0007302756988668943
shall become,0.01675027283771443,0.029889036701100873,0.0005006495195998996
shall cause,0.011945104374198984,0.0015996212616171176,1.910764292920433e-05
shall cease,0.00949505074299284,-0.003828905628221405,-3.635565323009312e-05
shall commence,0.007840382522370326,0.010492130472105317,8.226231637592365e-05
shall comply,0.004441643413967741,0.10963573983549194,0.00048696286177579343
shall conduct,0.01111048324533123,0.040433984924863046,0.00044924111204966644
shall consider,0.014085203964171752,0.037451106321919864,0.0005275064712281234
shall constitute,0.0034407828726433554,-0.03324940755990432,-0.00011440399205765728
shall consult,0.016420398101214668,0.025511188465014933,0.00041890387063066076
shall contain,0.015230706571463987,0.10891363865024195,0.0016588316719122942
shall continue,0.008765874288145016,0.07799191926022651,0.0006836673597263017
shall control,0.011357528220928155,0.004701604141717114,5.3398601723184814e-05
shall cooperate,0.01560110184390092,0.01973022094091462,0.00030781318630187566
shall deliver,0.005027524154696555,0.026277381485186452,0.00013211017013895092
shall designate,0.007288344898710119,0.013241277415208877,9.650699670154313e-05
shall determine,0.006811424630819635,-0.011495904232718854,-7.83034852442849e-05
shall disclose,0.00715813681928165,0.045857773368925,0.00032825621600237557
shall discuss,0.02305000198421451,0.04414643141345877,0.0010175753316762142
shall during,0.0076561831963671955,0.009410466057495457,7.204825209938057e-05
shall each,0.006977342049417754,0.014413881475236751,0.00010057058131249298
shall either,0.009972472891647197,0.0976641996594566,0.0009739535835883502
shall ensure,0.01353563896395536,0.11737870943993484,0.001588795833033977
shall enter,0.019194514918704084,0.0061083123534248045,0.00011724609259591686
shall establish,0.014184559152873723,0.016241055575262748,0.00023037221351242403
shall exercise,0.017899384897420264,0.037198577717027476,0.0006658316601936755
shall expire,0.0068652284858365525,0.024621946095611903,0.00016903528571232692
shall fully,0.0074275397412975714,0.013771792878618782,0.00010229053891485988
shall give,0.01083983922751159,0.136969913264652,0.0014847318387950347
shall grant,0.008007945512605858,0.028744939290810494,0.00023018790760397372
shall have,0.012504938306608789,0.024246744208532477,0.00030320404046382257
shall hold,0.011031951815380848,0.0450360415418835,0.0004968354402455489
shall immediately,0.0044091019827970195,0.10658421373614793,0.0004699406681189112
shall in,0.01549167507305923,0.03605967263939815,0.0005586247317704403
shall include,0.010911130569621714,0.07976611830220941,0.0008703385318272991
shall indemnify,0.007411035757978525,0.028479207456081863,0.00021106042481591132
shall inform,0.0068652284858365525,-0.00396431195025539,-2.721590732763556e-05
shall inure,0.0050495738276492615,0.06599109818900695,0.00033322692227304206
shall keep,0.016584597533167312,0.08878489179205078,0.001472461697396972
shall limit,0.007222190611637434,0.04099322383448308,0.00029606087631815564
shall maintain,0.0045773264628167385,0.11596286386831725,0.0005307998854884636
shall make,0.011984978719736345,0.10666371661035301,0.001278362373743069
shall mean,0.012281537641441588,0.1735932670896442,0.0021319922440622883
shall meet,0.0124317844892539,0.09626128888926273,0.0011966995981291253
shall negotiate,0.009805807312913018,-0.0065520610604003215,-6.42482482607261e-05
shall not,0.012110944690364311,0.010345922450480832,0.00012529889456857176
shall notify,0.010908646973610308,0.08141093295411801,0.0008880831273887311
shall obtain,0.013669684352039626,0.0186711284995299,0.00025522843308494494
shall only,0.005027524154696555,0.06835829637616068,0.0003436729862050538
shall otherwise,0.012575917971474929,0.036068957605880816,0.00045360025216816387
shall own,0.018587872807841316,0.11571082647571125,0.0021508181250207183
shall pay,0.008577202215371763,0.1115425367721042,0.0009567228935098784
shall prepare,0.0070960542288348435,0.0047554053187020716,3.3744614021599544e-05
shall prevent,0.006811424630819635,0.08280303883197448,0.0005640066582068258
shall promptly,0.012873755041968433,0.10045460084456079,0.0012932279241115907
shall provide,0.013327059248780491,0.1342920160265032,0.0017897176542233874
shall reimburse,0.008989760496375853,-0.02777344005615943,-0.0002496765742653248
shall relieve,0.007824407676386914,-0.0286363276671532,-0.00022406230202240445
shall remain,0.006840253525091431,0.05230436762833487,0.00035777513504739575
shall remit,0.008556578580126829,-0.00434325768676195,-3.71634256905185e-05
shall report,0.012456047189639032,0.04115816566514405,0.0005126680537640152
shall require,0.01026970086267994,0.07511913128451264,0.0007714510073563271
shall retain,0.012492786120520823,0.09743679189949642,0.0012172570014701047
shall review,0.020651327058243078,0.019023774597544472,0.0003928661910961875
shall select,0.008556578580126829,0.010530631035013664,9.010617194941674e-05
shall set,0.012014664210652193,0.02331135380967654,0.0002800780883189714
shall so,0.007824407676386914,-0.010186274640833047,-7.970156549351944e-05
shall submit,0.013244607672382945,0.09289365215528493,0.0012303399780515592
shall supersede,0.0076561831963671955,-0.03959074092800437,-0.000303113965424714
shall supply,0.012119779173629061,0.012640239058694052,0.00015319690609325278
shall survive,0.0034012222915360477,0.06306005597846606,0.00021448126809946977
shall take,0.011396026788444914,0.005501818589430435,6.269887203031345e-05
shall terminate,0.011808672458837585,-0.011886441350446773,-0.00014036309260860905
shall the,0.010595277268227246,0.01979297135979752,0.0002097120195191356
shall then,0.007288344898710119,0.017822797730316173,0.00012989869691849216
shall thereafter,0.015438949431295972,-0.005403032152915273,-8.34171401845251e-05
shall to,0.006811424630819635,0.06305489653486188,0.00042949367535134183
shall transfer,0.01171743623961945,0.013977647044063108,0.00016378218801871476
shall upon,0.011190862642193971,0.05766923100246796,0.000645368442829573
shall use,0.014523596077454149,0.15866642622992733,0.0023044070856166406
share,0.012306031121908093,0.06141833659387491,0.0007558159615800513
share of,0.0060654507656467405,0.058009575200853265,0.0003518542223168576
shared,0.0057596950584364705,0.11995049402986556,0.00069087826772083
shares,0.010758237129639699,-0.1725016375319603,-0.0018558135218199841
shares of,0.012730583022360513,-0.10538110918461928,-0.0013415629594632336
sheet,0.006515648457526557,0.00847929489196748,5.5248104683760734e-05
shipment,0.005360576676941627,0.1063972027223378,0.0005703503634051941
shipments,0.0067079391274018334,0.05931042782714943,0.0003978507394846782
shipping,0.010414961960769362,0.15886192270832694,0.0016545408820219077
shortage,0.00715813681928165,0.0011689749555124568,8.367682669871846e-06
shorter,0.007914090218371736,0.03945415099991914,0.0003122437105026215
shortfall,0.007222190611637434,0.08678520640260125,0.0006267793029098836
should,0.009933764411639462,0.051506886051618114,0.0005116572716139331
should be,0.012492786120520823,-0.003879894334311202,-4.847069008877036e-05
should the,0.006609503751760677,0.03349087135174055,0.00022135803984906337
signature,0.003372052747374184,-0.07398177389631679,-0.0002494704439226907
signatures,0.0052844346219792565,-0.04551604509466006,-0.00024052656455379073
signed,0.006503084813407591,-0.07956131900479739,-0.0005173940053547747
signed by,0.006403746857005451,-0.04674852539492894,-0.00029936572256741574
significant,0.00925607453014168,0.040451893913174206,0.000374425744945725
similar,0.011898965550957312,0.11793509984804096,0.0014033056903405502
similar laws,0.006425965915541734,-0.020844720051731314,-0.00013394746057143476
similar transaction,0.013558630366746273,0.04775631277747535,0.0006475101926285103
similarly,0.0070960542288348435,0.03139883707361287,0.0002228078505967069
simultaneously,0.006811424630819635,-0.013383018018407753,-9.115741856528555e-05
since,0.012729029513097647,-0.007017364273365835,-8.932423693983074e-05
since the,0.01429453943357473,0.03794369906134283,0.0005423877024880576
single,0.008155192372052523,0.03633448345068347,0.00029631470227948245
singular,0.005466786724991373,0.008581569112832714,4.691360810562987e-05
site,0.014750628726178576,0.18524164000286023,0.0027324306563106205
site in,0.007288344898710119,0.01881022843232614,0.00013709543243831625
site or,0.01171743623961945,0.09787175976332571,0.0011468061046861215
sites,0.017138967500213088,0.18444690408291947,0.0031612294945920776
sites and,0.015438949431295972,0.08323847895160576,0.0012851146672718354
sixty,0.01450344376586485,0.12577956558094097,0.0018242368562980875
sixty 60,0.014772315797310538,0.14528679576954298,0.0021462224282870496
size,0.005607929926004842,0.11457817705066899,0.0006425463879495278
size and,0.007824407676386914,0.004700000707776546,3.6774721616950734e-05
so,0.011369112788704226,0.022727022814903595,0.0002583860857340932
so as,0.00455985860483857,-0.01944270248303327,-8.865597421857548e-05
so long,0.01195974131459261,0.10108314862468594,0.0012089283088157615
so notify,0.007222190611637434,-0.004518333716783913,-3.263226734960165e-05
so that,0.007492696222455828,0.041518904586462055,0.0003110885395554882
sold,0.014383448082146526,0.13164133844707748,0.0018934563570178183
sold by,0.005334875374044817,0.0883276908799573,0.0004712172229217272
sold in,0.018058632298038266,0.07242075553105366,0.0013078197948814191
sold or,0.016654937382530464,0.07391948809222434,0.0012311244455247027
sold to,0.006382576608996469,0.08499703952226788,0.0005425001162887754
sole,0.010046776227730621,0.15398863487669937,0.0015470893562199136
sole and,0.007633290829760132,0.10661864114334707,0.0008138510957209975
sole control,0.014765469077804027,0.07385541778551728,0.001090509887540353
sole cost,0.012087366828615763,0.09562936000976557,0.001155907154023795
sole discretion,0.003491350055853769,0.15582703878042986,0.0005440467405495813
sole responsibility,0.005728414974598702,0.09236875804582156,0.0005291265767747687
sole right,0.013394553705005625,0.07367430876730852,0.0009868344854628806
solely,0.010472958851537734,0.13128855999799144,0.0013749796865366072
solely by,0.013048728697589126,0.1401353095038956,0.0018285876346690168
solely for,0.011590192717920653,0.14787366254122367,0.0017138842467575466
solely in,0.0054942364680646396,0.05356405758691741,0.0002942935985715561
solely responsible,0.004819347379172931,0.09813532716206066,0.0004729482317627552
solely to,0.004879576478452771,0.07856558390252692,0.00038336677522667805
solid,0.00897549618816888,0.006857191189961922,6.154669338704846e-05
soon,0.01051044577330851,0.09282399828052493,0.0009756216003891395
soon as,0.009643644743648035,0.09649415155272797,0.000930555317414242
source,0.005427168893539504,0.14964400815354045,0.0008121433061554666
sources,0.005791467762223785,0.023927872817678022,0.00013857750404217307
special,0.0032962682511178173,0.06029442448362658,0.0001987465971447991
special indirect,0.007035825129555003,0.07004993499983238,0.0004928590929955152
specific,0.010421089595121348,0.04097057101398262,0.00042695799129999456
specific to,0.007914090218371736,0.02788908837586225,0.0002207167615147163
specifically,0.00820433093940786,0.07641833156885613,0.0006269612820282948
specifications,0.006686650224315436,0.046729936514382266,0.00031246674047614027
specified,0.008979871455775666,0.030960532891182887,0.00027802160556513687
specified by,0.0051172066966813775,0.086987723401951,0.00044513416072153105
specified in,0.009328714473472999,0.023004881691433384,0.0002146059727954086
specifying,0.005791467762223785,-0.021468729866779987,-0.00012433545691934721
specifying the,0.006920506601053043,-0.042906702634028036,-0.000296936118808211
sponsor,0.021989011704729857,-0.16053570522614488,-0.0035300215012447618
sponsor and,0.014085203964171752,-0.05831925624443777,-0.000821438619241703
sponsor of,0.01660860698590301,-0.06858612854180807,-0.0011391200536355153
sponsored,0.033268451083187406,0.004729742045989597,0.00015735119189309963
sponsorship,0.0062177891400181096,-0.10437573892399794,-0.0006489863359629999
stability,0.017012150548699492,0.041384795148154824,0.0007040443654874981
staff,0.0054942364680646396,0.02802291663661456,0.000153964530526423
stage,0.011912687481018865,-0.02522419336352791,-0.0003004879325004981
standard,0.009069461914887354,0.11390698673228164,0.0010330750780080074
standards,0.014211002806536668,0.16265405592048288,0.0023114772451805544
standards and,0.005578900288572575,0.1082290434892812,0.0006037990419542847
standards for,0.02055462275681016,0.039140001144760315,0.0008045079582316661
standards of,0.010461300616020073,0.058020617944406556,0.0006069711262436856
standing,0.009717952047065109,0.02012771883669431,0.00019560020647180443
standing under,0.005607929926004842,0.025634896739065036,0.00014375870457304673
state,0.005921192761998787,-0.05259317707032343,-0.00031141433939931967
state local,0.007035825129555003,0.06086456511288415,0.000428232436720667
state of,0.0027820167668822157,-0.030654616963011364,-8.52816583734496e-05
statement,0.009441330665021909,0.00766009596912471,7.232149897030784e-05
statement or,0.0067079391274018334,-0.010730837012886602,-7.198180146851384e-05
statement to,0.013900512133821133,0.018949803177754233,0.00026341196900589496
statements,0.006730445269754921,-0.0411334706727039,-0.00027684657311770274
statements of,0.007288344898710119,-0.003628588562165464,-2.6446404936576543e-05
states,0.011542881577332785,0.06771231727831599,0.000781595259670386
states or,0.013394553705005625,0.05634289646357805,0.0007546879525769677
statistical,0.012456047189639032,-0.0043894874751213,-5.46756631284404e-05
status,0.014691077097689369,0.07307004946008351,0.0010734777301500624
status of,0.01602242489268138,0.07093035455242486,0.001136476278427488
statute,0.0046854340186417605,0.04331083659979646,0.00020293006718052098
statutes,0.006140182457047066,0.0058668282864652015,3.602339612306113e-05
statutory,0.004441643413967741,-0.0015926710024595308,-7.074076668691774e-06
still,0.01080664159023023,-0.002635713350936223,-2.848320951815247e-05
stock,0.011673489179086399,-0.0195990101728931,-0.00022878883317407184
stock exchange,0.006515648457526557,-0.05086818758655832,-0.00033143922798553024
stock of,0.01653785801916925,0.05283498413113038,0.0008737774660056945
stock or,0.010955185286918544,0.012775311335763097,0.00013995590278135557
stockholders,0.0068652284858365525,-0.01114010428836752,-7.647936129569064e-05
storage,0.004722796660365082,-0.013263781541856215,-6.264214316969054e-05
strategies,0.006298500902468313,0.058666196451825185,0.0003695090912962043
strategy,0.019162209465436914,0.09005700617458463,0.0017256912161475362
strategy for,0.008318948361898223,0.04143707147528194,0.0003447128578711563
street,0.008481045631382857,0.023108044791514744,0.0001959803823288755
strictly,0.005958300365683749,0.025599353038110232,0.0001525286345682396
strike,0.0060654507656467405,0.030062743601873138,0.00018234409119742307
stringent,0.013900512133821133,0.0301308495857809,0.00041883424026948685
structure,0.012730583022360513,0.05445229070755945,0.0006932094076102954
structured,0.00995502034097201,0.006707625149207322,6.677454479997429e-05
studies,0.03906204447643159,0.09240651724534375,0.0036095874865497606
studies and,0.031383970770992344,0.025841463757622144,0.0008110077432488714
study,0.045324458487139604,0.05775415140853694,0.0026176756379762077
style,0.01867133991726528,0.07892580360223567,0.0014736505073006626
sub,0.0051172066966813775,0.08122097124469323,0.0004156244979643098
subcontract,0.017637238962401998,0.09743073820206993,0.0017184092119531366
subcontracting,0.007577054427323699,0.040471345515125164,0.00030665358771512623
subcontractor,0.023740879320433766,0.020261540020266693,0.00048102677646729065
subcontractor or,0.0147080083407518,-0.008758199403787798,-0.00012881566988087837
subcontractor shall,0.009717390122743402,-0.019793302520948807,-0.00019233924241354
subcontractor to,0.008434266890400183,-0.025494677790980455,-0.00021502891677388733
subcontractors,0.021029039784302185,0.07976910697265674,0.0016774677240862553
subcontractors and,0.020651327058243078,0.001128776237406961,2.3310727254264187e-05
subdivision,0.0067079391274018334,0.009694640267222353,6.503105677458618e-05
subject,0.012127331067123036,-0.019810952961833418,-0.00024025398532335555
subject in,0.007824407676386914,0.05111604859570773,0.0003999528030188221
subject matter,0.008327654116559963,-0.0020369108723974423,-1.6962689211586305e-05
subject of,0.013737555676406688,0.1164581969091369,0.0015998509640132014
subject to,0.012066003758918,0.038783288184696584,0.00046795930101974905
subjects,0.014085203964171752,0.06565633008538029,0.0009247828007915675
sublicense,0.01754223127798318,0.14189624835964745,0.002489176806203077
sublicense to,0.017458247261075057,0.033256288521940514,0.0005805965080016898
sublicensed,0.009312531979216915,0.026254219862592545,0.000244493262059785
sublicensee,0.02757986562902583,0.05672651482345644,0.0015645096564338705
sublicensees,0.035329658630832005,0.06768036237440686,0.002391124098698801
sublicenses,0.02090433817097144,0.08516593010256744,0.0017803374035093862
sublicensing,0.02634948353429042,0.012196494866554407,0.00032137134066233296
submission,0.019243880482200895,0.13385688797152429,0.002575925953843368
submission of,0.01429453943357473,0.07467514739368804,0.001067446839127079
submissions,0.02477240138481513,0.059469114389197685,0.0014731927716486902
submit,0.012958368673542385,0.12867135397287163,0.0016673708425043433
submit to,0.011842666285936608,0.10768819465950677,0.0012753153522875194
submits,0.012806719816563786,3.217227573047936e-05,4.120213211414842e-07
submits to,0.011623842254693982,-0.0006077584948013719,-7.064488872521399e-06
submitted,0.01159637973220729,0.06330057543399552,0.0007340575099998443
submitted by,0.01052763215173791,-0.035861471241155685,-0.00037753637764701504
submitted for,0.0076561831963671955,-0.0036882871172956326,-2.8238201850816426e-05
submitted to,0.004839224633488535,0.09068607727686041,0.0004388502990726278
submitting,0.011532744409268832,0.058060877346436356,0.0006696012586143573
subsection,0.015547814867885139,-0.0094581739653735,-0.00014705393780187824
subsequent,0.011691419857680456,0.03412021469997801,0.0003989137556916435
subsequently,0.01210296797640444,0.03560975038301528,0.0004309836685333897
subsidiaries,0.00953303170836246,-0.027335690818297027,-0.0002605920073408181
subsidiaries and,0.006609503751760677,0.013427786909498213,8.875100795617136e-05
subsidiaries or,0.0070960542288348435,-0.015380716097983462,-0.0001091423955096037
substance,0.01709177029209699,0.007825253581144852,0.00013374743668633716
substance of,0.007577054427323699,-0.0189585392480094,-0.00014364988374471974
substances,0.007914090218371736,0.04139920662174111,0.0003276370561734717
substantial,0.004799664052381227,0.08084847411292566,0.0003880455148896835
substantially,0.009601950960873755,0.18383274745293215,0.0017651530260457443
substantially all,0.010150893307379422,0.12081493422899388,0.001226379507296579
substantially similar,0.005550282432954849,0.12590430835737562,0.0006988044709092723
substantially the,0.006425965915541734,0.06400771376547187,0.0004113113869886737
substantive,0.02216610339953888,0.09182802231495703,0.0020354694376085013
substitute,0.005578900288572575,0.04404883253731398,0.000245744044553706
success,0.00656203038512981,0.07214599281657358,0.00047342419702771284
success of,0.007577054427323699,0.040516324643358755,0.00030699439701784573
successive,0.0060654507656467405,0.06956154806389174,0.0004219221449637047
successor,0.01059906863285652,0.07974522011747405,0.000845225061167358
successors,0.00630130630978416,-0.015830185851019068,-9.975084998808239e-05
successors and,0.00711734321219214,0.030144747926058115,0.0002145505170347728
such action,0.014306679437083324,0.06478741884432927,0.0009268928329618703
such actions,0.013673819921606649,0.031330564697509534,0.00042840849971599186
such activities,0.020503294903036533,0.030549327407574395,0.0006263618689269143
such additional,0.009164976684716532,0.07090593318473792,0.0006498512244461912
such affiliate,0.01977185308723511,0.004097035119583603,8.100597647764973e-05
such agreement,0.012916970499458608,0.04637366240117304,0.000599007229187805
such agreements,0.006920506601053043,-0.013266640603201226,-9.181187386825241e-05
such amendment,0.014077363484403126,-0.054579222633279675,-0.0007683315557048399
such amounts,0.01573255684797234,0.0820658417004211,0.001291105519828574
such an,0.00975201144907676,0.0517197289530212,0.0005043713888930096
such application,0.008556578580126829,0.04021881017926529,0.00034413540969808825
such approval,0.009646896486099892,0.08558810849970105,0.0008256596231377023
such as,0.0037651468634394506,0.08822463677421681,0.0003321787144285272
such assignment,0.015030077187068678,0.05647905105936509,0.0008488844968746503
such books,0.007500912372361329,0.042954649284655755,0.00032219906026971604
such breach,0.004054758885914354,0.11490853422000306,0.0004659264001959511
such calendar,0.015587526175657836,0.07776481396412471,0.001212161073210956
such case,0.006470308909173226,0.015657166736604864,0.00010130670542826514
such claim,0.007202362233085288,0.20745396379264044,0.0014941585939239564
such clinical,0.03536213975090029,0.032258369451612895,0.0011407249686841078
such condition,0.008007945512605858,0.05729178007165366,0.0004587894531340007
such confidential,0.007662117724497369,0.1963934322662734,0.0015047895983422868
such costs,0.011031951815380848,0.05179400424000905,0.0005713889591014112
such country,0.035402963449523234,0.10156202757130173,0.003595596749966266
such data,0.022673001257321884,0.07058158512132809,0.0016002963681996433
such decision,0.008007945512605858,0.036608811413215196,0.00029316136707829073
such default,0.00610247061151615,0.015209065340548856,9.281287426932826e-05
such determination,0.019395865329368857,-0.039109248620561844,-0.0007585577193772223
such development,0.008556578580126829,0.055634906123377244,0.0004760444460426567
such disclosure,0.014374793870965604,0.07487334186813073,0.001076288855784718
such dispute,0.016428436846518363,0.04021210013088493,0.0006606219474661159
such documents,0.006382576608996469,0.008319257178225313,5.309829626996685e-05
such entity,0.006920506601053043,0.0940637792095732,0.0006509690049398474
such excess,0.02012664352074215,0.038369708677044284,0.0007722534485375972
such expiration,0.013870785795442934,0.044888776108356815,0.0006226425980186139
such fees,0.011273179077245387,0.016412439367084038,0.00018502036807957028
such fiscal,0.01645297168872405,0.02139627352454243,0.00035203228254349257
such information,0.010658922267160257,0.028182437424923178,0.00030039440981136426
such infringement,0.018063546166015,0.10521395307093245,0.0019005370986057242
such inspection,0.021311295516752263,0.11011286521560656,0.0023466478108061023
such inspections,0.007824407676386914,0.03216161953891249,0.0002516456228053023
such intellectual,0.014642735767148835,0.011872485387283005,0.00017384566642532074
such invalidity,0.007035825129555003,0.009018091224694694,6.344971285932639e-05
such items,0.012456047189639032,-0.0017840467504393344,-2.222217051199452e-05
such joint,0.02939263277244236,0.052095833159654936,0.001531233693036163
such jurisdiction,0.012575917971474929,0.0011147537612139285,1.4019051859419515e-05
such license,0.013218111394107182,0.10687284750684502,0.0014126572033509074
such licenses,0.00715813681928165,0.032564506174938605,0.00023310119065255268
such losses,0.006977342049417754,-0.003556163302286739,-2.481256774364156e-05
such materials,0.018617938276993623,0.07553967483511631,0.001406393003544364
such matter,0.025603771007598357,0.0373079593314587,0.0009552244474834609
such matters,0.007288344898710119,-0.0027306395502345536,-1.99018428361681e-05
such meetings,0.014085203964171752,0.03867748483557431,0.0005447802627302241
such non,0.006811424630819635,0.048767757103411025,0.00033217790192400305
such notice,0.008342213431584042,0.08630632835382429,0.0007199858116239756
such other,0.011177923862588321,0.11040450463043847,0.001234093146845821
such party,0.014280078976915406,0.11124082200411456,0.001588527723675745
such patent,0.01722932649787109,0.09326324421848801,0.0016068628848910184
such payment,0.015495053539091828,0.0872763908198544,0.0013523523484523464
such payments,0.017818618686239383,0.14662583174577104,0.0026126697854305875
such performance,0.00715813681928165,0.08941207274118923,0.0006400238499769958
such period,0.00516358862428463,0.04885899807478929,0.0002522877666529266
such person,0.011742362480548616,0.024656631838513784,0.0002895271085972647
such persons,0.006759018437786806,0.023443051791729643,0.00015845201929829168
such petition,0.008106380888247012,0.003814627276508511,3.092282165007435e-05
such prior,0.007914090218371736,-0.0077487910271449335,-6.132463127213439e-05
such proceedings,0.0074275397412975714,0.08252441517151994,0.0006129533733138046
such product,0.02914693467109173,0.16549797420589635,0.004823758642377285
such products,0.009805807312913018,0.07465519626297093,0.000732054469462397
such proposed,0.006658121164349814,0.06625961834166978,0.00044116456722241267
such provision,0.0078100181735132855,0.032464974391594466,0.0002535520400009962
such qualification,0.008106380888247012,-0.040585226503599484,-0.00032899930447395496
such quantities,0.01660860698590301,0.0011373035682365506,1.8889027988505995e-05
such recall,0.01660860698590301,-0.006127392162597881,-0.00010176744827709051
such records,0.00949505074299284,0.09621788572884431,0.0009135937073788634
such registration,0.0077385425905899365,0.01843106713496631,0.00014262959801395923
such regulatory,0.02548731469172137,0.04871858982633385,0.001241706030240666
such report,0.01660860698590301,0.03505146589581287,0.0005821560213433388
such request,0.01002988544904967,0.008281547317915788,8.306297093957987e-05
such right,0.009120322888674414,0.038505949164072774,0.00035118668951122635
such rights,0.01686302429656159,0.06788896446520741,0.0011448132572451988
such sales,0.0068652284858365525,0.08909342091525622,0.0006116466911680431
such settlement,0.007035825129555003,0.08357672911051887,0.0005880312509217999
such standards,0.015196836065124675,0.04663556372991907,0.0007087130168082543
such study,0.010903264409937372,0.03901571474646355,0.0004253986540233847
such subcontractor,0.02450687440878305,0.03568996803442991,0.0008746495642732555
such taxes,0.0062177891400181096,0.09799812996867974,0.0006093317082613402
such termination,0.009873728522560866,0.04544620082711066,0.0004487234493486717
such terms,0.00854967168931364,0.03561451814672733,0.0003044924375276215
such that,0.011142576420106761,0.04959713910511452,0.000552639912697404
such third,0.02195195447609201,0.19864439459231314,0.004360632707021316
such transaction,0.011813667018774022,0.04048779981577134,0.0004783093853463028
such transfer,0.012700148634890796,0.010693914075415919,0.00013581429824653294
such waiver,0.00617861266647852,0.007591438202936453,4.6904556237452105e-05
such withholding,0.007914090218371736,0.036067125613582975,0.0002854384860232417
such written,0.012806719816563786,0.030619148869454996,0.00039213086059276597
suffered,0.01257779905335983,0.026833349136527376,0.00033750447336788783
suffered by,0.011444013011291419,0.040868940341754624,0.0004677046850287327
sufficiency,0.004612722546028404,-0.02413278867262891,-0.00011131785840877424
sufficiency of,0.004760864299035681,-0.03919950601677398,-0.0001866235287350936
sufficient,0.003836782494832123,0.07783693364117608,0.000298643384445874
sufficient to,0.0055220648402078635,0.029423898077017438,0.00016248067303295776
sufficiently,0.011623842254693982,-0.0007650793355735359,-8.893161509032862e-06
suit,0.006708477562186816,0.026230840746951853,0.00017596900658822218
suit or,0.00925607453014168,-0.01881803718270016,-0.00017418115467405005
suits,0.008402725732015623,0.053810134551751834,0.0004521518022412281
suits or,0.0077385425905899365,0.006473879604975526,5.0098393049454665e-05
sum,0.005309497366556654,0.05262853924272349,0.00027943109051496387
summary,0.014837475163457712,0.05952965945975267,0.0008832698437231757
summary of,0.012340240616199498,0.029620403889113568,0.0003655229111406728
sunday,0.006425965915541734,-0.03924674388568351,-0.0002521982385053982
supersede,0.009076245286739117,-0.07777929131496471,-0.0007059439262033572
supersede all,0.007035825129555003,-0.041670883898515206,-0.0002931890521039422
supersede any,0.0074275397412975714,-0.05017293085393401,-0.00037266143785497
supervisory,0.008106380888247012,0.01868494285608915,0.00015146726366658864
supplemental,0.01737395379183428,-0.031477544974747335,-0.0005468894118716456
supplied,0.009219258350931672,0.06352399959254618,0.0005856441637281614
supplied by,0.005259679403504634,0.03142151587887038,0.00016526709989498836
supplied to,0.011623842254693982,0.007567398926305399,8.796225139771457e-05
supplier,0.005259679403504634,-0.026224053627174664,-0.00013793011473925158
suppliers,0.004879576478452771,0.036592506903562194,0.00017855593597424275
suppliers of,0.007824407676386914,-0.006200011830888571,-4.8511420163294216e-05
supplies,0.009349668515067149,0.02510299940156727,0.00023470472313858297
supply,0.017552713933607918,0.04210728453550096,0.0007390971199726809
supply agreement,0.02090433817097144,-0.06984986362262761,-0.0014601651703636438
supply and,0.012014664210652193,-0.010830247825377913,-0.00013012179094006176
supply of,0.012290637994374935,0.08556767198324357,0.001051681280367465
supply or,0.008106380888247012,-0.00812393555422269,-6.585571591410122e-05
supply the,0.0068652284858365525,0.007978982314941952,5.477753667652557e-05
supply to,0.0074275397412975714,-0.015321414879350698,-0.00011380041790928525
supplying,0.019810476587505454,0.037678521145065307,0.0007464294609961455
support,0.010315450180142257,0.0563618624026135,0.0005813979836741925
support for,0.006029097980452392,0.032436401861155324,0.00019556224495423377
support the,0.012885862359023323,0.0952262238719221,0.0012270720137831292
survival,0.004525370158289139,0.039292483220629504,0.00017781303101171346
survive,0.0030268653291018965,0.06525652521199189,0.00019752271366184205
surviving,0.013485611036918307,0.07774314287439213,0.0010484137855916193
suspend,0.005923811919134318,-0.0027199606733489005,-1.6112535456360824e-05
suspended,0.01052763215173791,0.04404702624025935,0.0004637108896353978
sustained,0.006977342049417754,0.033415804878125656,0.00023315350049128505
take,0.010360688429591772,-0.014905904631025913,-0.00015443543364326859
take all,0.007662117724497369,0.02970180340686265,0.00022757871433325865
take any,0.0075763567325803334,0.020651556232782673,0.00015646355710250434
take into,0.013399719539933146,0.022787220918489833,0.00030534236940226155
take place,0.010208150246922627,-0.002263981720150358,-2.3111065555581193e-05
take the,0.0070960542288348435,-0.002678306997034648,-1.9005411692425666e-05
taken,0.0060711061411256265,-0.005647125893473574,-3.4284300691576956e-05
taken by,0.00617861266647852,0.018190090136136615,0.00011238952131951967
takes,0.009302550985233277,0.08579569434402616,0.0007981188209487937
taking,0.0150021271585418,0.06342412823586197,0.0009514968367140626
taking into,0.018434744005068275,0.02086333735097917,0.00038461028315668025
tangible,0.005027524154696555,0.11587589917191775,0.000582568882033999
tax,0.013807670316461731,0.027821250094522774,0.00038414664909700025
tax or,0.013771157604846948,0.02469572285466724,0.00034008869159724334
taxation,0.022327860547704494,0.027453174705631755,0.0006129706564191142
taxes,0.011232826037986,0.1380449562218478,0.0015506349786614092
taxes duties,0.0076561831963671955,0.009554714745629217,7.315264648156828e-05
taxes imposed,0.013558630366746273,0.049751048083907456,0.0006745560713279216
taxing,0.006257741435522016,0.09400004471856886,0.0005882279747763108
technical,0.008282758148450867,0.06163069074955738,0.000510472106000552
technology,0.014371522918238764,0.1087472323622174,0.0015628633421886436
technology in,0.012963044992779548,0.029380080666919366,0.0003808553075767683
technology to,0.008209866391664815,0.023837348291901494,0.00019570144460809074
technology transfer,0.008318948361898223,0.06234533628321364,0.000518647633145234
telephone,0.007465258590974039,0.027199333536381036,0.0002030500583512368
temporarily,0.007500912372361329,-0.008123932718987379,-6.093690744408344e-05
temporary,0.005360576676941627,0.07213065004440485,0.00038666188032067514
ten,0.01095514736643089,0.07692941391393934,0.0008427730662403644
ten 10,0.01235786074435982,0.0822316027637435,0.0010162066957398563
term,0.011169017589909997,-0.008934348383278739,-9.978789424722417e-05
term and,0.003430819766009311,0.12105362429920334,0.0004153131669927718
term for,0.019015859212023926,-0.03607100644433402,-0.0006859211801814634
term in,0.0060654507656467405,0.039442194370668315,0.0002392346880443577
term is,0.005728414974598702,-0.009354705228833912,-5.358763351580896e-05
term means,0.012340240616199498,0.02018384698274281,0.0002490735283275985
term of,0.009998916650940028,0.05475244631954867,0.0005474651471842352
term or,0.004345552634747737,0.1008423859838409,0.0004382158961063281
term shall,0.005607929926004842,0.11017923945661422,0.0006178774541732003
term this,0.005259679403504634,0.034710203949572804,0.00018256454480501327
term to,0.011623842254693982,0.05408468009379068,0.0006286717898058105
terminate,0.009300232028821374,-0.004570198372556064,-4.250390528251323e-05
terminate and,0.010880106072273795,0.004132538555418883,4.496245783071856e-05
terminate this,0.009259622101668521,0.053540061246754936,0.0004957607344451383
terminate upon,0.011532744409268832,-0.04108830845584557,-0.00047386095963046623
terminated,0.005793251560216188,0.06657082458886561,0.00038566153341432387
terminated earlier,0.006515648457526557,0.0035760187939489247,2.330008133887929e-05
terminates,0.008703224135805775,0.07921983499797809,0.000689467979988954
terminates this,0.011532744409268832,0.07160305192652605,0.0008257796967922292
termination,0.011453948940907963,0.002545831831224399,2.9159827806982484e-05
termination by,0.01872472113069401,0.1233747636865294,0.002310158044595537
termination for,0.011945104374198984,0.10218441839601426,0.001220603543157209
termination in,0.013897179043224003,0.05239421141979951,0.0007281317369294856
termination of,0.009852009812351768,0.06131243294670123,0.0006040506910100603
termination or,0.003730260835847578,0.08320162474070299,0.00031036376224913124
termination shall,0.006029097980452392,0.012352213202387389,7.447270367263118e-05
terms,0.010081261368180659,-0.07069879108868543,-0.0007127329913794395
terms and,0.008917623722846513,0.004737417940866964,4.2246510614513916e-05
terms are,0.006298500902468313,0.02791470191747322,0.000175820775219339
terms as,0.006515648457526557,0.06932710986668841,0.00045171107646766254
terms for,0.006658121164349814,0.009917328960409005,6.603077784511853e-05
terms of,0.007237082683307811,0.016837214119217278,0.00012185231073733315
terms or,0.005466786724991373,0.052698861455113655,0.0002880934362249749
terms shall,0.01170794870285247,-0.010057402148104588,-0.00011775154843396676
terms that,0.007500912372361329,0.06491090583846978,0.00048689101670495923
terms the,0.006382576608996469,0.0057845157973910565,3.6920115222798715e-05
territories,0.006257741435522016,0.07657404851726647,0.00047918059629217157
territory,0.028406712597837936,0.2668223996757646,0.007579547222254891
territory and,0.02681599324001776,0.19938968152301367,0.005346832351850428
territory as,0.019760985954658302,0.05687002932653133,0.0011238078507625913
territory during,0.015587526175657836,0.09503242676368678,0.0014813204397152542
territory for,0.021087227904248333,0.07187253192159046,0.0015155924606859413
territory if,0.0185223132399542,0.06519417428819743,0.001207546917586161
territory in,0.025333345502997564,0.13029864475179845,0.0033009005860696506
territory including,0.02477240138481513,0.06524747791820103,0.0016163367123365377
territory means,0.011357528220928155,0.04099278096145612,0.00046557666662406426
territory or,0.024095558436858754,0.07018762356065758,0.001691209985050069
territory shall,0.020503294903036533,0.056839539909237236,0.0011653978489120055
territory the,0.021132067839125187,0.10096571776517659,0.0021336143972396785
territory to,0.01835954883831739,0.14593326319787753,0.0026792688728164583
terrorism,0.006515648457526557,0.04089454465125353,0.000266454476778191
test,0.004900059141623133,0.11278494042797625,0.0005526528783815255
testing,0.01287761184679654,0.08966978937052753,0.0011547327418976556
testing and,0.006425965915541734,0.015068799672864014,9.683159308595059e-05
testing of,0.006515648457526557,0.03523117923429526,0.00022955397863477756
text,0.005466786724991373,0.06933432994335077,0.00037903599452048187
than,0.011770908931747402,0.0429178139482497,0.0005051816795345256
than after,0.008434266890400183,0.041386289112574214,0.0003490630079787143
than an,0.0077385425905899365,-0.023664223403388654,-0.00018312660068035825
than any,0.006977342049417754,0.04512040369132355,0.00031482048996217586
than as,0.004474718334926285,0.02446510074209846,0.00010947443485648665
than fifty,0.012829068340572373,0.047751202998465456,0.0006126034466118577
than five,0.006298500902468313,0.010124654513926351,6.377014559314501e-05
than in,0.009397445052668898,0.0015063678490874286,1.4156009090906145e-05
than ninety,0.007288344898710119,0.07835004539610885,0.0005710421536764362
than of,0.013558630366746273,0.04056912767930634,0.0005500618065050496
than once,0.010595277268227246,0.12909518193189806,0.0013677992465607003
than one,0.010414961960769362,0.04932107815396157,0.0005136771528376425
than reasonable,0.0062177891400181096,0.019791138494913978,0.00012305712600227048
than saturday,0.0076561831963671955,-0.01399210067259026,-0.00010712608605136368
than sixty,0.015587526175657836,0.06059034933156104,0.00094445365619796
than ten,0.006811424630819635,0.02528838063551596,0.0001722498987342957
than the,0.008705816094678732,0.06166890092545238,0.0005368781102179515
than those,0.007871019200860724,0.07098478316357336,0.0005587225912494209
than to,0.006920506601053043,0.005705705373553923,3.9486371701343744e-05
that all,0.007780257044742635,0.0932253097609192,0.0007253168730157059
that any,0.00943016646034962,0.1007807531443016,0.0009503792781501674
that are,0.013371847356681944,0.13486231345737187,0.0018033582697209699
that as,0.009349668515067149,0.05779879997753997,0.0005403996203586693
that certain,0.012211161484975714,0.010573694639010006,0.00012911709272977318
that contains,0.007824407676386914,0.03548387912062745,0.00027764033617942274
that directly,0.006920506601053043,0.01947751527790353,0.00013479427305284288
that does,0.00986046394700813,0.06536624605180869,0.000644541512545122
that during,0.009032729198202664,0.1286442211381542,0.001162008412454646
that each,0.010031725404495895,0.059208530027559166,0.0005939637148403233
that either,0.00854967168931364,0.061864504595055304,0.0005289212035097579
that for,0.010734723844348107,0.04612242904060033,0.0004951115387813859
that has,0.0114068948773022,0.02543616706807755,0.0002901476838270567
that have,0.008028464890720578,0.08513405264241225,0.0006834957526443642
that if,0.008803513042676918,0.1194214239293467,0.0010513280631370531
that in,0.01328662559288831,0.06883911148103666,0.0009146395003956332
that includes,0.018845857992832345,0.043597978832096936,0.0008216413178442094
that is,0.013349228901186871,0.06229277422769125,0.0008315605020554047
that it,0.008683871383755417,0.02523545228749877,0.00021914142197553577
that its,0.008296521320216195,0.06263588893158108,0.000519659987931556
that may,0.010376409148920832,0.06381432789220921,0.0006621635757729535
that neither,0.011830682013507664,0.07210006142512587,0.0008529928998750344
that no,0.007152126522519891,0.03632608988156664,0.0002598087909013942
that nothing,0.005923811919134318,0.02939111324877617,0.00017410742697972686
that notwithstanding,0.012829068340572373,0.004376646158040831,5.614829266400934e-05
that of,0.016751254924868623,0.07097023612380349,0.0011888405173879522
that party,0.0075763567325803334,0.07579849423292159,0.0005742764321010471
that person,0.008106380888247012,-0.0035079373220059887,-2.8436676064277752e-05
that relates,0.013399719539933146,-0.00819111395513588,-0.00010975862971845333
that such,0.012101368670729465,0.13540091710588661,0.0016385364162532134
that term,0.007356742126528927,-0.012357249991023889,-9.090910157701466e-05
that the,0.011231723788546628,-0.001404271296495721,-1.5772387326424203e-05
that they,0.004508344529880566,-0.026429119421779793,-0.00011915157597474115
that to,0.013048728697589126,0.06455384428586808,0.0008423456004727066
that upon,0.0068652284858365525,0.048820543942502785,0.00033516418896810526
that was,0.011190862642193971,0.019467898275516173,0.00021786257553350636
that will,0.011225197520901418,0.04422141981360835,0.0004963941720624573
that with,0.010880106072273795,0.03928581184960082,0.00042743380005904767
that would,0.013171263715700406,0.012808135475079148,0.00016869933004868515
the ability,0.005466786724991373,0.06107221846881813,0.00033386879319110787
the above,0.009675848265158195,-0.022574965994336255,-0.0002184319455523037
the absence,0.010595277268227246,0.020796596142731858,0.0002203457023675893
the acceptance,0.00656203038512981,0.033157089396528415,0.00021757782810248488
the acquisition,0.0062177891400181096,-0.007099654734499293,-4.4144156106047864e-05
the action,0.006382576608996469,0.06555867891012619,0.00041843329052848155
the activities,0.014056023358510927,0.01608478987404082,0.0002260881821862578
the actual,0.0050495738276492615,0.054859645065992085,0.0002770178279193616
the additional,0.006257741435522016,0.04819850263857626,0.00030161376709153585
the affected,0.005578900288572575,0.02250893225935993,0.00012557508867720366
the aforesaid,0.014085203964171752,-0.002266484365496065,-3.1923894569618474e-05
the aggregate,0.00449146137701976,0.0659832873347126,0.00029636138659265874
the agreement,0.00886275589854895,-0.005305184336558869,-4.701855377172662e-05
the allocation,0.0076561831963671955,0.03506990297779654,0.00026850160187683373
the amount,0.009468118725728952,0.11218805374485433,0.0010622098124647413
the amounts,0.010739032857310284,0.10672842211508736,0.0011461600319028049
the and,0.007914090218371736,0.006204456665151451,4.910262980398642e-05
the annual,0.014055042645429457,0.07307341771376032,0.0010270500022141816
the anticipated,0.007500912372361329,0.06980327997311536,0.0005235882863817427
the applicable,0.014863012863903777,0.07818200582800071,0.0011620201583473746
the appropriate,0.0073051058202264225,0.029667221100706416,0.00021672218953271456
the approval,0.015369336548509346,0.028734813487919553,0.00044163501915448134
the approved,0.017899384897420264,0.05777000610527617,0.0010340475748046567
the arbitration,0.021373014399277596,0.1117369274540941,0.0023881549594073894
the area,0.013900512133821133,-0.0013975776244216501,-1.9427044726230063e-05
the assets,0.005187185676830007,0.0787758246580682,0.0004086248293468035
the assigning,0.017724296201652286,0.018258360123917468,0.00032361658299274993
the attention,0.0074275397412975714,0.04191327814904126,0.00031131253914006306
the audited,0.012575917971474929,0.09309121580382769,0.0011707074938138076
the authority,0.016520457684208675,0.07982744294753678,0.0013187858932533637
the availability,0.006257741435522016,0.06616614840734902,0.000414050648517567
the avoidance,0.01329118798854265,0.05062915164389142,0.0006729215721993939
the award,0.010955185286918544,0.029092018383646733,0.00031870845176329047
the bank,0.011912687481018865,-0.009665078655047909,-0.00011513706149705188
the basis,0.0050495738276492615,-0.04929718798585123,-0.00024892979023006
the beneficial,0.008106380888247012,-0.028879969990698133,-0.00023411203678574258
the benefit,0.0062844712866353064,0.05991223720592488,0.0003765167344387184
the benefits,0.012014664210652193,-0.049238113689018655,-0.0005915794023394763
the body,0.008209866391664815,0.006934968508386996,5.6935164884260274e-05
the breach,0.004253831158791154,0.049550419448677295,0.0002107791181819547
the breaching,0.009210221938946292,0.034820222964009044,0.0003207019814621176
the business,0.0034709708422408373,0.014188379239988318,4.9247450640654666e-05
the calculation,0.006609503751760677,0.09500944383470546,0.000627965275478181
the calendar,0.014387202513392865,0.03429452252082147,0.0004934022406071709
the captions,0.0076561831963671955,-0.01223265632950072,-9.365545783685823e-05
the case,0.013866620965910402,0.09081747861966484,0.0012593315530985642
the clinical,0.022008695787397906,0.07103556829420662,0.0015634002126721216
the co,0.012014664210652193,0.2372252548121586,0.0028501817788544885
the collaboration,0.009136984351435114,0.06710135625987783,0.0006131040421065764
the combination,0.016420398101214668,0.0783566306614647,0.001286647069331094
the commencement,0.012266183895464694,0.01310119547166985,0.00016070167290593168
the commercial,0.012290637994374935,0.05988925724742561,0.0007360771805801036
the commercialization,0.030692780747442076,0.10556043660657514,0.0032399433363698694
the common,0.011190862642193971,-0.05845532317699779,-0.0006541654923788399
the completion,0.005728414974598702,-0.059349278199130974,-0.0003399772939675262
the compliance,0.008825981502142751,0.022940298034991122,0.00020247064611047334
the conclusion,0.007577054427323699,0.010193258649927974,7.723487558229235e-05
the condition,0.011357528220928155,0.018368948354208985,0.00020862584932170033
the conduct,0.017452295007450318,0.0007003523259085673,1.2222755400910307e-05
the confidentiality,0.011505277873698908,0.049490486109257416,0.0005694017947914425
the consent,0.01154781445508616,0.043521927432958234,0.000502583142723526
the context,0.005187185676830007,0.0027976625995565964,1.4511995365022981e-05
the contract,0.01465228277349869,-0.03638609691849699,-0.0005331393810737473
the contracts,0.008318948361898223,-0.0382988916587537,-0.0003186065020271066
the contrary,0.01044117363957065,0.1308812834242656,0.001366554206402617
the control,0.005607929926004842,0.029090925975056914,0.00016313987435071325
the conversion,0.013399719539933146,0.010721179992725476,0.00014366080503966385
the copyright,0.013247873796826097,0.05885068737804009,0.0007796464792407417
the corporate,0.0068652284858365525,0.012219218169995874,8.388772465530727e-05
the corresponding,0.019194514918704084,0.04775334020111687,0.0009166022009082893
the cost,0.011630745938276933,0.045978134738054816,0.0005347600038541807
the costs,0.01442852015780533,0.08518187992629304,0.0012290484715962724
the course,0.008159864427185609,0.03543245693372408,0.0002891240449012812
the creation,0.015230706571463987,0.023691530747898686,0.00036083875305006164
the criteria,0.0077385425905899365,0.009084364476292614,7.029974140823263e-05
the current,0.009120322888674414,-0.019710957200630954,-0.00017977029411459623
the damages,0.008318948361898223,-0.00019309150297567115,-1.6063182423759254e-06
the data,0.017002180109162567,0.05917723338649713,0.0010061419803991723
the database,0.009504822649092193,0.01241402304383215,0.00011799308739336821
the date,0.008689373848626482,-0.01785100683515909,-0.000155114071965084
the decision,0.02136874575050206,0.08307112643107809,0.0017751257799135192
the defense,0.009907513984123524,0.16512505513277617,0.0016359787928571477
the delivery,0.004799664052381227,-0.031531208534777616,-0.00015133920813250828
the design,0.00975201144907676,0.10059981786257643,0.0009810505755708822
the development,0.02331289671440945,0.07115328152471405,0.0016587891030769568
the direction,0.005578900288572575,0.019953112845427175,0.00011131642701127481
the directors,0.015438949431295972,-0.03009428346030436,-0.00046462412051472576
the disclosing,0.014982208585901591,0.11147460177653415,0.0016701357358463508
the disclosure,0.005360576676941627,0.02688640749759588,0.00014412664895836096
the dispute,0.011644105835185103,0.0015649047248077657,1.822191623764284e-05
the distribution,0.0054397054459851225,0.021458948667329666,0.00011673035993078837
the domain,0.008556578580126829,0.06380299748913605,0.0005459353616634274
the duration,0.009397445052668898,-0.009375162712524681,-8.8102576450781e-05
the effective,0.013573535035324732,0.18882675976856655,0.0025630466393254847
the election,0.0068652284858365525,0.001479735560772371,1.0158722723319808e-05
the end,0.010598636963930801,0.1200046455206038,0.0012718856718580843
the enforcement,0.005958300365683749,0.00507144992600347,3.0217221948653293e-05
the english,0.013578669788269685,0.02281763913784308,0.0003098331872006698
the entire,0.002833096077267189,-0.014482646749622729,-4.103072969480256e-05
the equivalent,0.007824407676386914,0.049271875446524414,0.0003855232404737655
the establishment,0.008007945512605858,-0.008014281978884978,-6.417793340956995e-05
the european,0.01440745286489095,0.060470290986001096,0.0008712228671070509
the event,0.011399735009913897,0.08092097010224432,0.0009224776159107504
the exact,0.008434266890400183,-0.027586711799425855,-0.00023267368994490955
the exchange,0.015030077187068678,-0.029090475773867832,-0.0004372320962897849
the exclusive,0.008026489370251565,0.14479911141686566,0.0011622285286093442
the execution,0.009614904832942079,0.04057113527055933,0.00039008760459084777
the executive,0.008686786659555298,0.003560573503955395,3.0929942414525786e-05
the exhibits,0.006298500902468313,0.008539105228519146,5.3783561988099737e-05
the existence,0.00498413484815129,0.06580658736368114,0.0003279889053172355
the existing,0.017977330108777213,0.007909835314281317,0.00014219772055089878
the expense,0.01008827946508673,0.01982196595633146,0.0001999695321149069
the expenses,0.006977342049417754,0.025727153024697278,0.00017950714661102546
the expiration,0.012533303833018814,0.152230302601006,0.0019079486350908027
the extent,0.014159005590023104,0.08512005045575538,0.001205215270226089
the fact,0.006920506601053043,-0.014325973191023286,-9.914299203498558e-05
the failure,0.00836961807575963,-0.0031876922344562177,-2.6679766545463365e-05
the fda,0.021777654236329824,0.04101462149115366,0.0008932022454682868
the fees,0.004760864299035681,0.04580814344242734,0.00021808635472015775
the field,0.021518483467016857,0.09901909047155648,0.0021307406612312346
the fifth,0.007356742126528927,0.03242470130789135,0.0002385401660518819
the filing,0.01582166354977966,0.04434219740991276,0.0007015673284775508
the final,0.008703224135805775,-0.038486898173852424,-0.0003349601010989716
the first,0.014442723681885,0.14733306846526967,0.002127890797048134
the fiscal,0.008318948361898223,-0.004763375531552614,-3.962627507531569e-05
the following,0.007992889892548597,-0.026625335166131855,-0.00021281337233509403
the food,0.008106380888247012,0.022130803776143567,0.00017940072477247502
the foregoing,0.012356378192139328,0.11667933929757054,0.001441734043569726
the form,0.004001311389636037,0.06907150277428524,0.0002763765907500247
the fourth,0.008209866391664815,0.0010197598971640699,8.372092507294865e-06
the full,0.01176424513858524,0.10689619871474797,0.0012575530860632156
the further,0.008209866391664815,-0.0015270984019665342,-1.2537273847070095e-05
the future,0.005094409561542902,0.07360832321199443,0.0003749909455803247
the generality,0.005728414974598702,0.0982477328291046,0.0005628037839586153
the good,0.007914090218371736,-0.00391948968898559,-3.101919500860973e-05
the goodwill,0.00656203038512981,0.09688864991566527,0.0006357862647208003
the grant,0.006759018437786806,0.12686125426236897,0.0008574575566001119
the granting,0.0077385425905899365,0.04321393367456099,0.00033441286624751894
the gross,0.011359752369278369,0.13160494807683223,0.0014949996207245517
the highest,0.011273179077245387,0.05322198806615112,0.0005999810023167385
the holder,0.008556578580126829,-0.0011594784356412226,-9.921168346526649e-06
the immediately,0.006515648457526557,-0.008150438833795884,-5.31053942155867e-05
the impact,0.0076561831963671955,0.0250325767318103,0.00019165399333585846
the in,0.008106380888247012,0.00023856416638740448,1.933891999023436e-06
the indemnitee,0.02425141891397745,0.19075528868101652,0.004626086415860033
the indemnitor,0.029924134820685348,0.12064540355323296,0.003610209321422934
the indemnity,0.013247873796826097,-0.012655778658681498,-0.00016766215847077755
the information,0.007152126522519891,0.04154629494647536,0.00029714435799912053
the infringement,0.007577054427323699,0.08676055189580933,0.0006573894238591897
the initial,0.013659023495254,0.1565778417779872,0.0021387004196816903
the inspection,0.01867133991726528,0.08446290399001381,0.0015770355907968898
the intended,0.007824407676386914,0.024438096146464406,0.00019121362708467756
the interest,0.013102491568900407,0.0472454180248671,0.0006190326913399965
the international,0.009646896486099892,0.053247049042509424,0.0005136687703033727
the internet,0.012154045415228035,0.1289807646105903,0.0015676380707679513
the investigation,0.007577054427323699,-0.01213677047629323,-9.196097047080918e-05
the invoice,0.005958300365683749,0.06368229363886681,0.00037943823347603994
the issuance,0.00610247061151615,-0.028086141246014426,-0.0001713948515446946
the issued,0.007914090218371736,-0.005197946859434412,-4.113702039586596e-05
the jcc,0.04768454100897658,0.018377120815467517,0.000876304571152078
the joint,0.02587885351138147,0.04172335943154666,0.0010797527067317124
the jurisdiction,0.0051172066966813775,0.013301374858225669,6.80658844995817e-05
the language,0.007356742126528927,0.013444817779698932,9.891005734341626e-05
the last,0.01195974131459261,0.0335748742967073,0.0004015468112585838
the later,0.010734723844348107,0.011113051452660788,0.00011929553841234513
the launch,0.007035825129555003,0.204376104759971,0.00143795453375077
the laws,0.0063785799317693185,-0.039971489218115865,-0.00025496133896960754
the lead,0.008106380888247012,0.037533688695241284,0.0003042623767045169
the level,0.01910931522088669,-0.01528170556391342,-0.00029202292873359954
the license,0.007840382522370326,0.13706902605280644,0.0010746735962227465
the licenses,0.0189083329317245,0.10406474651174899,0.0019676908734996656
the like,0.00617861266647852,0.07301669417825696,0.00045114187151416683
the limitations,0.006257741435522016,0.040231092177483316,0.00025175577251534297
the local,0.018269906789191902,0.010785726585308842,0.0001970542193673016
the logo,0.009136984351435114,-0.0031534378112240725,-2.8812911934378148e-05
the management,0.010643882723973323,0.03692766576046753,0.0003930537436245015
the manner,0.008296521320216195,0.04089233816139497,0.00033926415538950366
the manufacture,0.016784654394834845,0.06947734263310805,0.0011661531843682434
the manufacturing,0.01111048324533123,-0.026169480582931032,-0.00029075557555567616
the marketing,0.011142576420106761,0.10029986419809829,0.0011175989017536403
the marketplace,0.008556578580126829,0.06571757136584747,0.0005623175634869666
the materials,0.014184559152873723,0.08562829438133995,0.0012145996068118013
the matter,0.01222179090438941,0.03278681359068507,0.0004007135801265459
the maximum,0.0045773264628167385,0.013071832882144582,5.983404656895839e-05
the meaning,0.00807750206858638,0.02150168730470242,0.00017367992368183131
the meanings,0.005607929926004842,-0.048600256029807255,-0.00027254683020105333
the members,0.0068652284858365525,-0.011045989675954182,-7.583324297761713e-05
the most,0.005728414974598702,0.00028084883056353976,1.608818646598715e-06
the mutual,0.003673425387482867,0.010570453102148715,3.882977078263012e-05
the name,0.006865303575536275,0.11131820021569659,0.0007642332379630847
the names,0.0068652284858365525,0.08621147704865165,0.0005918614880404474
the need,0.011912687481018865,0.03133415153110424,0.0003732739546729336
the negotiation,0.010734723844348107,-0.00683716840138803,-7.339511466620352e-05
the net,0.016520457684208675,0.06404361632537885,0.001058029853447117
the next,0.004760864299035681,0.08909771707437733,0.0004241821403449848
the non,0.013746981209994858,0.10269195726038004,0.0014117044068760395
the notice,0.004799664052381227,0.03298100270329788,0.00015829773308650692
the number,0.0076911899574581616,0.12374123550114535,0.0009517173478098745
the obligation,0.007840382522370326,0.04101969137438827,0.00032161007132477855
the occurrence,0.009461267231957008,0.04891999845519422,0.00046284517837151654
the of,0.0076561831963671955,0.04003124215057699,0.00030648652348295373
the omission,0.008825981502142751,-0.021871526408953776,-0.0001930376875090527
the one,0.005550282432954849,0.02655818642607012,0.00014740543557175691
the opinion,0.006977342049417754,-0.023657631651764616,-0.00016506738811349365
the opportunity,0.009164976684716532,0.05548184755612817,0.0005084898392769116
the option,0.0054397054459851225,0.043349744241831356,0.00023580983983435223
the ordinary,0.005607929926004842,-0.048076866888837784,-0.0002696117005744647
the original,0.012083409898891827,-0.047201398171686004,-0.0005703538419092852
the other,0.01295063607604917,-0.005016389745498884,-6.496543800958097e-05
the overall,0.007222190611637434,0.003643323281311067,2.631277519744488e-05
the owner,0.013474063920421754,0.0714003085842142,0.0009620523218015402
the ownership,0.008823094917641671,0.06919739011263674,0.0006105351410168732
the particular,0.011813667018774022,0.04794268161832025,0.0005663788766259335
the parties,0.012727703390985301,-0.08719797615387474,-0.001109829976780727
the party,0.012351042345062693,0.07195626146295876,0.0008887348323214065
the patent,0.012829068340572373,0.13104546987041932,0.0016811912886900272
the patents,0.013725295945480455,0.02927144292388049,0.0004017592168814994
the payment,0.007828371230047104,0.058806524081874055,0.000460359301261615
the payments,0.00610247061151615,0.12206624240291578,0.000744905656922
the performance,0.009708676382094399,0.022576249754961253,0.00021918550279225677
the period,0.012082819270988875,0.03414004001214599,0.0004125079333710888
the permitted,0.013247873796826097,-0.03371748093994168,-0.00044668493223923674
the persons,0.007577054427323699,-0.008495695332077344,-6.437234592910991e-05
the phrase,0.008007945512605858,0.052958687476847593,0.00042409028373371774
the plan,0.007577054427323699,0.016984805994591887,0.00012869479945855656
the plural,0.005856554858055854,-0.036338847640291126,-0.00021282045468389848
the portion,0.015295410168484586,-0.007749080401971192,-0.0001185253631767148
the possibility,0.0046487507354544795,0.05870286664998501,0.00027289499451240405
the power,0.011644105835185103,0.024996483360663686,0.0002910616977590114
the preceding,0.0047417406962018864,0.07067320881535642,0.0003351140303709495
the preparation,0.01080664159023023,0.00855147290144562,9.241270271448901e-05
the presence,0.008106380888247012,0.017297722117832825,0.00014022192398620764
the present,0.015196836065124675,-0.03408877733462885,-0.0005180415608148924
the prevailing,0.005334875374044817,-0.0047503641378111175,-2.534260065655417e-05
the price,0.008296521320216195,0.03210828186507578,0.0002663870450491122
the pricing,0.011813667018774022,-0.019275717349423405,-0.0002277169063140935
the prior,0.009283719950603524,0.06754632586633944,0.0006270811730353023
the procedures,0.013132573075894122,-0.01567488282360154,-0.0002058515441370248
the process,0.0067079391274018334,0.014112857829254668,9.46681912323167e-05
the product,0.026867966093046834,0.07992660761949903,0.002147465383452959
the production,0.00925607453014168,-0.04420018735717418,-0.00040912022842423023
the products,0.022576971274826437,0.19503940297983435,0.004403398998535018
the progress,0.012340240616199498,0.07481208578504447,0.0009231991395872069
the proper,0.0062177891400181096,-0.0038214652396438053,-2.3761065066013956e-05
the proposed,0.014941264906919823,0.10658805709433147,0.0015925603969603012
the prosecution,0.013399719539933146,0.05920152827788011,0.0007932838752590148
the protection,0.014473950959713142,0.07639376209989929,0.0011057195662619347
the protocol,0.009504822649092193,0.04512833314932355,0.00042893680303346854
the provision,0.00478017090563334,0.02540235335841818,0.00012142759045852795
the provisions,0.009118528523467676,0.04385366205861917,0.0003998808683400311
the public,0.009328714473472999,0.08859905039423395,0.0008265152437486539
the purchase,0.010638370145108563,-0.02762153090446112,-0.0002938480697362127
the purpose,0.008948631473743534,0.013982156944057234,0.0001251211697004123
the purposes,0.0062964163662762454,0.08850363414409751,0.0005572557304998207
the quality,0.009120322888674414,0.02107466353225501,0.00019220773618433735
the quantity,0.006515648457526557,-0.012925106817991854,-8.421545230201461e-05
the rate,0.005466786724991373,0.04347688861019561,0.00023767887749814596
the reasonable,0.009907513984123524,0.05232571013545251,0.0005184177048961897
the receipt,0.009824916971341243,-0.023180373441546165,-0.00022774524442787473
the receiving,0.01604795545596769,0.1206061904692839,0.0019354827723650232
the recipient,0.005856554858055854,-0.03629558284908883,-0.00021256707206079989
the records,0.007222190611637434,0.031135888826360474,0.00022486932396672749
the registration,0.013771157604846948,-0.00670654900587912,-9.235694334459098e-05
the regulatory,0.019911461013528142,0.04042812894696513,0.0008049831133773847
the relative,0.008209866391664815,0.05410495276630054,0.00044419443333866304
the relevant,0.018481408577443018,0.045648610851497066,0.0008436506281392164
the remainder,0.004819347379172931,0.011073339526469174,5.3366269825581234e-05
the request,0.01083983922751159,0.009755831868228215,0.00010575164898222787
the required,0.00516358862428463,0.022778368564504457,0.00011761812479943784
the requirements,0.01056008535496458,0.03572828103997052,0.00037729369736825137
the resolution,0.007356742126528927,0.014694327729902985,0.00010810237983159947
the respective,0.007177152031914265,0.025774721811537102,0.00018498909702169841
the responsibilities,0.0076561831963671955,0.010129211158541575,7.75510962644811e-05
the responsibility,0.0057596950584364705,0.023080571906877567,0.00013293705595793034
the restrictions,0.006920506601053043,0.06456166921560955,0.0004467994579816289
the results,0.013244607672382945,0.08413326409469019,0.0011143120751311542
the revenue,0.0076561831963671955,0.14199978175243058,0.001087176342940768
the review,0.0074275397412975714,0.00041419984421711,3.0764858037618476e-06
the right,0.011681747866568918,0.09318588737902576,0.0010885740410842657
the rights,0.01202979221355819,0.09759472112159209,0.0011740442162329115
the royalties,0.007914090218371736,0.09090618799594695,0.0007194397732081858
the royalty,0.025822948152788787,0.15881492105527814,0.004101069472299691
the rules,0.007871019200860724,-0.023916549871055685,-0.00018824762325342237
the safety,0.019015859212023926,0.01346308988818065,0.00025601222187246616
the sale,0.008051918892601383,0.13955274052144823,0.0011236673479189476
the sales,0.010396232615272878,0.015161793734505786,0.00015762553452870902
the same,0.009368726540450411,-0.0001346057539341678,-1.2610844993803753e-06
the scope,0.01083983922751159,0.060617570723494295,0.0006570847210049915
the section,0.006920506601053043,0.0343203379231915,0.00023751412514781787
the securities,0.026576542757323362,-0.011645200133772881,-0.0003094891592728027
the selection,0.015438949431295972,0.020175362217339086,0.0003114863970315775
the shares,0.006298500902468313,-0.12415933332108792,-0.0007820176729727363
the singular,0.005607929926004842,-0.012994659197505013,-7.287313819192242e-05
the sole,0.012183809591063226,0.1372529389890798,0.0016722636744567665
the specific,0.005235224255677302,0.013710478113125181,7.177742757476571e-05
the sponsor,0.02012664352074215,-0.09226183965800712,-0.0018569211573645802
the state,0.0027463074277125667,-0.03653511225603871,-0.00010033665016107154
the status,0.018063546166015,0.06257739972492213,0.0011303697488803052
the subject,0.009355761144713795,0.02971224256349488,0.0002779806444978568
the submission,0.012700148634890796,0.06393804510708662,0.0008120226762843522
the subsequent,0.01808108225382105,0.03971711660903301,0.0007181284522925279
the successors,0.012575917971474929,0.04587209588112536,0.0005768837149806655
the supply,0.01171743623961945,0.05863745999977897,0.000687080698800646
the surviving,0.012963044992779548,0.019201459595523745,0.0002489093846638129
the technology,0.007222190611637434,-0.023849791566668988,-0.0001722477407423064
the term,0.009714348073958812,0.09809149436629004,0.0009528949193689113
the termination,0.007713015136874019,0.06453054112436953,0.0004977250404829335
the terms,0.009045563391570477,-0.01568359829613022,-0.00014186698259557263
the then,0.012274871224124639,0.1299738948059397,0.0015954128212408321
the third,0.012036613091146066,0.06502559607653544,0.0007826879409944027
the three,0.006977342049417754,0.009499239135875116,6.627944066021622e-05
the time,0.009498940000779395,0.06440147304519186,0.000611745728418089
the timing,0.0070960542288348435,0.031578666824654475,0.00022408393226205597
the total,0.012131737717085917,0.0953680255706411,0.0011569798728193609
the trade,0.01808108225382105,0.0004928277014772436,8.910858207371607e-06
the trademarks,0.005856554858055854,0.16657263722946045,0.0009755417877853719
the transfer,0.005466786724991373,0.05792676650064614,0.0003166732781274073
the treatment,0.014085203964171752,0.09893968358856536,0.0013935856234955598
the two,0.00610247061151615,-0.011828367523130537,-7.218226519211617e-05
the united,0.013385924512784544,0.07653789081411094,0.0010245304288054346
the us,0.01222823167156043,0.0023773432996421844,2.9070704630856536e-05
the usa,0.008209866391664815,-0.014447090776057242,-0.0001186086850196831
the use,0.009280799269809369,0.16920066012680152,0.0015703173629560826
the validity,0.004109660912958752,0.10345650224322935,0.0004251711434604291
the value,0.0052844346219792565,0.036070268069667205,0.00019061097341142226
the voting,0.006140182457047066,0.02321123146729874,0.00014252119626196656
the weighted,0.02439848357817113,-0.010072044093504493,-0.0002457426024139849
the wind,0.03749577469133429,0.01744475123609046,0.0006541044618948232
the word,0.011190862642193971,0.01918013591781642,0.00021464226651489457
the work,0.006140182457047066,-0.009651339269018561,-5.9260984066637224e-05
the world,0.01409719554890598,0.11602026343525905,0.001635560341282433
the written,0.007465258590974039,-0.014757106139276404,-0.00011016561338414889
their,0.010027856831419343,-0.00626876397986489,-6.286226770004365e-05
their respective,0.010478477482831367,0.06561128674291085,0.0006875063907551835
their rights,0.007824407676386914,0.040202470955994385,0.0003145605223578044
them,0.007360836909445289,-0.0065864044520850505,-4.848144899144241e-05
them to,0.005889903137864939,0.05640340805532669,0.0003322106100913453
then,0.012700570227437771,0.11208804352537291,0.0014235820684501002
then current,0.011633169333780544,0.16714649727666714,0.0019444435063677573
then such,0.019911609114442574,0.09448148711933795,0.001881278440071498
then the,0.015342734588924838,0.12332559050699711,0.0018921518031712852
there,0.008948631473743534,0.02958434211096153,0.0002647393749441466
there are,0.009461267231957008,0.05270656216549665,0.0004986708695255184
there is,0.006774809097904653,0.03467382591179538,0.00023490855124639343
thereafter,0.010023401756946894,0.09612350769132455,0.0009634845358771207
thereafter the,0.006382576608996469,0.027228294595246828,0.00017378667618648738
thereby,0.0046854340186417605,0.03147920618438648,0.0001474937435361625
therefor,0.011644105835185103,0.04097281062325441,0.0004770917432621709
therefore,0.004747160970280223,-0.01660171618769712,-7.881101912590514e-05
therefore in,0.0036846651101091854,0.015007260474558491,5.529672906892629e-05
therefrom,0.013660992652858948,0.05492711062010993,0.0007503588546240924
therein,0.009891810471293604,0.12349780663565409,0.0012216168968603558
therein and,0.006340100829744757,0.06808599477026188,0.0004316720719369345
thereof,0.012154877710340318,0.0838866455763313,0.0010196319185109676
thereof and,0.00874302626049436,0.07700519431601828,0.0006732584360994189
thereof from,0.012829068340572373,0.0025323440117801035,3.248761438896616e-05
thereof in,0.00854967168931364,0.10899844420256087,0.000931900912577867
thereof including,0.006811424630819635,0.08306717880081929,0.0005658058276965991
thereof is,0.0077385425905899365,0.04830602751369115,0.00037381825129690824
thereof or,0.007779921355435577,0.023163079038735643,0.0001802069332711016
thereof provided,0.018269906789191902,0.06331945518036085,0.001156840544087607
thereof shall,0.009595527596969057,0.03236300805888642,0.00031054013694997663
thereof that,0.007824407676386914,0.02232282773113098,0.0001746629046581239
thereof to,0.010836370540550587,0.050481526070396174,0.0005470365219512775
thereon,0.005550282432954849,0.05336486829665039,0.0002961900910438478
thereto,0.011170426991682775,0.09601833419661246,0.001072565792006257
thereto or,0.006759018437786806,0.024717542743892398,0.0001670663271427522
thereto the,0.007356742126528927,-0.0029595847556593523,-2.177290184899198e-05
thereunder,0.011453411263467167,0.01656916083123178,0.00018977341329062908
these,0.009245805575629842,0.0017340089965829494,1.603231004879894e-05
they,0.009296053392206958,-0.01718762623962197,-0.00015977709120882313
they are,0.004704028850670971,-0.011015488742265366,-5.181717684785757e-05
they have,0.006029097980452392,-0.0011623954693885771,-7.008196176977681e-06
third,0.014217214152829049,0.07751862084671104,0.0011020988334096492
third parties,0.013037610674017439,0.14904478067765597,0.0019431878234695958
third party,0.014823579949462063,0.1289178573341806,0.0019110241651065702
thirty,0.009916011486855371,0.12785740975091153,0.0012678355437696126
thirty 30,0.010362976765188063,0.1529690861163725,0.0015852150852160203
this agreement,0.013791268273762241,-0.17618652847346844,-0.002429835680400453
this article,0.017004875864785718,0.07959922564835084,0.0013535749510832735
this clause,0.00610247061151615,-0.018971814978082868,-0.00011577494335087262
this definition,0.011031951815380848,0.050099234887418964,0.0005526923452654532
this document,0.03309152645218959,0.08590593468328107,0.0028427585099718667
this license,0.012700148634890796,0.025878950677878806,0.00032866652012406873
this section,0.014378557366186283,0.16887689130485206,0.002428206069450021
this subsection,0.014642735767148835,-0.004539991960130881,-6.64779026571766e-05
those,0.010289187272617413,0.08672793743379303,0.0008923599900241425
those set,0.005993388641282742,0.060127223538737756,0.00036036581858893917
threatened,0.010222751484874998,0.0035918642155316092,3.671873524279513e-05
three,0.010891523040505897,0.13141687009604777,0.0014313298685622747
three arbitrators,0.01222823167156043,0.03401569334003496,0.00041595177863070263
three months,0.00610247061151615,-0.004514679248940602,-2.755069743708183e-05
three years,0.010935998731146571,0.1426003700893621,0.0015594774663582954
through,0.011106443049884845,0.015998188322080588,0.00017768296750052083
through any,0.006658121164349814,0.057286940046247625,0.0003814233879627602
through its,0.01296651246879226,0.017946950755445064,0.00023270936074727908
through one,0.006977342049417754,-0.0017670536461894782,-1.2329337709134808e-05
through the,0.0127143213761836,0.07804026663791286,0.0009922290303174834
time,0.011153618727288293,-0.039675183057684395,-0.00044252186476077983
time after,0.005637383368709824,0.04396157089694427,0.0002478282286367914
time and,0.003848973015264668,0.03461540302425749,0.00013323375215287806
time as,0.008159864427185609,0.05540715436802542,0.0004521148679392324
time by,0.004722796660365082,0.05130452658798953,0.0002423008468313685
time during,0.004612722546028404,0.17305118077494627,0.0007982370831774317
time each,0.007577054427323699,-0.005928424637013019,-4.491999614293438e-05
time from,0.007824407676386914,0.005998305140265301,4.69331847848029e-05
time in,0.007720511740534431,0.018554219950672468,0.00014324807296562495
time of,0.008505572597677187,0.11040937049723876,0.000939094916228102
time or,0.005334875374044817,0.039366028465489235,0.0002100128558344858
time periods,0.007288344898710119,-0.028221292318807576,-0.00020568651190678826
time such,0.006920506601053043,0.031687896225530164,0.0002192962950022653
time the,0.00968031621931166,0.017612624157886548,0.00017049577130022952
time to,0.009720223985704497,0.06034558365996267,0.0005865725897229065
time when,0.013247873796826097,0.03132725400860225,0.00041501950750707703
time with,0.01612900758479603,-0.022011045944516236,-0.0003550163269883962
timelines,0.016067360140190487,0.06938143186790818,0.00111477645286377
timely,0.006355145034946852,0.0692350596526197,0.0004399988455955952
timely manner,0.01002988544904967,0.03522885245625487,0.00035334135463770843
times,0.008650154046059722,0.1184074362630747,0.0010242425638745942
times and,0.006609503751760677,0.07643051226614758,0.0005051677575720929
times during,0.00617861266647852,0.10495010513079932,0.000648446048909409
times to,0.007035825129555003,0.06051409061562547,0.0004257665594455862
timing,0.01141583269567922,0.04613836284969726,0.0005267078311446855
timing of,0.006811424630819635,0.034906275085204386,0.0002377614618855269
title,0.006927287023666656,-0.011787789998882199,-8.165740469696425e-05
title chief,0.00656203038512981,-0.0052896428259635265,-3.4710796950456574e-05
title president,0.00516358862428463,-0.036607633424658524,-0.00018902675951354856
title to,0.010691190509362253,0.006273948040693576,6.707597374889507e-05
to above,0.007577054427323699,-0.00427664937186498,-3.240440505720066e-05
to accept,0.005140264376146855,0.020518184937968302,0.00010546889509983144
to access,0.006382576608996469,0.05532618120181846,0.00035312359000382667
to accomplish,0.01222823167156043,0.040628512327129704,0.0004968148612069907
to achieve,0.0060654507656467405,0.021115172278406886,0.00012807303786282586
to acquire,0.01008827946508673,0.036650283657273915,0.0003697383040092802
to act,0.007465258590974039,0.04919327144096557,0.00036724049224278604
to address,0.0067079391274018334,-0.001969836899174975,-1.3213546010575715e-05
to affect,0.006658121164349814,0.02666395047362051,0.00017753181297358795
to agree,0.010935998731146571,0.1038822858987292,0.0011360565467771078
to all,0.010037185512792797,0.13092640961595942,0.0013141326618392834
to allow,0.008512338347721495,0.006014898665392134,5.12008525670763e-05
to amend,0.00944589929422172,0.03463727431043437,0.0003271802049626961
to an,0.011968440927177052,0.12009119888305844,0.0014373044197057558
to and,0.007919688310717798,0.0068578680136189936,5.4312177143903825e-05
to any,0.011211400432516158,-0.00765736229963815,-8.584975499809608e-05
to applicable,0.010208150246922627,0.059174932664186206,0.0006040666034875423
to apply,0.01002988544904967,0.04195973820159833,0.00042085136763414467
to appoint,0.006029097980452392,0.034678727788603494,0.00020908144767492758
to approve,0.006425965915541734,0.06784401937652687,0.00043596335608691466
to arbitration,0.006658121164349814,0.047061995265917846,0.00031334446671653837
to article,0.011532744409268832,0.014268211368484064,0.00016455163489015057
to as,0.006537643628140786,-0.04255852770367586,-0.0002782324874649896
to assign,0.008366956119795805,0.09412950431486417,0.0007875774321805984
to assist,0.009717952047065109,0.05570727092062079,0.0005413605874794574
to assume,0.010691190509362253,0.10142408780171636,0.0010843442449264338
to at,0.007577054427323699,-0.004439576019227343,-3.363890913192666e-05
to attend,0.016933274192469542,0.028985566750282597,0.0004908205494066636
to authorize,0.014765469077804027,0.01685668869267365,0.00024889691564584156
to avoid,0.014218258564489711,0.05092965536512298,0.0007241310085816692
to bank,0.00897549618816888,-0.005731996280434309,-5.144751076563633e-05
to be,0.011173633415444733,-0.08310760015697759,-0.0009286138581914247
to bind,0.00516358862428463,0.007127170470212747,3.6801776363327876e-05
to breach,0.0067079391274018334,-0.02501920305678252,-0.00016782729112100301
to by,0.007548241621159619,0.02001147019556998,0.00015105141223079654
to carry,0.011380419700462956,0.038432958721470914,0.00043738320058090715
to cause,0.005235224255677302,0.044994648344973326,0.00023555707439127494
to certain,0.012652739111361474,-0.009159717343284156,-0.00011589551387838745
to change,0.00516358862428463,0.012298082942131593,6.350224118049955e-05
to claim,0.011357528220928155,0.05997411081478053,0.0006811576561039424
to commercialize,0.029516791326310896,0.07910775318200623,0.0023350070429665848
to complete,0.012360623104188223,0.030403918098251336,0.00037581137250309194
to compliance,0.0076561831963671955,0.02655285722468297,0.00020329353929915504
to comply,0.008749022796007698,0.036192992601876736,0.0003166533173295575
to conduct,0.013912934613694035,0.11707288579734614,0.0016288274051349458
to confidentiality,0.007500912372361329,0.0546139557477088,0.00040965449637158307
to confirm,0.0068652284858365525,-0.007038111718650521,-4.831824505737961e-05
to conflict,0.007577054427323699,0.03419592027293479,0.00025910434910044876
to consent,0.008686786659555298,0.006117921726221717,5.314508083554633e-05
to consult,0.012456047189639032,0.038292095572227944,0.0004769681494378391
to continue,0.012978193885785928,0.08281942565173721,0.001074846563617678
to cooperate,0.008782668803765659,0.045744645454606644,0.0004017600705734943
to coordinate,0.008106380888247012,0.02156177814392035,0.00017478798626249808
to cover,0.006759018437786806,0.017420613382076653,0.00011774624704701167
to day,0.012700148634890796,0.04066029876923132,0.0005163918379083051
to defend,0.008625585185743993,0.06714375928227745,0.0005791542153803731
to deliver,0.004859299674676837,0.07344711125288947,0.00035690152381711925
to determine,0.004722796660365082,0.11259028922947839,0.0005317410419625191
to develop,0.01632024957560658,0.13085310449514437,0.0021355553231036835
to direct,0.011359752369278369,0.07086922758986489,0.0008050568760228956
to disclose,0.004299170707144484,0.0906204477375442,0.0003895927743815677
to disclosure,0.0068652284858365525,-0.016125310932016693,-0.00011070394395345257
to discuss,0.006298500902468313,0.08568283305727892,0.0005396734013373131
to distribute,0.005958300365683749,0.1275471877880188,0.0007599644556392862
to do,0.009469865185862883,0.0743095845711363,0.0007037017479061373
to each,0.006374947796226628,0.02964959444004213,0.00018901461673455984
to effect,0.009120322888674414,-0.03115149150479924,-0.00028411166098756707
to either,0.004760864299035681,0.0404355719878098,0.00019250827108785093
to elect,0.007222190611637434,0.036639475731145336,0.0002646172776407955
to enable,0.013281177906013164,0.08342243389406148,0.001107948185899653
to enforce,0.006708477562186816,0.048512245587547125,0.0003254433110153563
to engage,0.00925607453014168,0.014798183945845434,0.00013697309351349144
to ensure,0.011023073218381904,0.06368627235447494,0.0007020184431691885
to enter,0.005758769933371896,0.1269908703595744,0.0007313112060394454
to establish,0.01088589160499866,0.07919645001200945,0.0008621239703314297
to examine,0.0070960542288348435,0.07307549238274205,0.0005185476567467452
to execute,0.007357660191497972,0.035289449966787255,0.00025964778120049004
to exercise,0.0107988652907056,0.04598714253359036,0.0004966089573247201
to facilitate,0.009805807312913018,0.12624309417662524,0.0012379154560819186
to file,0.019678800931824357,0.02074913941629067,0.0004083181840798543
to fulfill,0.005466786724991373,0.04730743055278772,0.0002586196333394312
to furnish,0.0068652284858365525,0.04087370632730927,0.00028060733299996136
to government,0.008007945512605858,0.0011042633299422244,8.842880577746038e-06
to grant,0.01571115983171614,0.1134995231171498,0.0017832091485171012
to have,0.010907573364619652,0.027394089000909134,0.00029880303553433664
to herein,0.00894732558105754,0.031283219481106274,0.00027990114992113973
to implement,0.009805807312913018,0.05285429379847669,0.000518279020647956
to in,0.004425307089947076,0.09176124706737208,0.000406071697229627
to include,0.012730028438399104,0.1004257236954614,0.0012784223185900345
to inform,0.013102491568900407,-0.011721016961084178,-0.00015357452591154412
to initiate,0.014642735767148835,0.07660283359124932,0.0011216750512915367
to inspect,0.00975201144907676,0.09716463102418064,0.0009475505941931285
to intellectual,0.00715813681928165,0.04357619293444216,0.0003119243510881513
to issue,0.013305413512697229,0.05266045767766331,0.0007006691651692019
to it,0.013673744624061311,0.05907945282095547,0.0008078373504030237
to its,0.008956203426101204,0.07612417985668603,0.0006817836404415956
to joint,0.014280455205571167,0.03652744634848432,0.0005216285613534344
to jurisdiction,0.0077385425905899365,-0.04506756800043374,-0.0003487572944256646
to keep,0.014194573623227826,0.03726572029472638,0.0005289710103461089
to know,0.010370626448400864,0.038675773927425196,0.0004010920040041283
to licensee,0.012829068340572373,-0.03741194318865376,-0.0004799603759208502
to limit,0.00656203038512981,0.04593304926965939,0.00030141406498916955
to maintain,0.006414901079213358,0.11482453753220566,0.0007365880497355208
to make,0.009811015713526201,0.10027596209903701,0.0009838090398426099
to manufacture,0.017655984425587662,0.003235888772110081,5.7132801763309574e-05
to market,0.013597942723139226,0.06092095806380474,0.0008283996983903836
to matters,0.007914090218371736,0.005047554078229248,3.994679835721646e-05
to maximize,0.0193442110027139,0.0502321420072909,0.0009717011541073236
to meet,0.009219258350931672,0.11856186605930029,0.0010930524737692464
to minimize,0.006382576608996469,0.005786172226879641,3.6930687510907004e-05
to modify,0.011359752369278369,-0.009233864168181541,-0.00010489441036209489
to negotiate,0.005856554858055854,0.13436384721986616,0.0007869092421825816
to not,0.006658121164349814,0.11015270121771054,0.00073341003128794
to notify,0.00498413484815129,0.06621029679640146,0.0003300010475693842
to obtain,0.014544773577357192,0.03832462938834165,0.0005574230568895585
to occur,0.006470308909173226,0.020540906328774255,0.0001329060092215608
to of,0.01977185308723511,0.07138289200121614,0.0014113720535900158
to one,0.009032729198202664,0.04171173834084372,0.0003767708368191286
to or,0.007301276456849142,0.09702454860081336,0.0007084030524355339
to order,0.0077385425905899365,0.02569869132409683,0.0001988704173339474
to participate,0.008159864427185609,0.05051180911372171,0.0004121695143398476
to particular,0.015587526175657836,0.034923752389412296,0.0005443749045221571
to party,0.010691190509362253,0.027493342299997364,0.0002939365602683796
to pay,0.007670220112738743,0.03946800025932158,0.0003027282493986263
to perform,0.006335178512386482,0.03974115190906595,0.0002517672916318016
to permit,0.00498413484815129,0.05289653904117872,0.0002636434835817341
to place,0.011912687481018865,0.05410125683532865,0.0006444913650096058
to practice,0.0067079391274018334,0.10760443130185965,0.000721803975011567
to prepare,0.006609503751760677,0.05250643179801054,0.00034704145796051676
to present,0.007577054427323699,0.023020157932296594,0.00017442498957859865
to preserve,0.010880106072273795,0.02570334450848411,0.0002796551146645033
to prevent,0.004314513176468528,0.034829662357606685,0.00015027303717384395
to product,0.019147318175177508,0.020980113588839513,0.00040171291023687543
to products,0.016933274192469542,0.10222667495064032,0.0017310323167236503
to promptly,0.009699049663319165,0.03825383209450378,0.00037102581729686477
to provide,0.007686827483084859,0.05445349472890263,0.00041857461983214525
to publish,0.013102491568900407,0.07844031755660458,0.001027763599447282
to purchase,0.0044091019827970195,0.055056430157169635,0.00024274941537170226
to pursue,0.006920506601053043,-0.01175756646158327,-8.13683163097069e-05
to reach,0.01026970086267994,0.06948879483478317,0.000713629136261362
to receipt,0.01660860698590301,-0.026619119169027296,-0.0004421064885892915
to register,0.01026970086267994,0.11593745913776403,0.0011906430241240154
to regulatory,0.02331419869484068,0.041628354347333425,0.0009705317245929663
to reimburse,0.015334246229005857,0.07024012108705109,0.0010770793119040279
to remain,0.008106380888247012,-0.012175004304781663,-9.869522221060718e-05
to render,0.00656203038512981,0.03271454553515446,0.00021467384183739634
to require,0.005187185676830007,0.021422318393844116,0.00011112154313704021
to resolve,0.010717948957170032,0.06111729264998131,0.0006550520230229228
to review,0.007996389849855064,-0.004297820813432898,-3.436705072903066e-05
to rule,0.039288410085828,-0.033393508617083296,-0.0013119778607525996
to sales,0.013558630366746273,0.07457358517005307,0.001011115676443821
to section,0.01733893468877413,0.2154976630307618,0.0037364999048738337
to sections,0.014218258564489711,0.09002336362495106,0.0012799754608646319
to secure,0.01996299143772418,0.034084379623633504,0.0006804261785867361
to seek,0.007492696222455828,0.07565890086084792,0.0005668891606752353
to select,0.007577054427323699,0.05551583360136048,0.0004206464927757542
to settle,0.010461300616020073,0.021532830349917435,0.000225261411404247
to share,0.0074275397412975714,0.042281086953381695,0.0003140444536515008
to so,0.010664289044768495,0.031313535120642694,0.00033393658954004337
to sponsor,0.019174987641289953,-0.07596150543190912,-0.0014565609278706369
to subcontractor,0.010535426112280295,-0.04719529841128865,-0.0004972225792591512
to sublicense,0.006515648457526557,0.09380404749710729,0.000611194197384275
to submit,0.010396232615272878,0.051731518532182864,0.0005378129002018728
to such,0.01376678664498545,0.0782204749268895,0.0010768445895879214
to supply,0.01632918774806094,-0.019399291006334102,-0.00031677466502169963
to support,0.011472665800594585,0.035958500518548306,0.0004125398591398118
to take,0.006355145034946852,-0.047656789237569164,-0.00030286580750464625
to terminate,0.009655982672575605,0.07776383994375645,0.000750886291049855
to that,0.009643011989063468,0.030943575785974932,0.0002983892722886503
to their,0.004799664052381227,0.02440216418075986,0.0001171221902186979
to third,0.014217616442298667,0.14170684038534823,0.0020147335038489195
to this,0.010126925230486004,-0.018635666672343936,-0.00018872200301108696
to those,0.010222751484874998,0.060241199279850624,0.0006158308093887437
to three,0.007824407676386914,0.042108475865706686,0.0003294738818045885
to time,0.009651721002571934,0.05253673078759978,0.0005070698679491444
to transfer,0.01002988544904967,0.04367961324087218,0.00043810151726474117
to treat,0.007577054427323699,0.013445053327445191,0.00010187390084032182
to two,0.007356742126528927,0.043365936813443286,0.00031903201421184987
to undertake,0.011532744409268832,0.021987043351892676,0.0002535709512928917
to use,0.0102829548140613,0.137878536660233,0.0014177987623060703
to vote,0.0074275397412975714,-0.0032831177104898643,-2.438548727002136e-05
to whether,0.019810476587505454,0.03886351078541858,0.0007699046705228006
to which,0.011147795698900554,0.044159834658756156,0.0004922848148730415
to whom,0.012087366828615763,0.04936560447675027,0.000596700170026837
to withhold,0.011532744409268832,0.11861181112409615,0.0013679197016146704
together,0.009235611092017067,0.0006325665667863146,5.842138800650842e-06
together shall,0.004441643413967741,-0.05039209686552055,-0.00022382372515876377
together with,0.011853179920733021,0.0168976485493268,0.0002002908684924839
tort,0.0047417406962018864,-0.02015487841011359,-9.556920718423638e-05
tort including,0.006470308909173226,-0.0031444543900981,-2.03455912547406e-05
total,0.010783026025435771,0.08560779440955259,0.0009231110750983605
total amount,0.011357528220928155,0.00938591346550446,0.00010660077706365649
towards,0.0074275397412975714,0.03298734984783878,0.0002450148519549089
trade,0.010696303499317618,0.11057216149622401,0.0011827133979391735
trade dress,0.016258506000605282,0.09909885803807729,0.0016111993780652107
trade name,0.014194573623227826,0.16458542962090272,0.0023362199980644853
trade names,0.008028464890720578,0.061646794031962056,0.0004949291215110902
trademark,0.016812882645827986,0.2108364712791577,0.003544768849076961
trademark and,0.01574150688086015,0.0233095176123858,0.00036692693188490193
trademark or,0.01338217155998084,0.14368741559600667,0.001922849646516028
trademarks,0.01530078275610025,0.16925347426064502,0.0025897106403773348
trademarks and,0.010505050524174508,0.09119540531081781,0.0009580123403627133
trademarks as,0.008209866391664815,0.05163959918068273,0.00042395420979252904
trademarks in,0.020224346272009544,0.06332679954390498,0.0012807431222740704
trademarks means,0.008825981502142751,-0.008817442090453658,-7.78225807865589e-05
trademarks of,0.013558630366746273,0.05028934680562022,0.000681854664722517
trademarks or,0.01002988544904967,0.022577031191818003,0.00022644503663355592
trademarks trade,0.0068652284858365525,0.010464035239661041,7.18379928041185e-05
training,0.01105010882513344,0.20763942016114306,0.0022944381891682373
transaction,0.009155692432261402,0.12554440657008328,0.0011494459731464601
transaction or,0.007222190611637434,0.08290009930793377,0.0005987203189255702
transactions,0.0034407828726433554,0.007476206382687429,2.572400287389784e-05
transfer,0.01061175105870569,0.10245122581463496,0.0010871869040041484
transfer and,0.006759018437786806,0.008909711082647412,6.0220901482967305e-05
transfer in,0.011357528220928155,0.023653948539451384,0.0002686503880732014
transfer of,0.004594946880437563,0.11630815688008603,0.000534429802625594
transfer or,0.008625585185743993,0.02536652500860954,0.00021880112232806697
transfer price,0.016855314622733663,0.009078008693295008,0.00015301269267339868
transfer to,0.005334875374044817,0.029910841608460158,0.00015957061231392915
transferred,0.010677995130234381,0.07181510319631523,0.0007668413222075336
transferred to,0.0060654507656467405,0.0408475388535732,0.00024775873581419055
transfers,0.009544919756466565,0.1253401627541077,0.0011963617957504173
transition,0.017939751193650363,-0.01787989177019485,-0.0003207608097266924
translation,0.018206940871771334,0.03623111232925221,0.0006596577198972004
translations,0.018466440547210878,0.061237513172943674,0.0011308388962672073
transmission,0.008537878736298223,0.007611383139357765,6.498506625934147e-05
transmission or,0.006759018437786806,-0.0012527021072222479,-8.467036639769557e-06
transportation,0.004941659068899578,0.05678888723535772,0.00028063131961932096
travel,0.005071867148328047,0.05636005530971934,0.00028585071300331723
treat,0.005607929926004842,-0.021501254334183238,-0.00012057752762730748
treatment,0.011061254940156367,0.17775609655612093,0.0019662055011743047
treatment and,0.009136984351435114,0.044275194173390105,0.00040454175631901654
treatment of,0.014077363484403126,0.11870346415243105,0.0016710318117315883
treaty,0.012575917971474929,0.04348857761006097,0.0005469087847202479
trial,0.016047568446642443,0.06617782054445548,0.0010619931048367697
trial in,0.018836086597384987,0.021529817411527315,0.0004055375051894156
trials,0.01222823167156043,0.044949008413463803,0.0005496468882867543
tribunal,0.02409066138091281,0.028504637723724895,0.0006866955751878498
true,0.01103802783064938,0.01921109731606062,0.0002120526268319907
true and,0.005889903137864939,0.009471769554423016,5.578780521972972e-05
trust,0.004704028850670971,-0.07445365782436855,-0.00035023215444381415
tube,0.010535426112280295,0.08524323370512195,0.0008980737902721535
twelve,0.010369767748248208,0.20959313879197164,0.002173432170899098
twelve 12,0.010414961960769362,0.2362399697718958,0.0024604302987875984
twenty,0.007411035757978525,0.08333541355025072,0.0006176017297268362
twenty 120,0.012963044992779548,0.04977011480705771,0.0006451722375396926
twice,0.013725295945480455,0.05290292515193786,0.0007261083040919487
two,0.007669936839651788,0.049858548036501936,0.0003824119143567145
unable,0.010140257099291524,0.08229324447940581,0.0008344746565560278
unable to,0.01044117363957065,0.06927864665751943,0.0007233503792656212
unanimous,0.013247873796826097,0.006449719463413505,8.544506947623505e-05
unauthorized,0.004425307089947076,0.09301798744251406,0.0004116331593219655
under,0.01312529098457028,-0.09110495581890146,-0.001195779055259501
under all,0.007500912372361329,0.034268150091206935,0.0002570423909970691
under an,0.013578669788269685,0.10083061619710938,0.001369145641888305
under any,0.010783026025435771,0.049539761167759856,0.000534188533965827
under applicable,0.013484392482351289,0.051222268389971445,0.000690701170806711
under article,0.016420398101214668,0.018108880403070855,0.0002973550253857082
under clause,0.007914090218371736,-0.029388056306591134,-0.0002325797289529507
under common,0.004879576478452771,0.07473807271132196,0.00036469014164705957
under its,0.010880106072273795,0.06320559798851005,0.0006876836104764846
under or,0.004393026001378605,0.017553693378572394,7.711383143229598e-05
under section,0.017066297100092147,0.14151926895065362,0.0024152098892997005
under sections,0.017123210869502265,0.11614351844184508,0.0019887499574056384
under such,0.00925607453014168,0.047486245910527504,0.00043953623130447815
under the,0.010991383530510965,-0.024344494116667368,-0.0002675796716925588
under this,0.011955549759148839,0.006814228754000231,8.146785093867255e-05
underlying,0.0068652284858365525,0.04668799902785617,0.00032052378087274745
underpayment,0.007288344898710119,0.07920140342340312,0.0005772471446116422
understanding,0.008424965304982004,0.013542264193188379,0.0001140931059785122
understanding of,0.00617861266647852,-0.04648934214771062,-0.00028723963825009856
understandings,0.003824665191180024,-0.05046221311303599,-0.00019300106996333693
understood,0.01599374900072207,0.05049897990794721,0.0008076680094402146
understood and,0.0124317844892539,0.021044581077775723,0.00026162169662553836
understood that,0.018884495887142604,0.0162485367290539,0.0003068454250319039
undertake,0.01210296797640444,0.0045095073740716455,5.45784233377488e-05
undertake to,0.007824407676386914,-0.006036851132147883,-4.723478433958293e-05
undertaken,0.01803491832102405,0.04919851863983035,0.0008872912651847197
undertaken by,0.007288344898710119,0.038373901730205905,0.0002796822309189496
undertakes,0.006298500902468313,-0.05567109996845464,-0.0003506444733927152
undertaking,0.005607929926004842,-0.020681051791427877,-0.00011597788924240443
unenforceability,0.005550282432954849,0.02278547427449767,0.00012646581759228907
unenforceable,0.007648964411478743,0.023531299741339693,0.00017999007427734625
unenforceable in,0.010208150246922627,0.03862647685678662,0.0003943048792633575
unenforceable the,0.0060654507656467405,-0.0027033060177303623,-1.6396769555020067e-05
union,0.006298500902468313,0.06519673001856709,0.00041064166285992776
united,0.012509787237936783,0.05581719222149229,0.0006982611989098885
united kingdom,0.01867133991726528,0.05584160603255652,0.0010426376077598742
united nations,0.0068652284858365525,0.016708759988980408,0.00011470945503935434
united states,0.012092555447357219,0.0837430122861881,0.0010126670193994465
units,0.005360576676941627,0.06681899069414593,0.0003581883230918183
unless,0.009765008701676814,0.007284020685524336,7.112852537733905e-05
unless and,0.01141583269567922,0.0736952177390893,0.0008412922761810948
unless expressly,0.012340240616199498,0.049901388858794055,0.0006157951456000555
unless in,0.006298500902468313,0.008007420953003606,5.043474809893689e-05
unless otherwise,0.00921845691045486,0.06645412511214267,0.0006126044888682636
unless such,0.00991131910832287,0.09642480498351526,0.000955697012149421
unless terminated,0.005697612467989664,0.03498118636125267,0.0001993092435569432
unless the,0.009516942470392108,0.05291614090061418,0.0005035998687063079
unpaid,0.009972472891647197,-0.012344473072446339,-0.00012310492307663988
unreasonably,0.011968440927177052,0.13148209768612573,0.0015736357191377184
unreasonably withheld,0.011966687847247559,0.10746804765569241,0.0012860365798487959
unreasonably withhold,0.007288344898710119,0.06948071915125589,0.0005063994449847663
unrelated,0.013247873796826097,0.021307267470364544,0.0002822759904026075
until,0.010363783767495909,0.07810964183385134,0.0008095114381225879
until such,0.009210221938946292,0.026139465593249478,0.00024075027947927807
until the,0.012792818593153463,0.069778841806649,0.0008926680648728136
untrue,0.007035825129555003,-0.03649508774706217,-0.0002567730554760949
up,0.010191715010950913,0.12505853457004742,0.0012745609440250759
up to,0.006752555164122114,0.08678657542090512,0.0005860311380349062
update,0.01103802783064938,0.08040197759535499,0.0008874792663367762
update the,0.012963044992779548,0.05726637748251614,0.0007423466278793543
updated,0.015791777237391544,0.06699989429630529,0.0010580474056560334
updates,0.01353563896395536,0.16952798194769494,0.0022946695579319407
updates and,0.008007945512605858,0.0771364515703736,0.0006177045012113124
upfront,0.008434266890400183,0.0020414901347676137,1.7218472650749092e-05
upon,0.010871277580814919,-0.03214483786796547,-0.0003494554552529435
upon and,0.0075763567325803334,0.015721544071615995,0.00011911202627354627
upon any,0.004194921134415015,0.053816156551597376,0.00022575453249128289
upon by,0.009794242448801282,0.10649211534616787,0.00104300959658608
upon completion,0.006920506601053043,0.028993674007112176,0.00020065091235499984
upon execution,0.006977342049417754,0.026414962689651107,0.00018430622990830376
upon expiration,0.005958300365683749,0.11544648192060232,0.0006878648154444271
upon giving,0.0077385425905899365,0.07346260470642696,0.0005684934953363578
upon mutual,0.007500912372361329,0.012135629588394141,9.102829412597983e-05
upon notice,0.01222179090438941,0.07075483575878665,0.0008647508081183052
upon reasonable,0.009120322888674414,0.010464472675536051,9.543936966059943e-05
upon receipt,0.004377077104146139,0.031791710483622435,0.00013915476805950654
upon request,0.011898667918804628,0.08212022440054606,0.0009771212795598144
upon such,0.005259679403504634,0.04390075883483486,0.000230903917041805
upon termination,0.004001311389636037,0.08880377814537276,0.00035533156893579183
upon the,0.007687274892982715,0.026116263979709894,0.0002007629003897327
upon thirty,0.0068652284858365525,-0.019042737577501804,-0.00013073274446537552
upon written,0.010045077871721417,0.09191151387066214,0.0009232583141386043
url,0.012340240616199498,0.1594171306043581,0.00196724575000188
us,0.013381875304998441,0.05138151156435115,0.0006875809807364824
us dollars,0.019018483497589857,-0.0038209239479541704,-7.266817904971227e-05
us or,0.008556578580126829,0.08510608565017999,0.0007282169095127694
usa,0.015414800130670793,-0.016782898764212625,-0.0002587050300636195
usage,0.012627656225409997,0.08183657252076107,0.0010334041044580053
usage of,0.010880106072273795,0.06294021766567234,0.0006847962444145161
use,0.013249701982075044,0.02908889074328947,0.0003854191333377269
use all,0.005550282432954849,0.09164993887669938,0.0005086830457287303
use and,0.01182647739718371,0.1455447124189651,0.001721281251702494
use as,0.013900512133821133,0.03397413180169889,0.0004722578313455539
use by,0.010370626448400864,0.06123597375990104,0.0006350554090680111
use for,0.006759018437786806,0.017938666984378255,0.00012124778089673008
use good,0.013900512133821133,0.062398539447739744,0.000867371654726023
use in,0.016666134871175124,0.14707141961641187,0.002451112115022311
use its,0.004345552634747737,0.04813115877939037,0.0002091564838472415
use of,0.011470259222189607,0.1055560300241997,0.0012107550268427997
use or,0.009302933526162826,0.12117777127934842,0.0011273087510603413
use sell,0.014085203964171752,0.01598878034081169,0.0002252052322386722
use such,0.008512338347721495,0.06645224103617423,0.0005656639596642579
use to,0.0074275397412975714,0.023400301281698795,0.0001738066677281543
use with,0.02184386422165385,0.039422536540970075,0.0008611405354741377
used,0.010999456649607112,0.06567175251981253,0.0007223535949454045
used as,0.0076561831963671955,0.05145717257793338,0.0003939655400237404
used by,0.010651785972487584,0.05748435171513331,0.0006123110112367996
used for,0.008782668803765659,0.06711214873713979,0.0005894237750673584
used herein,0.011530272168728926,0.025149990877967307,0.0002899862398640128
used in,0.008973498818793054,0.09568826609419194,0.0008586585427685868
used or,0.01111048324533123,0.0298825233499021,0.00033200927500730656
used the,0.007577054427323699,0.031911094130271184,0.00024179209706051458
used to,0.009871932752267425,0.06460695806792402,0.0006377955453751073
useful,0.019810476587505454,0.07520300418382767,0.0014898073536937927
uses,0.010115362455963886,0.14777135281099738,0.0014947607942913564
using,0.007734556150505975,0.10302472261563285,0.0007968505019609151
using the,0.0072277598724167546,0.11997372181186022,0.0008671412522562541
utilize,0.011893612883204566,0.08534437021884643,0.001015052901143852
utilized,0.012652739111361474,0.08680398645249099,0.0010983081944095242
utilizing,0.006340100829744757,0.0986348359401463,0.0006253548051858596
valid,0.008899223748993414,0.031111009211456226,0.0002768638320297441
valid claim,0.015767487264485448,0.017158743213875643,0.0002705502650993603
validation,0.012575917971474929,0.059176697685801694,0.0007442012959194123
validity,0.00768563852076587,0.07614767898096826,0.0005852435348430433
validity of,0.0052110619909154976,0.08304813955248894,0.00043276900343822107
validity or,0.005697612467989664,0.04456134736932435,0.0002538932883618808
validly,0.008227509543674946,0.022378969727643944,0.00018412318701180327
validly existing,0.005360576676941627,0.04717493749781032,0.000252884869686941
valuable,0.00408202315208624,-0.02174394822932499,-8.875930008986921e-05
valuable consideration,0.004393026001378605,-0.048121693787832855,-0.00021139985204032902
value,0.009602923185782737,0.01610577753534357,0.00015466254451920953
value added,0.005334875374044817,0.09407167639044331,0.0005018606697704892
value of,0.009569375302703244,0.025879267121445032,0.00024764841964401615
value to,0.007500912372361329,0.034657435080760204,0.00025996238359158377
variation,0.01624020057699359,0.05290258190591869,0.0008591485411929515
variations,0.007577054427323699,-0.01739811424641574,-0.0001318264585778879
venture,0.008355889810549832,-0.001916188678384633,-1.6011461452805105e-05
venture or,0.009595527596969057,0.01810200622893527,0.00017369830033025414
verify,0.009349668515067149,0.05584447516338134,0.0005221273311755159
verifying,0.007577054427323699,0.040817421317580774,0.0003092758229063121
versa,0.006470308909173226,-0.060980877243744236,-0.0003945651133193972
version,0.018256404276683784,0.035098548794454745,0.000640773296316478
version of,0.016168384965917264,0.04549457044013978,0.00073557372873522
versions,0.014387202513392865,0.09699596669466035,0.0013955006158183879
versions of,0.011532744409268832,0.08887355877199185,0.001024956038059514
vested,0.007356742126528927,0.05816519688554236,0.0004279063542257186
vesting,0.009312531979216915,0.03383222094690107,0.0003150636394959486
vi,0.01235786074435982,-0.001235042478043788,-1.52624829570342e-05
vice,0.004209488165159662,-0.033319905386896706,-0.00014025974739038135
vice versa,0.006470308909173226,-0.05918392809414937,-0.0003829382972274423
video,0.005334875374044817,0.06702443578785332,0.0003575670119438668
view,0.005856554858055854,0.055447062804097794,0.000324728765030267
vii,0.011990228595434577,-0.011090092247167192,-0.00013297274118799138
viii,0.015282606839857592,-0.03926160617055223,-0.0006000196910058766
violate,0.004180458527727395,0.03879129191505484,0.00016216538708785377
violate any,0.004839224633488535,0.024975947419884802,0.00012086421999902094
violating,0.014077363484403126,0.014778404777534773,0.0002080409757729967
violating the,0.007914090218371736,-0.0015838129351629577,-1.2534438457903792e-05
violation,0.0036072711004101823,0.01284910276997231,4.6350197088321536e-05
violation of,0.003848973015264668,0.029639697560583374,0.00011408239609129141
virtue,0.005027524154696555,-0.002285878300007766,-1.1492308367985743e-05
virtue of,0.0050495738276492615,-0.0012173349681266923,-6.147022794534794e-06
void,0.003975109398067259,0.0023058809257840165,9.166128938908075e-06
volume,0.011472665800594585,-0.013921251428413373,-0.00015971386516423663
volume of,0.007577054427323699,0.02242281664790783,0.00016989890215509757
voluntarily,0.0057596950584364705,-0.008206642793188994,-4.726775994228392e-05
voluntary,0.005697612467989664,0.041520202153421774,0.00023656602146278718
vote,0.020609766483982318,-0.013343263474997842,-0.000275001544353956
vote of,0.008434266890400183,-0.06087704404610762,-0.0005134532369835192
voting,0.01424904690013135,0.10467591994922684,0.001491532092670928
voting power,0.011813667018774022,0.043977888488040566,0.0005195401307864865
voting stock,0.02354644445727137,0.07938507094394218,0.0018692361637180817
waived,0.007779921355435577,0.02347574512206704,0.00018263945080993196
waiver,0.00815326913342331,-0.0120510162312115,-9.825517866432003e-05
waiver by,0.005005712861255362,0.02965889675630499,0.00014846392094368084
waiver of,0.007627802142174167,-0.0026321242080225827,-2.0077322672423138e-05
war,0.004441643413967741,0.023694809300579916,0.00010524389367514235
warranties,0.008987546651906871,0.09891580027351791,0.0008890103695689448
warranties and,0.005005712861255362,0.08703266253462721,0.00043566051819888114
warranties each,0.006920506601053043,0.07488371217346983,0.0005182332244078541
warranties of,0.008803513042676918,0.06905274495623907,0.0006079067408548935
warranties or,0.009120322888674414,0.06088312563876389,0.0005552737642972584
warrants,0.004885580033457798,0.04136226802623646,0.0002020786708075107
warrants to,0.007177152031914265,0.049639316586758256,0.0003562689219034875
was,0.013023759518174508,0.059989212532761495,0.000781285077711346
was in,0.007222190611637434,-0.02448178383013795,-0.00017681210933415944
was made,0.0074275397412975714,-0.0114739057704339,-8.522289109780132e-05
was not,0.010664289044768495,0.03421225853849632,0.0003648494139288737
was the,0.01494368569602723,-0.014687855295833408,-0.00021949069308966352
way,0.0061521479316905305,-0.010812245996449154,-6.651853684398387e-05
web,0.010370626448400864,0.10651358789640719,0.0011046126317525505
web site,0.01296651246879226,0.05474969240459527,0.0007099125692267255
weighted,0.02268130469097332,-0.010738477879274679,-0.000243562688697106
weighted average,0.020393034325371415,-0.016325300281204925,-0.00033292240900660764
welfare,0.017458247261075057,0.02711446945795699,0.0004733711121498809
well,0.012533303833018814,0.05543081522313162,0.0006947312489034332
well as,0.012753833523824254,0.08109190023427827,0.0010342325957185502
were,0.006579557856505238,0.07262384346928594,0.0004778327798679469
whatever,0.005071867148328047,-0.020483086022361506,-0.00010388749109319273
when,0.007706793621047115,-0.010044251379832428,-7.740897246228624e-05
when executed,0.007356742126528927,0.026808187136865762,0.00019722091964565126
when such,0.0062177891400181096,0.046205384555702486,0.0002872953383008074
when the,0.008664184090828546,0.016536061584485073,0.00014327148170525665
when used,0.006425965915541734,0.024938729200305505,0.00016025542381808855
whenever,0.0054942364680646396,0.004521630444622335,2.4842906883955363e-05
where,0.012957998029949956,0.04132302698170742,0.0005354637022205337
where applicable,0.011357528220928155,-0.01559737446838199,-0.00017714762069703273
where appropriate,0.007824407676386914,0.005636549366704006,4.410266013317262e-05
where such,0.01573255684797234,0.06814205134890385,0.00107204869658408
where the,0.011590192717920653,-0.005074111099392882,-5.8809925514103736e-05
whereof,0.0028257193780314724,-0.0642927997717556,-0.00018167341018294724
whereof the,0.0032142807851832243,-0.06594063789172368,-0.00021195172533809226
whether,0.010243831479926954,0.03661446138774549,0.0003750723721843572
whether any,0.012700148634890796,0.018405304688568998,0.00023375010521527873
whether by,0.008864005188099064,0.024314808942796598,0.00021552659261658656
whether or,0.006257817461191693,0.07858332065707486,0.000491760076166269
whether such,0.01170794870285247,0.0595485540720396,0.0006971914164044762
whether the,0.005823748850792255,0.023073461688939853,0.0001343740459947626
whether through,0.0062177891400181096,0.05215713421460463,0.0003243020626940356
whether to,0.011813667018774022,0.02553497639834118,0.00030166170850225626
which any,0.005466786724991373,0.01989652725791352,0.00010877007108699064
which approval,0.006658121164349814,0.08112356501084808,0.0005401305251262357
which are,0.005457398885113035,0.09804131818963828,0.0005350505805831443
which at,0.008007945512605858,0.02636223058876293,0.000211107306145565
which cannot,0.007222190611637434,0.03709808080324754,0.0002679294108869813
which case,0.012732951859496338,0.06149295296668933,0.0007829868098231278
which consent,0.0051172066966813775,0.06437710279958743,0.00032943094155899426
which has,0.008823094917641671,-0.014052340982811664,-0.00012398513830641335
which have,0.00925607453014168,0.08076228785756391,0.000747541755634368
which if,0.0077385425905899365,-0.005407564049835935,-4.184666471099839e-05
which is,0.00818413069299675,0.08053090779765211,0.0006590754742416559
which it,0.011673489179086399,0.015925642360033014,0.00018590781375984536
which may,0.005758769933371896,0.07590345665229069,0.00043711054400820865
which no,0.007824407676386914,0.0421080475057363,0.00032947053014154796
which party,0.01111048324533123,0.011330990226558016,0.00012589277706518475
which shall,0.010162236667562517,0.042369583532381044,0.00043056973536211566
which such,0.01244483527290208,0.079304834031789,0.0009869355958704532
which the,0.009498020394526853,0.09630662246119231,0.0009147222642644025
which they,0.0056672731745598705,-0.011725992794076982,-6.645440440695482e-05
which this,0.0054942364680646396,0.07688431832860348,0.00042242062558330387
which together,0.004941659068899578,-0.05650720114379204,-0.00027923932299035254
while,0.008159864427185609,0.04243438651436221,0.00034625884100798895
who,0.009811015713526201,0.07382996929912744,0.0007243469889228963
who are,0.011304405140055995,0.03754240984338398,0.0004243946108036386
who is,0.009120322888674414,0.06952307099744041,0.0006340728557088922
who shall,0.010332380910338494,0.06823138376408383,0.0007049926470899996
whole,0.005876864495345852,0.03147535391904295,0.00018497638992526842
whole or,0.0038006467528302105,0.06461845847429969,0.0002455919343732409
wholly,0.005466786724991373,0.06088123805058899,0.0003328247439759995
wholly or,0.007914090218371736,0.030966405380887737,0.0002450709259230175
whom,0.010150893307379422,0.04745234530971155,0.0004816836944238082
whom it,0.013900512133821133,0.0472610004975752,0.0006569521108730707
whom the,0.006977342049417754,-0.01255288098978375,-8.758574437135492e-05
whose,0.004542540687404734,0.03844756717165372,0.00017464963820896357
wide,0.010396232615272878,0.1470227660026001,0.0015284828751038638
will,0.010432759480812756,-0.1555537645986166,-0.0016228550123923331
will be,0.009431094569558679,-0.07218089311282515,-0.0006807448290622607
will cooperate,0.006425965915541734,0.05524456332361201,0.0003549996809365177
will give,0.006298500902468313,0.03306845372898408,0.00020828168565523788
will immediately,0.006257741435522016,0.015729925880370515,9.843380895928469e-05
will make,0.009569375302703244,0.038689732577868424,0.0003702365713988472
will not,0.006211213117913848,0.04796222832200287,0.00029790362171800333
will provide,0.008258625724413632,0.09090552376156084,0.000750754697028521
will retain,0.0068652284858365525,0.10292873279087582,0.0007066292683669795
willful,0.009755925420379685,-0.006345843023808605,-6.190957126971345e-05
willful misconduct,0.010597097687241605,0.0020855298024924163,2.2100563046665825e-05
willing,0.0062177891400181096,-0.06362956191525376,-0.00039563519906077473
willing to,0.006470308909173226,-0.054969425633368624,-0.00035566916440772016
wind,0.029267757917810545,0.03910316913171558,0.0011444620879662536
wind down,0.03388421139566707,0.04138824482287293,0.0014024080368738496
wire,0.008703224135805775,0.06867216010452175,0.0005976692012795922
wire transfer,0.009076245286739117,0.06424138237856916,0.0005830705440270938
wish,0.009120322888674414,0.03097771087253188,0.0002825267255094907
wish to,0.009349668515067149,0.044877920816835656,0.0004195936832828449
wishes,0.008664184090828546,0.014044134622621161,0.00012168096776676863
wishes to,0.008864005188099064,0.0267852481745303,0.00023742457878355756
with access,0.013247873796826097,0.06760153992427254,0.0008955766693878633
with all,0.007482214981423145,0.08536831071513568,0.0006387440533715742
with an,0.01018668833111882,-0.0026796501564502802,-2.7296760980192788e-05
with and,0.012400000059878865,0.019791696102989843,0.00024541703286217836
with another,0.007914090218371736,0.03529125932089495,0.0002792982101855151
with any,0.010520631726920096,0.041354199980956685,0.0004350723083610513
with applicable,0.01472329785772949,0.06656034676043539,0.0009799878108676502
with appropriate,0.007500912372361329,0.014272319714321823,0.00010705541952745306
with at,0.006658121164349814,0.07168581780249195,0.0004772928606944963
with copies,0.015440061664663862,0.045795075775148755,0.0007070787939062509
with copy,0.010369767748248208,0.06420138526344675,0.0006657534542977479
with counsel,0.01080664159023023,0.048742948762235325,0.0005267475773244333
with each,0.01176424513858524,0.013881070393272545,0.00016330031489241606
with its,0.010242781176707579,0.016462116735659154,0.0001686178594287724
with one,0.016544099473790867,0.04943962363750963,0.0008179340514057416
with or,0.007976083980376029,0.11396022460780837,0.0009089563218943944
with prior,0.011532744409268832,-0.0027877028182313065,-3.214986409166007e-05
with reasonable,0.005235224255677302,0.05383153217489422,0.00028182014296227934
with regulatory,0.025016388526042422,0.04922326788313615,0.0012313883938859997
with respect,0.01401903353018437,0.04237940735983632,0.0005941183327668876
with rule,0.008825981502142751,-0.04788598612973428,-0.00042264082779289907
with section,0.01593602267344961,0.1150223765975109,0.0018329992014119935
with sections,0.008209866391664815,0.07441359207395531,0.000610925648651021
with such,0.010886206388651258,0.10204034421447822,0.001110832247087826
with the,0.013088476092360166,-0.06686115594498389,-0.0008751106410934865
with third,0.009972472891647197,0.17256725648096194,0.0017209222872423219
with this,0.011441748323779376,0.07007474536186445,0.0008017776002833791
with those,0.0068652284858365525,0.015642777268729303,0.00010739124010287691
with written,0.004879576478452771,0.05528658340437761,0.0002697751119540183
withdraw,0.01489186660568811,0.015157908897299757,0.0002257295573197609
withdrawal,0.012806719816563786,-0.006426847605653596,-8.230683658935943e-05
withdrawal of,0.013247873796826097,-0.006786520400191959,-8.990696578132881e-05
withdrawn,0.013725295945480455,0.03903338331780981,0.0005357447377903194
withheld,0.012206248162770291,0.1513528627084236,0.0018474506023647198
withheld or,0.017056794662921846,0.06145571166001486,0.0010482374546486053
withhold,0.01045976664070926,0.1134110816802207,0.0011862534488455256
withholding,0.014615486889319506,0.09009363931181655,0.001316762404172935
withholding taxes,0.01222823167156043,0.08686641780970572,0.0010622226814556446
within,0.012861965385903909,0.014433202045248497,0.00018563934511374368
within fifteen,0.012021722060283258,0.07629470159829475,0.0009171936972869484
within five,0.005334875374044817,0.050596017900967155,0.00026992344992460044
within following,0.0218035342354703,0.018454695941347018,0.0004023775947623545
within forty,0.012014664210652193,0.07788512500342455,0.0009357636239208172
within its,0.01222823167156043,0.04256005973222014,0.0005204342703610381
within ninety,0.015888236990140962,0.05512629763028987,0.0008758596811390915
within one,0.015282316282861056,0.06690017538227336,0.0010223896395707766
within or,0.007914090218371736,0.043680647632240006,0.00034569258615845314
within reasonable,0.014788397481817286,0.0598252405716592,0.0008847194370190382
within sixty,0.01210296797640444,0.0842138788468007,0.0010192378788516322
within such,0.005259679403504634,0.09941603166165684,0.000522896454108981
within ten,0.012492786120520823,0.037645707642936885,0.0004702997739388666
within the,0.012827973894856601,0.03964083906406854,0.000508511648684083
within thirty,0.010381897223453966,0.15169688538108103,0.0015749014731444597
within three,0.00617861266647852,0.018447582605318733,0.00011398046755113114
without,0.011057516415164958,-0.024402769289467663,-0.000269834021993772
without cause,0.006382576608996469,0.06122111027814842,0.0003907484264381034
without charge,0.01624020057699359,-0.006996574403312646,-0.00011362577166165662
without first,0.006759018437786806,0.0436401297034205,0.00029496444129282687
without limitation,0.008370501529669668,0.10819295358858531,0.0009056292835127327
without limiting,0.015890681574094966,0.08893912163920847,0.001413303261448361
without prejudice,0.0054942364680646396,0.07921008133830532,0.0004351989175272834
without reference,0.005958300365683749,-0.01313022079595782,-7.823379937006384e-05
without regard,0.004630656219607212,0.003008575517443961,1.3931678932009863e-05
without such,0.009972472891647197,0.030317513842517917,0.00030234058493664855
without the,0.009400363046051756,0.03765087630484103,0.00035393190626749327
witness,0.002704274136672595,-0.05675408433155511,-0.00015347860240835987
witness whereof,0.002833096077267189,-0.06658293008824,-0.00018863583804594821
word,0.010147689079987877,0.04286272258353427,0.00043495758189948045
work,0.005549727931400021,0.06286981540452574,0.00034891037059245984
work performed,0.0074275397412975714,0.01367742308012839,0.00010158960348619425
working,0.016794975729318116,-0.059095274473174426,-0.000992503700494357
working group,0.03815525566663988,0.026016344328028386,0.0009926602693472594
world,0.012539079829966994,0.10924188688543403,0.0013697927404326816
worldwide,0.013484392482351289,0.1710931564423897,0.002307087272513513
worldwide non,0.009717390122743402,0.042903426909635174,0.00041690933688353233
would,0.011623415808964449,0.02894566269257684,0.0003364474733418501
would be,0.008452912619281213,0.04621503142282913,0.00039065162231451014
would constitute,0.006470308909173226,0.026287150740413465,0.0001700859856324768
would have,0.005334875374044817,0.04071550290105286,0.0002172121337686772
would materially,0.014280455205571167,0.015586495961993938,0.0002225822573970703
would reasonably,0.007222190611637434,-0.011129820050698644,-8.038168187936981e-05
would result,0.00656203038512981,-0.004625038465782808,-3.0349642944860943e-05
writ,0.011912687481018865,0.026004803532765162,0.0003097870974911267
writ injunction,0.008106380888247012,-0.011134742522471203,-9.02624639797119e-05
writing,0.009178587287781847,-0.02676916496355684,-0.00024570311723903803
writing and,0.005930089411064456,0.009745249412056223,5.779020034661673e-05
writing by,0.006435054333858783,0.0688367844130496,0.0004429684478660976
writing from,0.007356742126528927,0.007055628985193993,5.190644298453519e-05
writing in,0.0057596950584364705,0.040813981188876795,0.00023507608576869274
writing of,0.004667009004801561,0.10437175107340921,0.00048710390210650773
writing signed,0.004819347379172931,-0.03034072985063936,-0.00014622251688787272
writing that,0.006658121164349814,0.027089698000968995,0.0001803664915960965
writing to,0.00449146137701976,0.023451290175263317,0.00010533056406347813
writing within,0.01052763215173791,-0.02449394162361635,-0.000257863207359575
written,0.010920344701572715,-0.05379429897949675,-0.0005874522878355658
written agreement,0.007492696222455828,0.08380906763774343,0.0006279558844968652
written approval,0.004253831158791154,0.1528235419759405,0.0006500855446540836
written consent,0.009255632241680413,0.0553584299739548,0.0005123772693157435
written notice,0.009416879846993863,0.06357600049724697,0.0005986875578349968
written report,0.01574150688086015,0.02805607742343922,0.00044164493581101363
written request,0.011692983498809255,0.09463631662222685,0.0011065808886517865
xi,0.010880106072273795,-0.03299100125743774,-0.0003589455931114407
xii,0.011813667018774022,0.022461641522339898,0.00026535435363999195
xiii,0.01222823167156043,-0.0027590164065128173,-3.373789180447488e-05
xiv,0.015587526175657836,0.0012857525661704157,2.0041701780600588e-05
xv,0.008007945512605858,-0.0017552533115196207,-1.4055972879470119e-05
xviii,0.008825981502142751,0.00221418129877708,1.954232318539692e-05
year,0.011784951106441685,0.11538591624686416,0.0013598173813412695
year and,0.012652739111361474,0.041720404661863116,0.000527877395806983
year during,0.006658121164349814,0.028160102076481012,0.00018749337162566937
year in,0.006425965915541734,0.07496506748764092,0.0004817229685318664
year means,0.012829068340572373,-0.009022981723816654,-0.00011575644917057936
year period,0.00617861266647852,0.01547125650509052,9.559090140869049e-05
year shall,0.007222190611637434,0.0467715598245398,0.00033779312025642995
year the,0.007035825129555003,0.04891515833241035,0.00034415850021133455
years,0.008226877467260137,0.12292927120403546,0.0010113240513351899
years after,0.00925607453014168,0.0688332848647223,0.0006371260148623429
years following,0.006920506601053043,0.07870842836891127,0.0005447021980855611
years from,0.009120322888674414,0.07185817287913987,0.0006553697388479424
yet,0.006340100829744757,0.024361894685252978,0.00015445686870812678
york,0.007005705533219557,-0.04016231576941862,-0.00028136535781272715
york ny,0.006609503751760677,0.023861687554505625,0.00015771391341484598
